2025-12-17 11:15:50,220 [INFO] Activator:176 - 


2025-12-17 11:15:50,225 [INFO] Activator:177 - !SESSION log4j initialized
2025-12-17 11:15:55,098 [INFO] LogOutputStream:77 - [STDOUT_REDIRECT] 
2025-12-17 11:15:55,975 [INFO] ApplicationProperties:184 - Using Application install path: C:\ST\STM32CubeIDE_1.19.0\STM32CubeIDE\plugins\com.st.stm32cube.common.mx_6.15.0.202507011659
2025-12-17 11:15:55,992 [INFO] DbMcusXml:78 - Set database path to: C:\ST\STM32CubeIDE_1.19.0\STM32CubeIDE\plugins\com.st.stm32cube.common.mx_6.15.0.202507011659\\db\/mcu/
2025-12-17 11:15:55,992 [INFO] ApiDb:274 - Set plugin database path to: C:\ST\STM32CubeIDE_1.19.0\STM32CubeIDE\plugins\com.st.stm32cube.common.mx_6.15.0.202507011659\\db\/plugins/boardmanager/
2025-12-17 11:15:55,993 [WARN] ApiDb:259 - Overriding images path with different value:  => C:\ST\STM32CubeIDE_1.19.0\STM32CubeIDE\plugins\com.st.stm32cube.common.mx_6.15.0.202507011659\\db\/plugins/mcufinder/images/
2025-12-17 11:15:56,001 [INFO] ApiDb:250 - Set database path to: C:\Users\brajo\.stmcufinder\plugins\mcufinder//mcu/
2025-12-17 11:15:56,002 [INFO] DbMcusAds:125 - Set database path to: C:\Users\brajo\.stmcufinder\plugins\mcufinder//mcu/
2025-12-17 11:15:56,005 [INFO] CrossReferenceDbSqlite:203 - Set database path to: C:\Users\brajo\.stmcufinder\plugins\mcufinder//mcu/cs/
2025-12-17 11:15:56,106 [INFO] RulesReader:64 - Compatibility file has been processed (317 Rules)
2025-12-17 11:15:56,180 [INFO] DbMcusXml:78 - Set database path to: C:\ST\STM32CubeIDE_1.19.0\STM32CubeIDE\plugins\com.st.stm32cube.common.mx_6.15.0.202507011659\\db\/mcu/
2025-12-17 11:15:56,180 [INFO] ApiDb:274 - Set plugin database path to: C:\ST\STM32CubeIDE_1.19.0\STM32CubeIDE\plugins\com.st.stm32cube.common.mx_6.15.0.202507011659\\db\/plugins/boardmanager/
2025-12-17 11:15:56,181 [INFO] ApiDb:261 - Set plugin images path to: C:\ST\STM32CubeIDE_1.19.0\STM32CubeIDE\plugins\com.st.stm32cube.common.mx_6.15.0.202507011659\\db\/plugins/mcufinder/images/
2025-12-17 11:15:56,181 [WARN] DbFile:41 - Overriding database path with different value: C:\Users\brajo\.stmcufinder\plugins\mcufinder/ => C:\Users\brajo\.stmcufinder\plugins\mcufinder
2025-12-17 11:15:56,181 [INFO] ApiDb:250 - Set database path to: C:\Users\brajo\.stmcufinder\plugins\mcufinder//mcu/
2025-12-17 11:15:56,181 [WARN] DbFile:41 - Overriding database path with different value: C:\Users\brajo\.stmcufinder\plugins\mcufinder/ => C:\Users\brajo\.stmcufinder\plugins\mcufinder
2025-12-17 11:15:56,181 [INFO] DbMcusAds:125 - Set database path to: C:\Users\brajo\.stmcufinder\plugins\mcufinder//mcu/
2025-12-17 11:15:56,181 [WARN] DbFile:41 - Overriding database path with different value: C:\Users\brajo\.stmcufinder\plugins\mcufinder/ => C:\Users\brajo\.stmcufinder\plugins\mcufinder
2025-12-17 11:15:56,181 [WARN] DbFile:41 - Overriding database path with different value: C:\Users\brajo\.stmcufinder\plugins\mcufinder/ => C:\Users\brajo\.stmcufinder\plugins\mcufinder
2025-12-17 11:15:56,181 [INFO] CrossReferenceDbSqlite:203 - Set database path to: C:\Users\brajo\.stmcufinder\plugins\mcufinder//mcu/cs/
2025-12-17 11:15:56,251 [INFO] MainPanel:274 - HeapMemory: 268435456
2025-12-17 11:15:56,361 [INFO] DbMcusXml:78 - Set database path to: C:\ST\STM32CubeIDE_1.19.0\STM32CubeIDE\plugins\com.st.stm32cube.common.mx_6.15.0.202507011659\\db\/mcu/
2025-12-17 11:15:56,361 [INFO] ApiDb:274 - Set plugin database path to: C:\ST\STM32CubeIDE_1.19.0\STM32CubeIDE\plugins\com.st.stm32cube.common.mx_6.15.0.202507011659\\db\/plugins/boardmanager/
2025-12-17 11:15:56,362 [INFO] ApiDb:261 - Set plugin images path to: C:\ST\STM32CubeIDE_1.19.0\STM32CubeIDE\plugins\com.st.stm32cube.common.mx_6.15.0.202507011659\\db\/plugins/mcufinder/images/
2025-12-17 11:15:56,362 [WARN] DbFile:41 - Overriding database path with different value: C:\Users\brajo\.stmcufinder\plugins\mcufinder/ => C:\Users\brajo\.stmcufinder\plugins\mcufinder
2025-12-17 11:15:56,362 [INFO] ApiDb:250 - Set database path to: C:\Users\brajo\.stmcufinder\plugins\mcufinder//mcu/
2025-12-17 11:15:56,362 [WARN] DbFile:41 - Overriding database path with different value: C:\Users\brajo\.stmcufinder\plugins\mcufinder/ => C:\Users\brajo\.stmcufinder\plugins\mcufinder
2025-12-17 11:15:56,362 [INFO] DbMcusAds:125 - Set database path to: C:\Users\brajo\.stmcufinder\plugins\mcufinder//mcu/
2025-12-17 11:15:56,362 [WARN] DbFile:41 - Overriding database path with different value: C:\Users\brajo\.stmcufinder\plugins\mcufinder/ => C:\Users\brajo\.stmcufinder\plugins\mcufinder
2025-12-17 11:15:56,362 [WARN] DbFile:41 - Overriding database path with different value: C:\Users\brajo\.stmcufinder\plugins\mcufinder/ => C:\Users\brajo\.stmcufinder\plugins\mcufinder
2025-12-17 11:15:56,362 [INFO] CrossReferenceDbSqlite:203 - Set database path to: C:\Users\brajo\.stmcufinder\plugins\mcufinder//mcu/cs/
2025-12-17 11:15:56,380 [INFO] ApplicationProperties:184 - Using Application install path: C:\ST\STM32CubeIDE_1.19.0\STM32CubeIDE\plugins\com.st.stm32cube.common.mx_6.15.0.202507011659
2025-12-17 11:15:56,381 [INFO] PluginManage:196 - Search for loadable plugins [exclusion list=, ]
2025-12-17 11:15:56,382 [INFO] PluginManage:310 - Check plugin analytics
2025-12-17 11:15:56,566 [INFO] AnalyticsPlugin:253 - Accepted Software Licenses: 
2025-12-17 11:15:56,566 [INFO] AnalyticsPlugin:255 - Accepted CMSIS Pack Licenses: 
2025-12-17 11:15:56,567 [INFO] AnalyticsPlugin:257 - Accepted Firmware Licenses: 
2025-12-17 11:15:56,569 [INFO] PluginManage:359 - Loaded plugin analytics (category:tool,tabindex:-1)
2025-12-17 11:15:56,570 [INFO] PluginManage:310 - Check plugin cadmodel
2025-12-17 11:15:56,578 [INFO] CADModel:105 - Init CAD model plugin
2025-12-17 11:15:56,578 [INFO] PluginManage:359 - Loaded plugin cadmodel (category:power,tabindex:5)
2025-12-17 11:15:56,578 [INFO] PluginManage:310 - Check plugin clock
2025-12-17 11:15:56,589 [INFO] PluginManage:359 - Loaded plugin clock (category:base,tabindex:2)
2025-12-17 11:15:56,589 [INFO] PluginManage:310 - Check plugin ddr
2025-12-17 11:15:56,591 [INFO] PluginManage:359 - Loaded plugin ddr (category:tool,tabindex:6)
2025-12-17 11:15:56,593 [INFO] PluginManage:310 - Check plugin filemanager
2025-12-17 11:15:56,746 [INFO] PluginManage:359 - Loaded plugin filemanager (category:base,tabindex:10)
2025-12-17 11:15:56,746 [INFO] PluginManage:310 - Check plugin ipmanager
2025-12-17 11:15:56,753 [INFO] PluginManage:359 - Loaded plugin ipmanager (category:base,tabindex:5)
2025-12-17 11:15:56,754 [INFO] PluginManage:310 - Check plugin lpbam
2025-12-17 11:15:56,763 [INFO] PluginManage:359 - Loaded plugin lpbam (category:base,tabindex:0)
2025-12-17 11:15:56,763 [INFO] PluginManage:310 - Check plugin memorymap
2025-12-17 11:15:56,778 [INFO] PluginManage:359 - Loaded plugin memorymap (category:base,tabindex:4)
2025-12-17 11:15:56,778 [INFO] PluginManage:310 - Check plugin pinoutandconfiguration
2025-12-17 11:15:56,788 [INFO] PluginManage:359 - Loaded plugin pinoutandconfiguration (category:base,tabindex:1)
2025-12-17 11:15:56,788 [INFO] PluginManage:310 - Check plugin pinoutconfig
2025-12-17 11:15:56,869 [WARN] SupportedApi:132 - Cannot load RTOS API schema: s4s-elt-must-match.1: The content of 'definitions' must match (annotation?, (simpleType | complexType)?, (unique | key | keyref)*)). A problem was found starting at: attribute.
2025-12-17 11:15:56,999 [INFO] PluginManage:359 - Loaded plugin pinoutconfig (category:base,tabindex:0)
2025-12-17 11:15:56,999 [INFO] PluginManage:310 - Check plugin power
2025-12-17 11:15:57,010 [INFO] PluginManage:359 - Loaded plugin power (category:power,tabindex:4)
2025-12-17 11:15:57,010 [INFO] PluginManage:310 - Check plugin projectmanager
2025-12-17 11:15:57,025 [INFO] PluginManage:359 - Loaded plugin projectmanager (category:projectmanager,tabindex:4)
2025-12-17 11:15:57,025 [INFO] PluginManage:310 - Check plugin rif
2025-12-17 11:15:57,040 [INFO] PluginManage:359 - Loaded plugin rif (category:base,tabindex:3)
2025-12-17 11:15:57,040 [INFO] PluginManage:310 - Check plugin thirdparty
2025-12-17 11:15:57,175 [INFO] PluginManage:359 - Loaded plugin thirdparty (category:base,tabindex:-1)
2025-12-17 11:15:57,175 [WARN] IntegrityCheckThread:84 - waiting for thirdparty lock release [integrity check]
2025-12-17 11:15:57,176 [INFO] PluginManage:310 - Check plugin tools
2025-12-17 11:15:57,176 [INFO] IntegrityCheckThread:86 - entering critical section [integrity check]
2025-12-17 11:15:57,176 [INFO] ThirdPartyUpdaterWithRetryManager:70 - Updater plugin not ready yet. [1/15]
2025-12-17 11:15:57,179 [INFO] PluginManage:359 - Loaded plugin tools (category:base,tabindex:7)
2025-12-17 11:15:57,179 [INFO] PluginManage:310 - Check plugin tutovideos
2025-12-17 11:15:57,384 [INFO] PluginManage:359 - Loaded plugin tutovideos (category:base,tabindex:-1)
2025-12-17 11:15:57,385 [INFO] PluginManage:310 - Check plugin updater
2025-12-17 11:15:57,407 [INFO] PluginManage:359 - Loaded plugin updater (category:base,tabindex:12)
2025-12-17 11:15:57,407 [INFO] PluginManage:310 - Check plugin userauth
2025-12-17 11:15:57,411 [INFO] UserAuth:118 - Init User Auth plugin
2025-12-17 11:15:57,412 [INFO] PluginManage:359 - Loaded plugin userauth (category:base,tabindex:14)
2025-12-17 11:15:57,412 [INFO] PluginManage:283 - PluginManage : Loaded plugins [18]
2025-12-17 11:15:57,618 [INFO] PinOutPanel:1589 - setPackage(No Configuration,No Configuration)
2025-12-17 11:15:57,696 [INFO] CADModel:165 - CPN selected for project level
2025-12-17 11:15:57,696 [INFO] CADModel:114 - Register for checkConnection events
2025-12-17 11:15:57,714 [INFO] IPUIPlugin:80 - create IPUIPlugin
2025-12-17 11:15:57,714 [INFO] PluginManager:220 - loadIPPluginJar : add adc
2025-12-17 11:15:57,718 [INFO] IPUIPlugin:80 - create IPUIPlugin
2025-12-17 11:15:57,719 [INFO] PluginManager:220 - loadIPPluginJar : add aes
2025-12-17 11:15:57,722 [INFO] IPUIPlugin:80 - create IPUIPlugin
2025-12-17 11:15:57,722 [INFO] PluginManager:220 - loadIPPluginJar : add can
2025-12-17 11:15:57,724 [INFO] IPUIPlugin:80 - create IPUIPlugin
2025-12-17 11:15:57,724 [INFO] PluginManager:220 - loadIPPluginJar : add comp
2025-12-17 11:15:57,727 [INFO] IPUIPlugin:80 - create IPUIPlugin
2025-12-17 11:15:57,727 [INFO] PluginManager:220 - loadIPPluginJar : add cryp
2025-12-17 11:15:57,731 [INFO] IPUIPlugin:80 - create IPUIPlugin
2025-12-17 11:15:57,731 [INFO] PluginManager:220 - loadIPPluginJar : add ddr_ctrl_phy
2025-12-17 11:15:57,734 [INFO] IPUIPlugin:80 - create IPUIPlugin
2025-12-17 11:15:57,734 [INFO] PluginManager:220 - loadIPPluginJar : add dfsdm
2025-12-17 11:15:57,739 [INFO] IPUIPlugin:80 - create IPUIPlugin
2025-12-17 11:15:57,740 [INFO] PluginManager:220 - loadIPPluginJar : add dma
2025-12-17 11:15:57,742 [INFO] IPUIPlugin:80 - create IPUIPlugin
2025-12-17 11:15:57,742 [INFO] PluginManager:220 - loadIPPluginJar : add dma3
2025-12-17 11:15:57,744 [INFO] IPUIPlugin:80 - create IPUIPlugin
2025-12-17 11:15:57,744 [INFO] PluginManager:220 - loadIPPluginJar : add extmemmanager
2025-12-17 11:15:57,746 [INFO] IPUIPlugin:80 - create IPUIPlugin
2025-12-17 11:15:57,746 [INFO] PluginManager:220 - loadIPPluginJar : add fatfs
2025-12-17 11:15:57,750 [INFO] IPUIPlugin:80 - create IPUIPlugin
2025-12-17 11:15:57,750 [INFO] PluginManager:220 - loadIPPluginJar : add fmc
2025-12-17 11:15:57,756 [INFO] IPUIPlugin:80 - create IPUIPlugin
2025-12-17 11:15:57,757 [INFO] PluginManager:220 - loadIPPluginJar : add freertos
2025-12-17 11:15:57,758 [INFO] IPUIPlugin:80 - create IPUIPlugin
2025-12-17 11:15:57,758 [INFO] PluginManager:220 - loadIPPluginJar : add genericplugin
2025-12-17 11:15:57,760 [INFO] IPUIPlugin:80 - create IPUIPlugin
2025-12-17 11:15:57,760 [INFO] PluginManager:220 - loadIPPluginJar : add gfxmmu
2025-12-17 11:15:57,765 [INFO] IPUIPlugin:80 - create IPUIPlugin
2025-12-17 11:15:57,765 [INFO] PluginManager:220 - loadIPPluginJar : add gic
2025-12-17 11:15:57,769 [INFO] IPUIPlugin:80 - create IPUIPlugin
2025-12-17 11:15:57,769 [INFO] PluginManager:220 - loadIPPluginJar : add gpio
2025-12-17 11:15:57,771 [INFO] IPUIPlugin:80 - create IPUIPlugin
2025-12-17 11:15:57,772 [INFO] PluginManager:220 - loadIPPluginJar : add gtzc
2025-12-17 11:15:57,774 [INFO] IPUIPlugin:80 - create IPUIPlugin
2025-12-17 11:15:57,774 [INFO] PluginManager:220 - loadIPPluginJar : add hash
2025-12-17 11:15:57,776 [INFO] IPUIPlugin:80 - create IPUIPlugin
2025-12-17 11:15:57,776 [INFO] PluginManager:220 - loadIPPluginJar : add i2c
2025-12-17 11:15:57,779 [INFO] IPUIPlugin:80 - create IPUIPlugin
2025-12-17 11:15:57,779 [INFO] PluginManager:220 - loadIPPluginJar : add i2s
2025-12-17 11:15:57,781 [INFO] IPUIPlugin:80 - create IPUIPlugin
2025-12-17 11:15:57,781 [INFO] PluginManager:220 - loadIPPluginJar : add i3c
2025-12-17 11:15:57,784 [INFO] IPUIPlugin:80 - create IPUIPlugin
2025-12-17 11:15:57,784 [INFO] PluginManager:220 - loadIPPluginJar : add ipddr
2025-12-17 11:15:57,790 [INFO] IPUIPlugin:80 - create IPUIPlugin
2025-12-17 11:15:57,790 [INFO] PluginManager:220 - loadIPPluginJar : add linkedlist
2025-12-17 11:15:57,793 [INFO] IPUIPlugin:80 - create IPUIPlugin
2025-12-17 11:15:57,793 [INFO] PluginManager:220 - loadIPPluginJar : add lorawan
2025-12-17 11:15:57,794 [INFO] IPUIPlugin:80 - create IPUIPlugin
2025-12-17 11:15:57,794 [INFO] PluginManager:220 - loadIPPluginJar : add ltdc
2025-12-17 11:15:57,799 [INFO] IPUIPlugin:80 - create IPUIPlugin
2025-12-17 11:15:57,799 [INFO] PluginManager:220 - loadIPPluginJar : add mdma
2025-12-17 11:15:57,802 [INFO] IPUIPlugin:80 - create IPUIPlugin
2025-12-17 11:15:57,803 [INFO] PluginManager:220 - loadIPPluginJar : add nvic
2025-12-17 11:15:57,805 [INFO] IPUIPlugin:80 - create IPUIPlugin
2025-12-17 11:15:57,805 [INFO] PluginManager:220 - loadIPPluginJar : add opamp
2025-12-17 11:15:57,807 [INFO] IPUIPlugin:80 - create IPUIPlugin
2025-12-17 11:15:57,808 [INFO] PluginManager:220 - loadIPPluginJar : add openamp
2025-12-17 11:15:57,810 [INFO] IPUIPlugin:80 - create IPUIPlugin
2025-12-17 11:15:57,810 [INFO] PluginManager:220 - loadIPPluginJar : add pdm2pcm
2025-12-17 11:15:57,816 [INFO] IPUIPlugin:80 - create IPUIPlugin
2025-12-17 11:15:57,817 [INFO] PluginManager:220 - loadIPPluginJar : add plateformsettings
2025-12-17 11:15:57,819 [INFO] IPUIPlugin:80 - create IPUIPlugin
2025-12-17 11:15:57,819 [INFO] PluginManager:220 - loadIPPluginJar : add quadspi
2025-12-17 11:15:57,821 [INFO] IPUIPlugin:80 - create IPUIPlugin
2025-12-17 11:15:57,821 [INFO] PluginManager:220 - loadIPPluginJar : add radio
2025-12-17 11:15:57,824 [INFO] IPUIPlugin:80 - create IPUIPlugin
2025-12-17 11:15:57,824 [INFO] PluginManager:220 - loadIPPluginJar : add resmgrutility
2025-12-17 11:15:57,827 [INFO] IPUIPlugin:80 - create IPUIPlugin
2025-12-17 11:15:57,827 [INFO] PluginManager:220 - loadIPPluginJar : add sai
2025-12-17 11:15:57,829 [INFO] IPUIPlugin:80 - create IPUIPlugin
2025-12-17 11:15:57,829 [INFO] PluginManager:220 - loadIPPluginJar : add spi
2025-12-17 11:15:57,833 [INFO] IPUIPlugin:80 - create IPUIPlugin
2025-12-17 11:15:57,833 [INFO] PluginManager:220 - loadIPPluginJar : add stm32_wpan
2025-12-17 11:15:57,835 [INFO] IPUIPlugin:80 - create IPUIPlugin
2025-12-17 11:15:57,835 [INFO] PluginManager:220 - loadIPPluginJar : add tim
2025-12-17 11:15:57,838 [INFO] IPUIPlugin:80 - create IPUIPlugin
2025-12-17 11:15:57,838 [INFO] PluginManager:220 - loadIPPluginJar : add touchsensing
2025-12-17 11:15:57,840 [INFO] IPUIPlugin:80 - create IPUIPlugin
2025-12-17 11:15:57,840 [INFO] PluginManager:220 - loadIPPluginJar : add tracer_emb
2025-12-17 11:15:57,843 [INFO] IPUIPlugin:80 - create IPUIPlugin
2025-12-17 11:15:57,843 [INFO] PluginManager:220 - loadIPPluginJar : add ts
2025-12-17 11:15:57,845 [INFO] IPUIPlugin:80 - create IPUIPlugin
2025-12-17 11:15:57,845 [INFO] PluginManager:220 - loadIPPluginJar : add tsc
2025-12-17 11:15:57,847 [INFO] IPUIPlugin:80 - create IPUIPlugin
2025-12-17 11:15:57,847 [INFO] PluginManager:220 - loadIPPluginJar : add ucpd
2025-12-17 11:15:57,849 [INFO] IPUIPlugin:80 - create IPUIPlugin
2025-12-17 11:15:57,849 [INFO] PluginManager:220 - loadIPPluginJar : add usart
2025-12-17 11:15:57,852 [INFO] IPUIPlugin:80 - create IPUIPlugin
2025-12-17 11:15:57,852 [INFO] PluginManager:220 - loadIPPluginJar : add usbx
2025-12-17 11:15:57,973 [FATAL] Updater:351 - Updater called before beeing initialized
2025-12-17 11:15:57,997 [INFO] RulesReader:64 - Compatibility file has been processed (317 Rules)
2025-12-17 11:15:58,006 [INFO] RulesReader:64 - Compatibility file has been processed (317 Rules)
2025-12-17 11:15:58,014 [INFO] CADModel:165 - CPN selected for project level
2025-12-17 11:15:58,014 [INFO] CADModel:114 - Register for checkConnection events
2025-12-17 11:15:58,014 [FATAL] Updater:351 - Updater called before beeing initialized
2025-12-17 11:15:58,014 [ERROR] CADModel:125 - Updater not yet initialized, retry later 
2025-12-17 11:15:58,161 [FATAL] Updater:351 - Updater called before beeing initialized
2025-12-17 11:15:58,163 [INFO] CADModel:165 - CPN selected for project level
2025-12-17 11:15:58,163 [INFO] CADModel:114 - Register for checkConnection events
2025-12-17 11:15:58,163 [FATAL] Updater:351 - Updater called before beeing initialized
2025-12-17 11:15:58,163 [ERROR] CADModel:125 - Updater not yet initialized, retry later 
2025-12-17 11:15:58,165 [FATAL] Updater:351 - Updater called before beeing initialized
2025-12-17 11:15:58,248 [FATAL] Updater:351 - Updater called before beeing initialized
2025-12-17 11:15:58,251 [INFO] DbMcusAds:53 - JSON generation date=Tue Dec 16 04:41:46 IST 2025 (1765840306612)
2025-12-17 11:15:58,251 [FATAL] Updater:351 - Updater called before beeing initialized
2025-12-17 11:15:58,285 [WARN] DetailPanel:346 - Failed to get advertising image, set to default
2025-12-17 11:15:58,364 [FATAL] Updater:351 - Updater called before beeing initialized
2025-12-17 11:15:58,366 [FATAL] Updater:351 - Updater called before beeing initialized
2025-12-17 11:15:58,366 [FATAL] Updater:351 - Updater called before beeing initialized
2025-12-17 11:15:58,366 [WARN] DetailPanel:346 - Failed to get advertising image, set to default
2025-12-17 11:15:58,366 [FATAL] Updater:351 - Updater called before beeing initialized
2025-12-17 11:15:58,411 [ERROR] Updater:1198 - MainUpdater not yet initialized. External WinMGr cannot be set.
2025-12-17 11:15:58,413 [INFO] Updater:1134 - Updater Version found : 6.15.0
2025-12-17 11:15:58,429 [INFO] ApplicationProperties:184 - Using Application install path: C:\ST\STM32CubeIDE_1.19.0\STM32CubeIDE\plugins\com.st.stm32cube.common.mx_6.15.0.202507011659
2025-12-17 11:16:00,000 [ERROR] LogOutputStream:75 - [STDERR_REDIRECT] Dec 17, 2025 11:15:59 AM java.util.prefs.WindowsPreferences <init>
2025-12-17 11:16:00,001 [ERROR] LogOutputStream:75 - [STDERR_REDIRECT] WARNING: Could not open/create prefs root node Software\JavaSoft\Prefs at root 0xffffffff80000002. Windows RegCreateKeyEx(...) returned error code 5.
2025-12-17 11:16:00,002 [ERROR] LogOutputStream:75 - [STDERR_REDIRECT] 
2025-12-17 11:16:00,178 [INFO] ThirdPartyUpdaterWithRetryManager:70 - Updater plugin not ready yet. [2/15]
2025-12-17 11:16:00,317 [INFO] MainUpdater:2872 - connection check result : 10
2025-12-17 11:16:00,318 [INFO] MainUpdater:289 - Updater Check For Update Now.
2025-12-17 11:16:00,318 [INFO] MicroXplorer:498 - Change Database Version : DB.6.0.150
2025-12-17 11:16:00,327 [INFO] McuFinderGlobals:63 - Set McuFinder mode to 2 (CubeIDE integrated)
2025-12-17 11:16:00,327 [INFO] UserAuth:171 - activating auth plugin
2025-12-17 11:16:00,330 [INFO] UserAuth:487 - Internet connection configuration mode: 1
2025-12-17 11:16:00,361 [INFO] JxBrowserEngine:152 - Initiate JxBrowser Engine with user profile folder
2025-12-17 11:16:00,495 [INFO] CheckServerUpdateThread:120 - End of CheckServer Thread
2025-12-17 11:16:01,146 [INFO] WebApp:169 - Instantiating new browser for Auth
2025-12-17 11:16:01,767 [INFO] WebApp:463 - Apply proxy settings
2025-12-17 11:16:01,768 [INFO] WebApp:548 - Chromium requires no authentication
2025-12-17 11:16:01,778 [INFO] WebApp:491 - Direct internet connection detected
2025-12-17 11:16:01,801 [INFO] WebApp:900 - Register for checkConnection events
2025-12-17 11:16:01,802 [INFO] WebApp:463 - Apply proxy settings
2025-12-17 11:16:01,802 [INFO] WebApp:548 - Chromium requires no authentication
2025-12-17 11:16:01,802 [INFO] WebApp:491 - Direct internet connection detected
2025-12-17 11:16:01,967 [INFO] WebApp:225 - Starting web application
2025-12-17 11:16:01,967 [INFO] WebApp:593 - Web application path used C:\ST\STM32CubeIDE_1.19.0\STM32CubeIDE\plugins\com.st.stm32cube.common.mx_6.15.0.202507011659\db\plugins\mcufinder\reactClient1\index.html
2025-12-17 11:16:02,119 [INFO] WebApp:191 - Connection restablished
2025-12-17 11:16:02,341 [ERROR] LogOutputStream:75 - [STDERR_REDIRECT] [Fatal Error] :1:1: Premature end of file.
2025-12-17 11:16:02,342 [ERROR] LogOutputStream:75 - [STDERR_REDIRECT] 
2025-12-17 11:16:03,138 [ERROR] LogOutputStream:75 - [STDERR_REDIRECT] [Fatal Error] :1:1: Premature end of file.
2025-12-17 11:16:03,138 [ERROR] LogOutputStream:75 - [STDERR_REDIRECT] 
2025-12-17 11:16:03,391 [WARN] PackLoader:240 - Cannot read IP mode file for STMicroelectronics.FP-SNS-MOTENVWB1.1.4.0
2025-12-17 11:16:03,401 [WARN] PackLoader:240 - Cannot read IP mode file for STMicroelectronics.FP-ATR-ASTRA1.2.0.2
2025-12-17 11:16:03,410 [WARN] PackLoader:240 - Cannot read IP mode file for STMicroelectronics.X-CUBE-SMBUS.2.1.0
2025-12-17 11:16:03,434 [WARN] PackLoader:240 - Cannot read IP mode file for STMicroelectronics.X-CUBE-AZRTOS-F7.1.1.0
2025-12-17 11:16:03,443 [WARN] PackLoader:240 - Cannot read IP mode file for STMicroelectronics.FP-SNS-MOTENV1.5.1.0
2025-12-17 11:16:03,452 [WARN] PackLoader:240 - Cannot read IP mode file for WES.I-CUBE-Cesium.1.4.0
2025-12-17 11:16:03,493 [WARN] PackLoader:240 - Cannot read IP mode file for STMicroelectronics.X-CUBE-AZRTOS-H7.3.4.0
2025-12-17 11:16:03,504 [WARN] PackLoader:240 - Cannot read IP mode file for STMicroelectronics.X-CUBE-DISPLAY.3.0.0
2025-12-17 11:16:03,517 [WARN] PackLoader:240 - Cannot read IP mode file for STMicroelectronics.X-CUBE-NFC10.1.0.0
2025-12-17 11:16:03,524 [WARN] PackLoader:240 - Cannot read IP mode file for STMicroelectronics.X-CUBE-ST60.1.1.0
2025-12-17 11:16:03,530 [WARN] PackLoader:240 - Cannot read IP mode file for emotas.I-CUBE-CANOPEN.1.3.0
2025-12-17 11:16:03,536 [WARN] PackLoader:240 - Cannot read IP mode file for STMicroelectronics.X-CUBE-GNSS1.7.1.0
2025-12-17 11:16:03,545 [WARN] PackLoader:240 - Cannot read IP mode file for STMicroelectronics.FP-SNS-STBOX1.2.1.0
2025-12-17 11:16:03,552 [WARN] PackLoader:240 - Cannot read IP mode file for STMicroelectronics.FP-SNS-SMARTAG2.1.2.0
2025-12-17 11:16:03,556 [WARN] PackLoader:240 - Cannot read IP mode file for STMicroelectronics.FP-SNS-FLIGHT1.5.1.0
2025-12-17 11:16:03,563 [INFO] LogOutputStream:77 - [STDOUT_REDIRECT] 1 : Invalid condition id : UX_CORESTACK_Condition cause : null
2025-12-17 11:16:03,564 [INFO] LogOutputStream:77 - [STDOUT_REDIRECT] 1 : Invalid condition id : UX_CORESTACK_Condition cause : null
2025-12-17 11:16:03,565 [INFO] LogOutputStream:77 - [STDOUT_REDIRECT] 1 : Invalid condition id : UX_CORESTACK_Condition cause : null
2025-12-17 11:16:03,565 [INFO] LogOutputStream:77 - [STDOUT_REDIRECT] 1 : Invalid condition id : UX_CORESTACK_Condition cause : null
2025-12-17 11:16:03,567 [INFO] LogOutputStream:77 - [STDOUT_REDIRECT] 1 : Invalid condition id : UX_CORESTACK_Condition cause : null
2025-12-17 11:16:03,569 [WARN] PackLoader:240 - Cannot read IP mode file for STMicroelectronics.X-CUBE-AZRTOS-WL.2.0.0
2025-12-17 11:16:03,585 [WARN] PackLoader:240 - Cannot read IP mode file for STMicroelectronics.X-CUBE-AZRTOS-H7RS.1.2.0
2025-12-17 11:16:03,593 [WARN] PackLoader:240 - Cannot read IP mode file for STMicroelectronics.X-CUBE-BLE2.3.3.0
2025-12-17 11:16:03,615 [WARN] PackLoader:240 - Cannot read IP mode file for Infineon.AIROC-Wi-Fi-Bluetooth-STM32.1.8.0
2025-12-17 11:16:03,632 [WARN] PackLoader:240 - Cannot read IP mode file for STMicroelectronics.X-CUBE-NFC9.1.0.0
2025-12-17 11:16:03,639 [WARN] PackLoader:240 - Cannot read IP mode file for wolfSSL.I-CUBE-wolfSSL.5.8.2
2025-12-17 11:16:03,645 [WARN] PackLoader:240 - Cannot read IP mode file for STMicroelectronics.X-CUBE-BLE1.7.1.0
2025-12-17 11:16:03,650 [WARN] PackLoader:240 - Cannot read IP mode file for wolfSSL.I-CUBE-wolfMQTT.1.19.2
2025-12-17 11:16:03,654 [WARN] PackLoader:240 - Cannot read IP mode file for STMicroelectronics.X-CUBE-FREERTOS.1.4.0
2025-12-17 11:16:03,661 [WARN] PackLoader:240 - Cannot read IP mode file for STMicroelectronics.X-CUBE-EEPRMA1.5.2.0
2025-12-17 11:16:03,666 [WARN] PackLoader:240 - Cannot read IP mode file for Cesanta.I-CUBE-Mongoose.7.20.0
2025-12-17 11:16:03,673 [WARN] PackLoader:240 - Cannot read IP mode file for STMicroelectronics.X-CUBE-ST67W61.1.1.0
2025-12-17 11:16:03,711 [WARN] PackLoader:240 - Cannot read IP mode file for STMicroelectronics.X-CUBE-MEMS1.12.0.0
2025-12-17 11:16:03,877 [WARN] PackLoader:240 - Cannot read IP mode file for STMicroelectronics.X-CUBE-AZRTOS-G0.1.1.0
2025-12-17 11:16:03,887 [WARN] PackLoader:240 - Cannot read IP mode file for STMicroelectronics.X-CUBE-NFC4.3.0.0
2025-12-17 11:16:03,895 [WARN] PackLoader:240 - Cannot read IP mode file for EmbeddedOffice.I-CUBE-FS-RTOS.1.0.1
2025-12-17 11:16:03,901 [WARN] PackLoader:240 - Cannot read IP mode file for STMicroelectronics.X-CUBE-WB05N.2.0.0
2025-12-17 11:16:03,907 [WARN] PackLoader:240 - Cannot read IP mode file for wolfSSL.I-CUBE-wolfTPM.3.8.0
2025-12-17 11:16:03,915 [WARN] PackLoader:240 - Cannot read IP mode file for STMicroelectronics.X-CUBE-TCPP.4.2.0
2025-12-17 11:16:03,924 [WARN] PackLoader:240 - Cannot read IP mode file for RealThread.X-CUBE-RT-Thread_Nano.4.1.1
2025-12-17 11:16:03,929 [WARN] PackLoader:240 - Cannot read IP mode file for STMicroelectronics.FP-ATR-SIGFOX1.3.2.0
2025-12-17 11:16:03,936 [WARN] PackLoader:240 - Cannot read IP mode file for ITTIA_DB.I-CUBE-ITTIADB.8.9.0
2025-12-17 11:16:03,941 [WARN] PackLoader:240 - Cannot read IP mode file for STMicroelectronics.X-CUBE-AI.10.2.0
2025-12-17 11:16:03,964 [WARN] PackLoader:240 - Cannot read IP mode file for SEGGER.I-CUBE-embOS.1.3.1
2025-12-17 11:16:03,996 [WARN] PackLoader:240 - Cannot read IP mode file for STMicroelectronics.X-CUBE-ALGOBUILD.1.4.0
2025-12-17 11:16:04,002 [WARN] PackLoader:240 - Cannot read IP mode file for STMicroelectronics.X-CUBE-PM33A1.1.0.0
2025-12-17 11:16:04,019 [WARN] PackLoader:240 - Cannot read IP mode file for STMicroelectronics.X-CUBE-AZRTOS-F4.1.1.0
2025-12-17 11:16:04,026 [WARN] PackLoader:240 - Cannot read IP mode file for STMicroelectronics.X-CUBE-ISPU.2.1.0
2025-12-17 11:16:04,036 [WARN] PackLoader:240 - Cannot read IP mode file for STMicroelectronics.X-CUBE-IPS.3.2.0
2025-12-17 11:16:04,045 [WARN] PackLoader:240 - Cannot read IP mode file for STMicroelectronics.X-CUBE-NFC12.1.0.0
2025-12-17 11:16:04,057 [WARN] PackLoader:240 - Cannot read IP mode file for STMicroelectronics.X-CUBE-AZRTOS-L5.2.0.0
2025-12-17 11:16:04,064 [WARN] PackLoader:240 - Cannot read IP mode file for STMicroelectronics.X-CUBE-NFC6.3.1.0
2025-12-17 11:16:04,071 [WARN] PackLoader:240 - Cannot read IP mode file for STMicroelectronics.X-CUBE-TOUCHGFX.4.26.0
2025-12-17 11:16:04,077 [WARN] PackLoader:240 - Cannot read IP mode file for STMicroelectronics.FP-SNS-STAIOTCFT.1.0.0
2025-12-17 11:16:04,084 [WARN] PackLoader:240 - Cannot read IP mode file for STMicroelectronics.X-CUBE-DPower.1.3.0
2025-12-17 11:16:04,095 [WARN] ConditionMgr:438 - getConditionDescription Invalid condition id : LAN8742 Phy interface Condition cause : null
2025-12-17 11:16:04,095 [WARN] PackLoader:240 - Cannot read IP mode file for STMicroelectronics.X-CUBE-AZRTOS-L4.2.0.0
2025-12-17 11:16:04,096 [WARN] ConditionMgr:1044 - genDependencies : Invalid condition id : LAN8742 Phy interface Condition cause : null
2025-12-17 11:16:04,096 [WARN] ConditionMgr:1044 - genDependencies : Invalid condition id : LAN8742 Phy interface Condition cause : null
2025-12-17 11:16:04,096 [WARN] ConditionMgr:1044 - genDependencies : Invalid condition id : LAN8742 Phy interface Condition cause : null
2025-12-17 11:16:04,104 [WARN] PackLoader:240 - Cannot read IP mode file for STMicroelectronics.X-CUBE-SFXS2LP1.4.0.0
2025-12-17 11:16:04,112 [WARN] PackLoader:240 - Cannot read IP mode file for STMicroelectronics.X-CUBE-BLEMGR.4.1.0
2025-12-17 11:16:04,124 [WARN] ConditionMgr:438 - getConditionDescription Invalid condition id : UX DEVICE CLASS RTOS Condition cause : null
2025-12-17 11:16:04,124 [WARN] ConditionMgr:438 - getConditionDescription Invalid condition id : UX DEVICE CLASS RTOS Condition cause : null
2025-12-17 11:16:04,125 [WARN] PackLoader:240 - Cannot read IP mode file for STMicroelectronics.X-CUBE-AZRTOS-WB.2.0.0
2025-12-17 11:16:04,126 [WARN] ConditionMgr:1044 - genDependencies : Invalid condition id : UX DEVICE CLASS RTOS Condition cause : null
2025-12-17 11:16:04,126 [WARN] ConditionMgr:1044 - genDependencies : Invalid condition id : UX DEVICE CLASS RTOS Condition cause : null
2025-12-17 11:16:04,126 [WARN] ConditionMgr:1044 - genDependencies : Invalid condition id : UX DEVICE CLASS RTOS Condition cause : null
2025-12-17 11:16:04,126 [WARN] ConditionMgr:1044 - genDependencies : Invalid condition id : UX DEVICE CLASS RTOS Condition cause : null
2025-12-17 11:16:04,126 [WARN] ConditionMgr:1044 - genDependencies : Invalid condition id : UX DEVICE CLASS RTOS Condition cause : null
2025-12-17 11:16:04,132 [WARN] ConditionMgr:438 - getConditionDescription Invalid condition id : Cortex-A Device cause : null
2025-12-17 11:16:04,148 [WARN] ConditionMgr:1044 - genDependencies : Invalid condition id : Cortex-A Device cause : null
2025-12-17 11:16:04,149 [WARN] ConditionMgr:1044 - genDependencies : Invalid condition id : Cortex-A Device cause : null
2025-12-17 11:16:04,149 [WARN] ConditionMgr:1044 - genDependencies : Invalid condition id : Cortex-A Device cause : null
2025-12-17 11:16:04,156 [ERROR] LogOutputStream:75 - [STDERR_REDIRECT] [Fatal Error] :1:1: Premature end of file.
2025-12-17 11:16:04,157 [ERROR] LogOutputStream:75 - [STDERR_REDIRECT] 
2025-12-17 11:16:04,158 [WARN] PackLoader:240 - Cannot read IP mode file for STMicroelectronics.X-CUBE-SUBG2.5.0.0
2025-12-17 11:16:04,171 [WARN] PackLoader:240 - Cannot read IP mode file for STMicroelectronics.X-CUBE-AZRTOS-G4.2.0.0
2025-12-17 11:16:04,176 [WARN] PackLoader:240 - Cannot read IP mode file for wolfSSL.I-CUBE-wolfSSH.1.4.20
2025-12-17 11:16:04,180 [WARN] PackLoader:240 - Cannot read IP mode file for STMicroelectronics.X-CUBE-NFC7.2.0.0
2025-12-17 11:16:04,184 [WARN] PackLoader:240 - Cannot read IP mode file for STMicroelectronics.X-CUBE-ALS.1.0.2
2025-12-17 11:16:04,190 [WARN] PackLoader:240 - Cannot read IP mode file for STMicroelectronics.X-CUBE-STSE01.1.0.0
2025-12-17 11:16:04,201 [WARN] PackLoader:240 - Cannot read IP mode file for STMicroelectronics.X-CUBE-TOF1.3.4.3
2025-12-17 11:16:04,206 [INFO] ThirdParty:978 - Integrity check success = true
2025-12-17 11:16:04,206 [INFO] IntegrityCheckThread:100 - exiting critical section [integrity check]
2025-12-17 11:16:04,206 [INFO] IntegrityCheckThread:103 - End integrity checks thread
2025-12-17 11:16:05,138 [ERROR] LogOutputStream:75 - [STDERR_REDIRECT] [Fatal Error] :1:1: Premature end of file.
2025-12-17 11:16:05,139 [ERROR] LogOutputStream:75 - [STDERR_REDIRECT] 
2025-12-17 11:16:06,138 [ERROR] LogOutputStream:75 - [STDERR_REDIRECT] [Fatal Error] :1:1: Premature end of file.
2025-12-17 11:16:06,138 [ERROR] LogOutputStream:75 - [STDERR_REDIRECT] 
2025-12-17 11:16:07,137 [ERROR] LogOutputStream:75 - [STDERR_REDIRECT] [Fatal Error] :1:1: Premature end of file.
2025-12-17 11:16:07,137 [ERROR] LogOutputStream:75 - [STDERR_REDIRECT] 
2025-12-17 11:16:08,137 [ERROR] LogOutputStream:75 - [STDERR_REDIRECT] [Fatal Error] :1:1: Premature end of file.
2025-12-17 11:16:08,137 [ERROR] LogOutputStream:75 - [STDERR_REDIRECT] 
2025-12-17 11:16:09,139 [ERROR] LogOutputStream:75 - [STDERR_REDIRECT] [Fatal Error] :1:1: Premature end of file.
2025-12-17 11:16:09,140 [ERROR] LogOutputStream:75 - [STDERR_REDIRECT] 
2025-12-17 11:16:10,141 [ERROR] LogOutputStream:75 - [STDERR_REDIRECT] [Fatal Error] :1:1: Premature end of file.
2025-12-17 11:16:10,141 [ERROR] LogOutputStream:75 - [STDERR_REDIRECT] 
2025-12-17 11:16:11,138 [ERROR] LogOutputStream:75 - [STDERR_REDIRECT] [Fatal Error] :1:1: Premature end of file.
2025-12-17 11:16:11,138 [ERROR] LogOutputStream:75 - [STDERR_REDIRECT] 
2025-12-17 11:16:12,139 [ERROR] LogOutputStream:75 - [STDERR_REDIRECT] [Fatal Error] :1:1: Premature end of file.
2025-12-17 11:16:12,139 [ERROR] LogOutputStream:75 - [STDERR_REDIRECT] 
2025-12-17 11:16:13,139 [ERROR] LogOutputStream:75 - [STDERR_REDIRECT] [Fatal Error] :1:1: Premature end of file.
2025-12-17 11:16:13,139 [ERROR] LogOutputStream:75 - [STDERR_REDIRECT] 
2025-12-17 11:16:14,140 [ERROR] LogOutputStream:75 - [STDERR_REDIRECT] [Fatal Error] :1:1: Premature end of file.
2025-12-17 11:16:14,140 [ERROR] LogOutputStream:75 - [STDERR_REDIRECT] 
2025-12-17 11:16:15,138 [ERROR] LogOutputStream:75 - [STDERR_REDIRECT] [Fatal Error] :1:1: Premature end of file.
2025-12-17 11:16:15,138 [ERROR] LogOutputStream:75 - [STDERR_REDIRECT] 
2025-12-17 11:16:16,137 [ERROR] LogOutputStream:75 - [STDERR_REDIRECT] [Fatal Error] :1:1: Premature end of file.
2025-12-17 11:16:16,137 [ERROR] LogOutputStream:75 - [STDERR_REDIRECT] 
2025-12-17 11:16:17,138 [ERROR] LogOutputStream:75 - [STDERR_REDIRECT] [Fatal Error] :1:1: Premature end of file.
2025-12-17 11:16:17,139 [ERROR] LogOutputStream:75 - [STDERR_REDIRECT] 
2025-12-17 11:16:18,137 [ERROR] LogOutputStream:75 - [STDERR_REDIRECT] [Fatal Error] :1:1: Premature end of file.
2025-12-17 11:16:18,137 [ERROR] LogOutputStream:75 - [STDERR_REDIRECT] 
2025-12-17 11:16:19,138 [ERROR] LogOutputStream:75 - [STDERR_REDIRECT] [Fatal Error] :1:1: Premature end of file.
2025-12-17 11:16:19,138 [ERROR] LogOutputStream:75 - [STDERR_REDIRECT] 
2025-12-17 11:16:20,136 [ERROR] LogOutputStream:75 - [STDERR_REDIRECT] [Fatal Error] :1:1: Premature end of file.
2025-12-17 11:16:20,136 [ERROR] LogOutputStream:75 - [STDERR_REDIRECT] 
2025-12-17 11:16:21,137 [ERROR] LogOutputStream:75 - [STDERR_REDIRECT] [Fatal Error] :1:1: Premature end of file.
2025-12-17 11:16:21,137 [ERROR] LogOutputStream:75 - [STDERR_REDIRECT] 
2025-12-17 11:16:22,137 [ERROR] LogOutputStream:75 - [STDERR_REDIRECT] [Fatal Error] :1:1: Premature end of file.
2025-12-17 11:16:22,139 [ERROR] LogOutputStream:75 - [STDERR_REDIRECT] 
2025-12-17 11:16:23,139 [ERROR] LogOutputStream:75 - [STDERR_REDIRECT] [Fatal Error] :1:1: Premature end of file.
2025-12-17 11:16:23,139 [ERROR] LogOutputStream:75 - [STDERR_REDIRECT] 
2025-12-17 11:16:24,145 [ERROR] LogOutputStream:75 - [STDERR_REDIRECT] [Fatal Error] :1:1: Premature end of file.
2025-12-17 11:16:24,145 [ERROR] LogOutputStream:75 - [STDERR_REDIRECT] 
2025-12-17 11:16:25,138 [ERROR] LogOutputStream:75 - [STDERR_REDIRECT] [Fatal Error] :1:1: Premature end of file.
2025-12-17 11:16:25,138 [ERROR] LogOutputStream:75 - [STDERR_REDIRECT] 
2025-12-17 11:16:26,138 [ERROR] LogOutputStream:75 - [STDERR_REDIRECT] [Fatal Error] :1:1: Premature end of file.
2025-12-17 11:16:26,138 [ERROR] LogOutputStream:75 - [STDERR_REDIRECT] 
2025-12-17 11:16:27,140 [ERROR] LogOutputStream:75 - [STDERR_REDIRECT] [Fatal Error] :1:1: Premature end of file.
2025-12-17 11:16:27,140 [ERROR] LogOutputStream:75 - [STDERR_REDIRECT] 
2025-12-17 11:16:28,138 [ERROR] LogOutputStream:75 - [STDERR_REDIRECT] [Fatal Error] :1:1: Premature end of file.
2025-12-17 11:16:28,138 [ERROR] LogOutputStream:75 - [STDERR_REDIRECT] 
2025-12-17 11:16:29,141 [ERROR] LogOutputStream:75 - [STDERR_REDIRECT] [Fatal Error] :1:1: Premature end of file.
2025-12-17 11:16:29,141 [ERROR] LogOutputStream:75 - [STDERR_REDIRECT] 
2025-12-17 11:16:30,139 [ERROR] LogOutputStream:75 - [STDERR_REDIRECT] [Fatal Error] :1:1: Premature end of file.
2025-12-17 11:16:30,139 [ERROR] LogOutputStream:75 - [STDERR_REDIRECT] 
2025-12-17 11:16:31,146 [ERROR] LogOutputStream:75 - [STDERR_REDIRECT] [Fatal Error] :1:1: Premature end of file.
2025-12-17 11:16:31,146 [ERROR] LogOutputStream:75 - [STDERR_REDIRECT] 
2025-12-17 11:16:32,140 [ERROR] LogOutputStream:75 - [STDERR_REDIRECT] [Fatal Error] :1:1: Premature end of file.
2025-12-17 11:16:32,141 [ERROR] LogOutputStream:75 - [STDERR_REDIRECT] 
2025-12-17 11:16:33,140 [ERROR] LogOutputStream:75 - [STDERR_REDIRECT] [Fatal Error] :1:1: Premature end of file.
2025-12-17 11:16:33,140 [ERROR] LogOutputStream:75 - [STDERR_REDIRECT] 
2025-12-17 11:16:34,139 [ERROR] LogOutputStream:75 - [STDERR_REDIRECT] [Fatal Error] :1:1: Premature end of file.
2025-12-17 11:16:34,139 [ERROR] LogOutputStream:75 - [STDERR_REDIRECT] 
2025-12-17 11:16:35,140 [ERROR] LogOutputStream:75 - [STDERR_REDIRECT] [Fatal Error] :1:1: Premature end of file.
2025-12-17 11:16:35,140 [ERROR] LogOutputStream:75 - [STDERR_REDIRECT] 
2025-12-17 11:16:36,140 [ERROR] LogOutputStream:75 - [STDERR_REDIRECT] [Fatal Error] :1:1: Premature end of file.
2025-12-17 11:16:36,140 [ERROR] LogOutputStream:75 - [STDERR_REDIRECT] 
2025-12-17 11:16:37,138 [ERROR] LogOutputStream:75 - [STDERR_REDIRECT] [Fatal Error] :1:1: Premature end of file.
2025-12-17 11:16:37,138 [ERROR] LogOutputStream:75 - [STDERR_REDIRECT] 
2025-12-17 11:16:38,140 [ERROR] LogOutputStream:75 - [STDERR_REDIRECT] [Fatal Error] :1:1: Premature end of file.
2025-12-17 11:16:38,140 [ERROR] LogOutputStream:75 - [STDERR_REDIRECT] 
2025-12-17 11:16:39,141 [ERROR] LogOutputStream:75 - [STDERR_REDIRECT] [Fatal Error] :1:1: Premature end of file.
2025-12-17 11:16:39,141 [ERROR] LogOutputStream:75 - [STDERR_REDIRECT] 
2025-12-17 11:16:40,138 [ERROR] LogOutputStream:75 - [STDERR_REDIRECT] [Fatal Error] :1:1: Premature end of file.
2025-12-17 11:16:40,138 [ERROR] LogOutputStream:75 - [STDERR_REDIRECT] 
2025-12-17 11:16:41,140 [ERROR] LogOutputStream:75 - [STDERR_REDIRECT] [Fatal Error] :1:1: Premature end of file.
2025-12-17 11:16:41,140 [ERROR] LogOutputStream:75 - [STDERR_REDIRECT] 
2025-12-17 11:16:42,138 [ERROR] LogOutputStream:75 - [STDERR_REDIRECT] [Fatal Error] :1:1: Premature end of file.
2025-12-17 11:16:42,138 [ERROR] LogOutputStream:75 - [STDERR_REDIRECT] 
2025-12-17 11:16:43,153 [ERROR] LogOutputStream:75 - [STDERR_REDIRECT] [Fatal Error] :1:1: Premature end of file.
2025-12-17 11:16:43,154 [ERROR] LogOutputStream:75 - [STDERR_REDIRECT] 
2025-12-17 11:16:44,140 [ERROR] LogOutputStream:75 - [STDERR_REDIRECT] [Fatal Error] :1:1: Premature end of file.
2025-12-17 11:16:44,140 [ERROR] LogOutputStream:75 - [STDERR_REDIRECT] 
2025-12-17 11:16:45,139 [ERROR] LogOutputStream:75 - [STDERR_REDIRECT] [Fatal Error] :1:1: Premature end of file.
2025-12-17 11:16:45,139 [ERROR] LogOutputStream:75 - [STDERR_REDIRECT] 
2025-12-17 11:16:46,139 [ERROR] LogOutputStream:75 - [STDERR_REDIRECT] [Fatal Error] :1:1: Premature end of file.
2025-12-17 11:16:46,139 [ERROR] LogOutputStream:75 - [STDERR_REDIRECT] 
2025-12-17 11:16:47,148 [ERROR] LogOutputStream:75 - [STDERR_REDIRECT] [Fatal Error] :1:1: Premature end of file.
2025-12-17 11:16:47,148 [ERROR] LogOutputStream:75 - [STDERR_REDIRECT] 
2025-12-17 11:16:48,141 [ERROR] LogOutputStream:75 - [STDERR_REDIRECT] [Fatal Error] :1:1: Premature end of file.
2025-12-17 11:16:48,141 [ERROR] LogOutputStream:75 - [STDERR_REDIRECT] 
2025-12-17 11:16:49,148 [ERROR] LogOutputStream:75 - [STDERR_REDIRECT] [Fatal Error] :1:1: Premature end of file.
2025-12-17 11:16:49,148 [ERROR] LogOutputStream:75 - [STDERR_REDIRECT] 
2025-12-17 11:16:50,139 [ERROR] LogOutputStream:75 - [STDERR_REDIRECT] [Fatal Error] :1:1: Premature end of file.
2025-12-17 11:16:50,139 [ERROR] LogOutputStream:75 - [STDERR_REDIRECT] 
2025-12-17 11:16:51,140 [ERROR] LogOutputStream:75 - [STDERR_REDIRECT] [Fatal Error] :1:1: Premature end of file.
2025-12-17 11:16:51,140 [ERROR] LogOutputStream:75 - [STDERR_REDIRECT] 
2025-12-17 11:16:52,138 [ERROR] LogOutputStream:75 - [STDERR_REDIRECT] [Fatal Error] :1:1: Premature end of file.
2025-12-17 11:16:52,138 [ERROR] LogOutputStream:75 - [STDERR_REDIRECT] 
2025-12-17 11:16:53,157 [ERROR] LogOutputStream:75 - [STDERR_REDIRECT] [Fatal Error] :1:1: Premature end of file.
2025-12-17 11:16:53,157 [ERROR] LogOutputStream:75 - [STDERR_REDIRECT] 
2025-12-17 11:16:54,138 [ERROR] LogOutputStream:75 - [STDERR_REDIRECT] [Fatal Error] :1:1: Premature end of file.
2025-12-17 11:16:54,138 [ERROR] LogOutputStream:75 - [STDERR_REDIRECT] 
2025-12-17 11:16:55,138 [ERROR] LogOutputStream:75 - [STDERR_REDIRECT] [Fatal Error] :1:1: Premature end of file.
2025-12-17 11:16:55,139 [ERROR] LogOutputStream:75 - [STDERR_REDIRECT] 
2025-12-17 11:16:56,139 [ERROR] LogOutputStream:75 - [STDERR_REDIRECT] [Fatal Error] :1:1: Premature end of file.
2025-12-17 11:16:56,139 [ERROR] LogOutputStream:75 - [STDERR_REDIRECT] 
2025-12-17 11:16:57,139 [ERROR] LogOutputStream:75 - [STDERR_REDIRECT] [Fatal Error] :1:1: Premature end of file.
2025-12-17 11:16:57,139 [ERROR] LogOutputStream:75 - [STDERR_REDIRECT] 
2025-12-17 11:16:58,137 [ERROR] LogOutputStream:75 - [STDERR_REDIRECT] [Fatal Error] :1:1: Premature end of file.
2025-12-17 11:16:58,138 [ERROR] LogOutputStream:75 - [STDERR_REDIRECT] 
2025-12-17 11:16:59,139 [ERROR] LogOutputStream:75 - [STDERR_REDIRECT] [Fatal Error] :1:1: Premature end of file.
2025-12-17 11:16:59,139 [ERROR] LogOutputStream:75 - [STDERR_REDIRECT] 
2025-12-17 11:17:00,141 [ERROR] LogOutputStream:75 - [STDERR_REDIRECT] [Fatal Error] :1:1: Premature end of file.
2025-12-17 11:17:00,142 [ERROR] LogOutputStream:75 - [STDERR_REDIRECT] 
2025-12-17 11:17:01,138 [ERROR] LogOutputStream:75 - [STDERR_REDIRECT] [Fatal Error] :1:1: Premature end of file.
2025-12-17 11:17:01,139 [ERROR] LogOutputStream:75 - [STDERR_REDIRECT] 
2025-12-17 11:17:02,137 [ERROR] LogOutputStream:75 - [STDERR_REDIRECT] [Fatal Error] :1:1: Premature end of file.
2025-12-17 11:17:02,137 [ERROR] LogOutputStream:75 - [STDERR_REDIRECT] 
2025-12-17 11:17:03,138 [ERROR] LogOutputStream:75 - [STDERR_REDIRECT] [Fatal Error] :1:1: Premature end of file.
2025-12-17 11:17:03,138 [ERROR] LogOutputStream:75 - [STDERR_REDIRECT] 
2025-12-17 11:17:04,145 [ERROR] LogOutputStream:75 - [STDERR_REDIRECT] [Fatal Error] :1:1: Premature end of file.
2025-12-17 11:17:04,145 [ERROR] LogOutputStream:75 - [STDERR_REDIRECT] 
2025-12-17 11:17:05,143 [ERROR] LogOutputStream:75 - [STDERR_REDIRECT] [Fatal Error] :1:1: Premature end of file.
2025-12-17 11:17:05,144 [ERROR] LogOutputStream:75 - [STDERR_REDIRECT] 
2025-12-17 11:17:06,139 [ERROR] LogOutputStream:75 - [STDERR_REDIRECT] [Fatal Error] :1:1: Premature end of file.
2025-12-17 11:17:06,139 [ERROR] LogOutputStream:75 - [STDERR_REDIRECT] 
2025-12-17 11:17:07,138 [ERROR] LogOutputStream:75 - [STDERR_REDIRECT] [Fatal Error] :1:1: Premature end of file.
2025-12-17 11:17:07,138 [ERROR] LogOutputStream:75 - [STDERR_REDIRECT] 
2025-12-17 11:17:08,143 [ERROR] LogOutputStream:75 - [STDERR_REDIRECT] [Fatal Error] :1:1: Premature end of file.
2025-12-17 11:17:08,143 [ERROR] LogOutputStream:75 - [STDERR_REDIRECT] 
2025-12-17 11:17:09,139 [ERROR] LogOutputStream:75 - [STDERR_REDIRECT] [Fatal Error] :1:1: Premature end of file.
2025-12-17 11:17:09,139 [ERROR] LogOutputStream:75 - [STDERR_REDIRECT] 
2025-12-17 11:17:10,138 [ERROR] LogOutputStream:75 - [STDERR_REDIRECT] [Fatal Error] :1:1: Premature end of file.
2025-12-17 11:17:10,138 [ERROR] LogOutputStream:75 - [STDERR_REDIRECT] 
2025-12-17 11:17:11,144 [ERROR] LogOutputStream:75 - [STDERR_REDIRECT] [Fatal Error] :1:1: Premature end of file.
2025-12-17 11:17:11,144 [ERROR] LogOutputStream:75 - [STDERR_REDIRECT] 
2025-12-17 11:17:12,137 [ERROR] LogOutputStream:75 - [STDERR_REDIRECT] [Fatal Error] :1:1: Premature end of file.
2025-12-17 11:17:12,137 [ERROR] LogOutputStream:75 - [STDERR_REDIRECT] 
2025-12-17 11:17:13,141 [ERROR] LogOutputStream:75 - [STDERR_REDIRECT] [Fatal Error] :1:1: Premature end of file.
2025-12-17 11:17:13,141 [ERROR] LogOutputStream:75 - [STDERR_REDIRECT] 
2025-12-17 11:17:14,143 [ERROR] LogOutputStream:75 - [STDERR_REDIRECT] [Fatal Error] :1:1: Premature end of file.
2025-12-17 11:17:14,143 [ERROR] LogOutputStream:75 - [STDERR_REDIRECT] 
2025-12-17 11:17:15,138 [ERROR] LogOutputStream:75 - [STDERR_REDIRECT] [Fatal Error] :1:1: Premature end of file.
2025-12-17 11:17:15,138 [ERROR] LogOutputStream:75 - [STDERR_REDIRECT] 
2025-12-17 11:17:16,144 [ERROR] LogOutputStream:75 - [STDERR_REDIRECT] [Fatal Error] :1:1: Premature end of file.
2025-12-17 11:17:16,144 [ERROR] LogOutputStream:75 - [STDERR_REDIRECT] 
2025-12-17 11:17:17,141 [ERROR] LogOutputStream:75 - [STDERR_REDIRECT] [Fatal Error] :1:1: Premature end of file.
2025-12-17 11:17:17,141 [ERROR] LogOutputStream:75 - [STDERR_REDIRECT] 
2025-12-17 11:17:18,142 [ERROR] LogOutputStream:75 - [STDERR_REDIRECT] [Fatal Error] :1:1: Premature end of file.
2025-12-17 11:17:18,142 [ERROR] LogOutputStream:75 - [STDERR_REDIRECT] 
2025-12-17 11:17:19,137 [ERROR] LogOutputStream:75 - [STDERR_REDIRECT] [Fatal Error] :1:1: Premature end of file.
2025-12-17 11:17:19,137 [ERROR] LogOutputStream:75 - [STDERR_REDIRECT] 
2025-12-17 11:17:20,140 [ERROR] LogOutputStream:75 - [STDERR_REDIRECT] [Fatal Error] :1:1: Premature end of file.
2025-12-17 11:17:20,140 [ERROR] LogOutputStream:75 - [STDERR_REDIRECT] 
2025-12-17 11:17:21,139 [ERROR] LogOutputStream:75 - [STDERR_REDIRECT] [Fatal Error] :1:1: Premature end of file.
2025-12-17 11:17:21,139 [ERROR] LogOutputStream:75 - [STDERR_REDIRECT] 
2025-12-17 11:17:22,139 [ERROR] LogOutputStream:75 - [STDERR_REDIRECT] [Fatal Error] :1:1: Premature end of file.
2025-12-17 11:17:22,139 [ERROR] LogOutputStream:75 - [STDERR_REDIRECT] 
2025-12-17 11:17:23,143 [ERROR] LogOutputStream:75 - [STDERR_REDIRECT] [Fatal Error] :1:1: Premature end of file.
2025-12-17 11:17:23,144 [ERROR] LogOutputStream:75 - [STDERR_REDIRECT] 
2025-12-17 11:17:24,147 [ERROR] LogOutputStream:75 - [STDERR_REDIRECT] [Fatal Error] :1:1: Premature end of file.
2025-12-17 11:17:24,147 [ERROR] LogOutputStream:75 - [STDERR_REDIRECT] 
2025-12-17 11:17:25,139 [ERROR] LogOutputStream:75 - [STDERR_REDIRECT] [Fatal Error] :1:1: Premature end of file.
2025-12-17 11:17:25,139 [ERROR] LogOutputStream:75 - [STDERR_REDIRECT] 
2025-12-17 11:17:26,141 [ERROR] LogOutputStream:75 - [STDERR_REDIRECT] [Fatal Error] :1:1: Premature end of file.
2025-12-17 11:17:26,142 [ERROR] LogOutputStream:75 - [STDERR_REDIRECT] 
2025-12-17 11:17:27,153 [ERROR] LogOutputStream:75 - [STDERR_REDIRECT] [Fatal Error] :1:1: Premature end of file.
2025-12-17 11:17:27,153 [ERROR] LogOutputStream:75 - [STDERR_REDIRECT] 
2025-12-17 11:17:28,151 [ERROR] LogOutputStream:75 - [STDERR_REDIRECT] [Fatal Error] :1:1: Premature end of file.
2025-12-17 11:17:28,152 [ERROR] LogOutputStream:75 - [STDERR_REDIRECT] 
2025-12-17 11:17:29,140 [ERROR] LogOutputStream:75 - [STDERR_REDIRECT] [Fatal Error] :1:1: Premature end of file.
2025-12-17 11:17:29,140 [ERROR] LogOutputStream:75 - [STDERR_REDIRECT] 
2025-12-17 11:17:30,143 [ERROR] LogOutputStream:75 - [STDERR_REDIRECT] [Fatal Error] :1:1: Premature end of file.
2025-12-17 11:17:30,143 [ERROR] LogOutputStream:75 - [STDERR_REDIRECT] 
2025-12-17 11:17:31,141 [ERROR] LogOutputStream:75 - [STDERR_REDIRECT] [Fatal Error] :1:1: Premature end of file.
2025-12-17 11:17:31,141 [ERROR] LogOutputStream:75 - [STDERR_REDIRECT] 
2025-12-17 11:17:32,140 [ERROR] LogOutputStream:75 - [STDERR_REDIRECT] [Fatal Error] :1:1: Premature end of file.
2025-12-17 11:17:32,140 [ERROR] LogOutputStream:75 - [STDERR_REDIRECT] 
2025-12-17 11:17:33,152 [ERROR] LogOutputStream:75 - [STDERR_REDIRECT] [Fatal Error] :1:1: Premature end of file.
2025-12-17 11:17:33,153 [ERROR] LogOutputStream:75 - [STDERR_REDIRECT] 
2025-12-17 11:17:34,141 [ERROR] LogOutputStream:75 - [STDERR_REDIRECT] [Fatal Error] :1:1: Premature end of file.
2025-12-17 11:17:34,141 [ERROR] LogOutputStream:75 - [STDERR_REDIRECT] 
2025-12-17 11:17:35,140 [ERROR] LogOutputStream:75 - [STDERR_REDIRECT] [Fatal Error] :1:1: Premature end of file.
2025-12-17 11:17:35,140 [ERROR] LogOutputStream:75 - [STDERR_REDIRECT] 
2025-12-17 11:17:36,138 [ERROR] LogOutputStream:75 - [STDERR_REDIRECT] [Fatal Error] :1:1: Premature end of file.
2025-12-17 11:17:36,139 [ERROR] LogOutputStream:75 - [STDERR_REDIRECT] 
2025-12-17 11:17:37,140 [ERROR] LogOutputStream:75 - [STDERR_REDIRECT] [Fatal Error] :1:1: Premature end of file.
2025-12-17 11:17:37,140 [ERROR] LogOutputStream:75 - [STDERR_REDIRECT] 
2025-12-17 11:17:38,138 [ERROR] LogOutputStream:75 - [STDERR_REDIRECT] [Fatal Error] :1:1: Premature end of file.
2025-12-17 11:17:38,139 [ERROR] LogOutputStream:75 - [STDERR_REDIRECT] 
2025-12-17 11:17:39,138 [ERROR] LogOutputStream:75 - [STDERR_REDIRECT] [Fatal Error] :1:1: Premature end of file.
2025-12-17 11:17:39,138 [ERROR] LogOutputStream:75 - [STDERR_REDIRECT] 
2025-12-17 11:17:40,141 [ERROR] LogOutputStream:75 - [STDERR_REDIRECT] [Fatal Error] :1:1: Premature end of file.
2025-12-17 11:17:40,141 [ERROR] LogOutputStream:75 - [STDERR_REDIRECT] 
2025-12-17 11:17:41,138 [ERROR] LogOutputStream:75 - [STDERR_REDIRECT] [Fatal Error] :1:1: Premature end of file.
2025-12-17 11:17:41,140 [ERROR] LogOutputStream:75 - [STDERR_REDIRECT] 
2025-12-17 11:17:42,140 [ERROR] LogOutputStream:75 - [STDERR_REDIRECT] [Fatal Error] :1:1: Premature end of file.
2025-12-17 11:17:42,140 [ERROR] LogOutputStream:75 - [STDERR_REDIRECT] 
2025-12-17 11:17:43,139 [ERROR] LogOutputStream:75 - [STDERR_REDIRECT] [Fatal Error] :1:1: Premature end of file.
2025-12-17 11:17:43,139 [ERROR] LogOutputStream:75 - [STDERR_REDIRECT] 
2025-12-17 11:17:44,140 [ERROR] LogOutputStream:75 - [STDERR_REDIRECT] [Fatal Error] :1:1: Premature end of file.
2025-12-17 11:17:44,140 [ERROR] LogOutputStream:75 - [STDERR_REDIRECT] 
2025-12-17 11:17:45,140 [ERROR] LogOutputStream:75 - [STDERR_REDIRECT] [Fatal Error] :1:1: Premature end of file.
2025-12-17 11:17:45,140 [ERROR] LogOutputStream:75 - [STDERR_REDIRECT] 
2025-12-17 11:17:46,139 [ERROR] LogOutputStream:75 - [STDERR_REDIRECT] [Fatal Error] :1:1: Premature end of file.
2025-12-17 11:17:46,139 [ERROR] LogOutputStream:75 - [STDERR_REDIRECT] 
2025-12-17 11:17:47,138 [ERROR] LogOutputStream:75 - [STDERR_REDIRECT] [Fatal Error] :1:1: Premature end of file.
2025-12-17 11:17:47,138 [ERROR] LogOutputStream:75 - [STDERR_REDIRECT] 
2025-12-17 11:17:48,139 [ERROR] LogOutputStream:75 - [STDERR_REDIRECT] [Fatal Error] :1:1: Premature end of file.
2025-12-17 11:17:48,140 [ERROR] LogOutputStream:75 - [STDERR_REDIRECT] 
2025-12-17 11:17:49,140 [ERROR] LogOutputStream:75 - [STDERR_REDIRECT] [Fatal Error] :1:1: Premature end of file.
2025-12-17 11:17:49,140 [ERROR] LogOutputStream:75 - [STDERR_REDIRECT] 
2025-12-17 11:17:50,140 [ERROR] LogOutputStream:75 - [STDERR_REDIRECT] [Fatal Error] :1:1: Premature end of file.
2025-12-17 11:17:50,140 [ERROR] LogOutputStream:75 - [STDERR_REDIRECT] 
2025-12-17 11:17:51,138 [ERROR] LogOutputStream:75 - [STDERR_REDIRECT] [Fatal Error] :1:1: Premature end of file.
2025-12-17 11:17:51,138 [ERROR] LogOutputStream:75 - [STDERR_REDIRECT] 
2025-12-17 11:17:52,139 [ERROR] LogOutputStream:75 - [STDERR_REDIRECT] [Fatal Error] :1:1: Premature end of file.
2025-12-17 11:17:52,139 [ERROR] LogOutputStream:75 - [STDERR_REDIRECT] 
2025-12-17 11:17:53,141 [ERROR] LogOutputStream:75 - [STDERR_REDIRECT] [Fatal Error] :1:1: Premature end of file.
2025-12-17 11:17:53,141 [ERROR] LogOutputStream:75 - [STDERR_REDIRECT] 
2025-12-17 11:17:54,140 [ERROR] LogOutputStream:75 - [STDERR_REDIRECT] [Fatal Error] :1:1: Premature end of file.
2025-12-17 11:17:54,140 [ERROR] LogOutputStream:75 - [STDERR_REDIRECT] 
2025-12-17 11:17:55,139 [ERROR] LogOutputStream:75 - [STDERR_REDIRECT] [Fatal Error] :1:1: Premature end of file.
2025-12-17 11:17:55,139 [ERROR] LogOutputStream:75 - [STDERR_REDIRECT] 
2025-12-17 11:17:56,140 [ERROR] LogOutputStream:75 - [STDERR_REDIRECT] [Fatal Error] :1:1: Premature end of file.
2025-12-17 11:17:56,140 [ERROR] LogOutputStream:75 - [STDERR_REDIRECT] 
2025-12-17 11:17:57,140 [ERROR] LogOutputStream:75 - [STDERR_REDIRECT] [Fatal Error] :1:1: Premature end of file.
2025-12-17 11:17:57,140 [ERROR] LogOutputStream:75 - [STDERR_REDIRECT] 
2025-12-17 11:17:58,139 [ERROR] LogOutputStream:75 - [STDERR_REDIRECT] [Fatal Error] :1:1: Premature end of file.
2025-12-17 11:17:58,139 [ERROR] LogOutputStream:75 - [STDERR_REDIRECT] 
2025-12-17 11:17:59,140 [ERROR] LogOutputStream:75 - [STDERR_REDIRECT] [Fatal Error] :1:1: Premature end of file.
2025-12-17 11:17:59,140 [ERROR] LogOutputStream:75 - [STDERR_REDIRECT] 
2025-12-17 11:18:00,139 [ERROR] LogOutputStream:75 - [STDERR_REDIRECT] [Fatal Error] :1:1: Premature end of file.
2025-12-17 11:18:00,139 [ERROR] LogOutputStream:75 - [STDERR_REDIRECT] 
2025-12-17 11:18:01,140 [ERROR] LogOutputStream:75 - [STDERR_REDIRECT] [Fatal Error] :1:1: Premature end of file.
2025-12-17 11:18:01,140 [ERROR] LogOutputStream:75 - [STDERR_REDIRECT] 
2025-12-17 11:18:02,139 [ERROR] LogOutputStream:75 - [STDERR_REDIRECT] [Fatal Error] :1:1: Premature end of file.
2025-12-17 11:18:02,140 [ERROR] LogOutputStream:75 - [STDERR_REDIRECT] 
2025-12-17 11:18:03,140 [ERROR] LogOutputStream:75 - [STDERR_REDIRECT] [Fatal Error] :1:1: Premature end of file.
2025-12-17 11:18:03,140 [ERROR] LogOutputStream:75 - [STDERR_REDIRECT] 
2025-12-17 11:18:04,139 [ERROR] LogOutputStream:75 - [STDERR_REDIRECT] [Fatal Error] :1:1: Premature end of file.
2025-12-17 11:18:04,139 [ERROR] LogOutputStream:75 - [STDERR_REDIRECT] 
2025-12-17 11:18:05,140 [ERROR] LogOutputStream:75 - [STDERR_REDIRECT] [Fatal Error] :1:1: Premature end of file.
2025-12-17 11:18:05,140 [ERROR] LogOutputStream:75 - [STDERR_REDIRECT] 
2025-12-17 11:18:06,139 [ERROR] LogOutputStream:75 - [STDERR_REDIRECT] [Fatal Error] :1:1: Premature end of file.
2025-12-17 11:18:06,139 [ERROR] LogOutputStream:75 - [STDERR_REDIRECT] 
2025-12-17 11:18:07,138 [ERROR] LogOutputStream:75 - [STDERR_REDIRECT] [Fatal Error] :1:1: Premature end of file.
2025-12-17 11:18:07,139 [ERROR] LogOutputStream:75 - [STDERR_REDIRECT] 
2025-12-17 11:18:08,139 [ERROR] LogOutputStream:75 - [STDERR_REDIRECT] [Fatal Error] :1:1: Premature end of file.
2025-12-17 11:18:08,139 [ERROR] LogOutputStream:75 - [STDERR_REDIRECT] 
2025-12-17 11:18:09,138 [ERROR] LogOutputStream:75 - [STDERR_REDIRECT] [Fatal Error] :1:1: Premature end of file.
2025-12-17 11:18:09,138 [ERROR] LogOutputStream:75 - [STDERR_REDIRECT] 
2025-12-17 11:18:10,139 [ERROR] LogOutputStream:75 - [STDERR_REDIRECT] [Fatal Error] :1:1: Premature end of file.
2025-12-17 11:18:10,139 [ERROR] LogOutputStream:75 - [STDERR_REDIRECT] 
2025-12-17 11:18:11,138 [ERROR] LogOutputStream:75 - [STDERR_REDIRECT] [Fatal Error] :1:1: Premature end of file.
2025-12-17 11:18:11,138 [ERROR] LogOutputStream:75 - [STDERR_REDIRECT] 
2025-12-17 11:18:12,139 [ERROR] LogOutputStream:75 - [STDERR_REDIRECT] [Fatal Error] :1:1: Premature end of file.
2025-12-17 11:18:12,139 [ERROR] LogOutputStream:75 - [STDERR_REDIRECT] 
2025-12-17 11:18:13,140 [ERROR] LogOutputStream:75 - [STDERR_REDIRECT] [Fatal Error] :1:1: Premature end of file.
2025-12-17 11:18:13,140 [ERROR] LogOutputStream:75 - [STDERR_REDIRECT] 
2025-12-17 11:18:14,139 [ERROR] LogOutputStream:75 - [STDERR_REDIRECT] [Fatal Error] :1:1: Premature end of file.
2025-12-17 11:18:14,139 [ERROR] LogOutputStream:75 - [STDERR_REDIRECT] 
2025-12-17 11:18:15,139 [ERROR] LogOutputStream:75 - [STDERR_REDIRECT] [Fatal Error] :1:1: Premature end of file.
2025-12-17 11:18:15,139 [ERROR] LogOutputStream:75 - [STDERR_REDIRECT] 
2025-12-17 11:18:16,143 [ERROR] LogOutputStream:75 - [STDERR_REDIRECT] [Fatal Error] :1:1: Premature end of file.
2025-12-17 11:18:16,143 [ERROR] LogOutputStream:75 - [STDERR_REDIRECT] 
2025-12-17 11:18:17,138 [ERROR] LogOutputStream:75 - [STDERR_REDIRECT] [Fatal Error] :1:1: Premature end of file.
2025-12-17 11:18:17,138 [ERROR] LogOutputStream:75 - [STDERR_REDIRECT] 
2025-12-17 11:18:18,143 [ERROR] LogOutputStream:75 - [STDERR_REDIRECT] [Fatal Error] :1:1: Premature end of file.
2025-12-17 11:18:18,143 [ERROR] LogOutputStream:75 - [STDERR_REDIRECT] 
2025-12-17 11:18:19,139 [ERROR] LogOutputStream:75 - [STDERR_REDIRECT] [Fatal Error] :1:1: Premature end of file.
2025-12-17 11:18:19,139 [ERROR] LogOutputStream:75 - [STDERR_REDIRECT] 
2025-12-17 11:18:20,137 [ERROR] LogOutputStream:75 - [STDERR_REDIRECT] [Fatal Error] :1:1: Premature end of file.
2025-12-17 11:18:20,137 [ERROR] LogOutputStream:75 - [STDERR_REDIRECT] 
2025-12-17 11:18:21,140 [ERROR] LogOutputStream:75 - [STDERR_REDIRECT] [Fatal Error] :1:1: Premature end of file.
2025-12-17 11:18:21,140 [ERROR] LogOutputStream:75 - [STDERR_REDIRECT] 
2025-12-17 11:18:22,139 [ERROR] LogOutputStream:75 - [STDERR_REDIRECT] [Fatal Error] :1:1: Premature end of file.
2025-12-17 11:18:22,139 [ERROR] LogOutputStream:75 - [STDERR_REDIRECT] 
2025-12-17 11:18:23,138 [ERROR] LogOutputStream:75 - [STDERR_REDIRECT] [Fatal Error] :1:1: Premature end of file.
2025-12-17 11:18:23,138 [ERROR] LogOutputStream:75 - [STDERR_REDIRECT] 
2025-12-17 11:18:24,138 [ERROR] LogOutputStream:75 - [STDERR_REDIRECT] [Fatal Error] :1:1: Premature end of file.
2025-12-17 11:18:24,138 [ERROR] LogOutputStream:75 - [STDERR_REDIRECT] 
2025-12-17 11:18:25,139 [ERROR] LogOutputStream:75 - [STDERR_REDIRECT] [Fatal Error] :1:1: Premature end of file.
2025-12-17 11:18:25,139 [ERROR] LogOutputStream:75 - [STDERR_REDIRECT] 
2025-12-17 11:18:26,138 [ERROR] LogOutputStream:75 - [STDERR_REDIRECT] [Fatal Error] :1:1: Premature end of file.
2025-12-17 11:18:26,138 [ERROR] LogOutputStream:75 - [STDERR_REDIRECT] 
2025-12-17 11:18:27,138 [ERROR] LogOutputStream:75 - [STDERR_REDIRECT] [Fatal Error] :1:1: Premature end of file.
2025-12-17 11:18:27,138 [ERROR] LogOutputStream:75 - [STDERR_REDIRECT] 
2025-12-17 11:18:28,138 [ERROR] LogOutputStream:75 - [STDERR_REDIRECT] [Fatal Error] :1:1: Premature end of file.
2025-12-17 11:18:28,139 [ERROR] LogOutputStream:75 - [STDERR_REDIRECT] 
2025-12-17 11:18:29,137 [ERROR] LogOutputStream:75 - [STDERR_REDIRECT] [Fatal Error] :1:1: Premature end of file.
2025-12-17 11:18:29,137 [ERROR] LogOutputStream:75 - [STDERR_REDIRECT] 
2025-12-17 11:18:30,138 [ERROR] LogOutputStream:75 - [STDERR_REDIRECT] [Fatal Error] :1:1: Premature end of file.
2025-12-17 11:18:30,138 [ERROR] LogOutputStream:75 - [STDERR_REDIRECT] 
2025-12-17 11:18:31,136 [ERROR] LogOutputStream:75 - [STDERR_REDIRECT] [Fatal Error] :1:1: Premature end of file.
2025-12-17 11:18:31,136 [ERROR] LogOutputStream:75 - [STDERR_REDIRECT] 
2025-12-17 11:18:32,152 [ERROR] LogOutputStream:75 - [STDERR_REDIRECT] [Fatal Error] :1:1: Premature end of file.
2025-12-17 11:18:32,152 [ERROR] LogOutputStream:75 - [STDERR_REDIRECT] 
2025-12-17 11:18:33,144 [ERROR] LogOutputStream:75 - [STDERR_REDIRECT] [Fatal Error] :1:1: Premature end of file.
2025-12-17 11:18:33,144 [ERROR] LogOutputStream:75 - [STDERR_REDIRECT] 
2025-12-17 11:18:34,144 [ERROR] LogOutputStream:75 - [STDERR_REDIRECT] [Fatal Error] :1:1: Premature end of file.
2025-12-17 11:18:34,145 [ERROR] LogOutputStream:75 - [STDERR_REDIRECT] 
2025-12-17 11:18:35,147 [ERROR] LogOutputStream:75 - [STDERR_REDIRECT] [Fatal Error] :1:1: Premature end of file.
2025-12-17 11:18:35,147 [ERROR] LogOutputStream:75 - [STDERR_REDIRECT] 
2025-12-17 11:18:36,143 [ERROR] LogOutputStream:75 - [STDERR_REDIRECT] [Fatal Error] :1:1: Premature end of file.
2025-12-17 11:18:36,143 [ERROR] LogOutputStream:75 - [STDERR_REDIRECT] 
2025-12-17 11:18:37,153 [ERROR] LogOutputStream:75 - [STDERR_REDIRECT] [Fatal Error] :1:1: Premature end of file.
2025-12-17 11:18:37,153 [ERROR] LogOutputStream:75 - [STDERR_REDIRECT] 
2025-12-17 11:18:38,152 [ERROR] LogOutputStream:75 - [STDERR_REDIRECT] [Fatal Error] :1:1: Premature end of file.
2025-12-17 11:18:38,152 [ERROR] LogOutputStream:75 - [STDERR_REDIRECT] 
2025-12-17 11:18:39,145 [ERROR] LogOutputStream:75 - [STDERR_REDIRECT] [Fatal Error] :1:1: Premature end of file.
2025-12-17 11:18:39,145 [ERROR] LogOutputStream:75 - [STDERR_REDIRECT] 
2025-12-17 11:18:40,152 [ERROR] LogOutputStream:75 - [STDERR_REDIRECT] [Fatal Error] :1:1: Premature end of file.
2025-12-17 11:18:40,152 [ERROR] LogOutputStream:75 - [STDERR_REDIRECT] 
2025-12-17 11:18:41,146 [ERROR] LogOutputStream:75 - [STDERR_REDIRECT] [Fatal Error] :1:1: Premature end of file.
2025-12-17 11:18:41,146 [ERROR] LogOutputStream:75 - [STDERR_REDIRECT] 
2025-12-17 11:18:42,154 [ERROR] LogOutputStream:75 - [STDERR_REDIRECT] [Fatal Error] :1:1: Premature end of file.
2025-12-17 11:18:42,154 [ERROR] LogOutputStream:75 - [STDERR_REDIRECT] 
2025-12-17 11:18:43,146 [ERROR] LogOutputStream:75 - [STDERR_REDIRECT] [Fatal Error] :1:1: Premature end of file.
2025-12-17 11:18:43,148 [ERROR] LogOutputStream:75 - [STDERR_REDIRECT] 
2025-12-17 11:18:44,143 [ERROR] LogOutputStream:75 - [STDERR_REDIRECT] [Fatal Error] :1:1: Premature end of file.
2025-12-17 11:18:44,143 [ERROR] LogOutputStream:75 - [STDERR_REDIRECT] 
2025-12-17 11:18:45,152 [ERROR] LogOutputStream:75 - [STDERR_REDIRECT] [Fatal Error] :1:1: Premature end of file.
2025-12-17 11:18:45,152 [ERROR] LogOutputStream:75 - [STDERR_REDIRECT] 
2025-12-17 11:18:46,148 [ERROR] LogOutputStream:75 - [STDERR_REDIRECT] [Fatal Error] :1:1: Premature end of file.
2025-12-17 11:18:46,148 [ERROR] LogOutputStream:75 - [STDERR_REDIRECT] 
2025-12-17 11:18:47,140 [ERROR] LogOutputStream:75 - [STDERR_REDIRECT] [Fatal Error] :1:1: Premature end of file.
2025-12-17 11:18:47,140 [ERROR] LogOutputStream:75 - [STDERR_REDIRECT] 
2025-12-17 11:18:48,150 [ERROR] LogOutputStream:75 - [STDERR_REDIRECT] [Fatal Error] :1:1: Premature end of file.
2025-12-17 11:18:48,150 [ERROR] LogOutputStream:75 - [STDERR_REDIRECT] 
2025-12-17 11:18:49,143 [ERROR] LogOutputStream:75 - [STDERR_REDIRECT] [Fatal Error] :1:1: Premature end of file.
2025-12-17 11:18:49,143 [ERROR] LogOutputStream:75 - [STDERR_REDIRECT] 
2025-12-17 11:18:50,151 [ERROR] LogOutputStream:75 - [STDERR_REDIRECT] [Fatal Error] :1:1: Premature end of file.
2025-12-17 11:18:50,151 [ERROR] LogOutputStream:75 - [STDERR_REDIRECT] 
2025-12-17 11:18:51,147 [ERROR] LogOutputStream:75 - [STDERR_REDIRECT] [Fatal Error] :1:1: Premature end of file.
2025-12-17 11:18:51,147 [ERROR] LogOutputStream:75 - [STDERR_REDIRECT] 
2025-12-17 11:18:52,143 [ERROR] LogOutputStream:75 - [STDERR_REDIRECT] [Fatal Error] :1:1: Premature end of file.
2025-12-17 11:18:52,143 [ERROR] LogOutputStream:75 - [STDERR_REDIRECT] 
2025-12-17 11:18:53,141 [ERROR] LogOutputStream:75 - [STDERR_REDIRECT] [Fatal Error] :1:1: Premature end of file.
2025-12-17 11:18:53,141 [ERROR] LogOutputStream:75 - [STDERR_REDIRECT] 
2025-12-17 11:18:54,152 [ERROR] LogOutputStream:75 - [STDERR_REDIRECT] [Fatal Error] :1:1: Premature end of file.
2025-12-17 11:18:54,152 [ERROR] LogOutputStream:75 - [STDERR_REDIRECT] 
2025-12-17 11:18:55,148 [ERROR] LogOutputStream:75 - [STDERR_REDIRECT] [Fatal Error] :1:1: Premature end of file.
2025-12-17 11:18:55,148 [ERROR] LogOutputStream:75 - [STDERR_REDIRECT] 
2025-12-17 11:18:56,156 [ERROR] LogOutputStream:75 - [STDERR_REDIRECT] [Fatal Error] :1:1: Premature end of file.
2025-12-17 11:18:56,156 [ERROR] LogOutputStream:75 - [STDERR_REDIRECT] 
2025-12-17 11:18:57,148 [ERROR] LogOutputStream:75 - [STDERR_REDIRECT] [Fatal Error] :1:1: Premature end of file.
2025-12-17 11:18:57,148 [ERROR] LogOutputStream:75 - [STDERR_REDIRECT] 
2025-12-17 11:18:58,144 [ERROR] LogOutputStream:75 - [STDERR_REDIRECT] [Fatal Error] :1:1: Premature end of file.
2025-12-17 11:18:58,144 [ERROR] LogOutputStream:75 - [STDERR_REDIRECT] 
2025-12-17 11:18:59,151 [ERROR] LogOutputStream:75 - [STDERR_REDIRECT] [Fatal Error] :1:1: Premature end of file.
2025-12-17 11:18:59,152 [ERROR] LogOutputStream:75 - [STDERR_REDIRECT] 
2025-12-17 11:19:00,142 [ERROR] LogOutputStream:75 - [STDERR_REDIRECT] [Fatal Error] :1:1: Premature end of file.
2025-12-17 11:19:00,142 [ERROR] LogOutputStream:75 - [STDERR_REDIRECT] 
2025-12-17 11:19:01,144 [ERROR] LogOutputStream:75 - [STDERR_REDIRECT] [Fatal Error] :1:1: Premature end of file.
2025-12-17 11:19:01,144 [ERROR] LogOutputStream:75 - [STDERR_REDIRECT] 
2025-12-17 11:19:02,162 [ERROR] LogOutputStream:75 - [STDERR_REDIRECT] [Fatal Error] :1:1: Premature end of file.
2025-12-17 11:19:02,163 [ERROR] LogOutputStream:75 - [STDERR_REDIRECT] 
2025-12-17 11:19:03,155 [ERROR] LogOutputStream:75 - [STDERR_REDIRECT] [Fatal Error] :1:1: Premature end of file.
2025-12-17 11:19:03,155 [ERROR] LogOutputStream:75 - [STDERR_REDIRECT] 
2025-12-17 11:19:04,146 [ERROR] LogOutputStream:75 - [STDERR_REDIRECT] [Fatal Error] :1:1: Premature end of file.
2025-12-17 11:19:04,146 [ERROR] LogOutputStream:75 - [STDERR_REDIRECT] 
2025-12-17 11:19:05,141 [ERROR] LogOutputStream:75 - [STDERR_REDIRECT] [Fatal Error] :1:1: Premature end of file.
2025-12-17 11:19:05,141 [ERROR] LogOutputStream:75 - [STDERR_REDIRECT] 
2025-12-17 11:19:06,153 [ERROR] LogOutputStream:75 - [STDERR_REDIRECT] [Fatal Error] :1:1: Premature end of file.
2025-12-17 11:19:06,153 [ERROR] LogOutputStream:75 - [STDERR_REDIRECT] 
2025-12-17 11:19:07,146 [ERROR] LogOutputStream:75 - [STDERR_REDIRECT] [Fatal Error] :1:1: Premature end of file.
2025-12-17 11:19:07,147 [ERROR] LogOutputStream:75 - [STDERR_REDIRECT] 
2025-12-17 11:19:08,141 [ERROR] LogOutputStream:75 - [STDERR_REDIRECT] [Fatal Error] :1:1: Premature end of file.
2025-12-17 11:19:08,141 [ERROR] LogOutputStream:75 - [STDERR_REDIRECT] 
2025-12-17 11:19:09,147 [ERROR] LogOutputStream:75 - [STDERR_REDIRECT] [Fatal Error] :1:1: Premature end of file.
2025-12-17 11:19:09,147 [ERROR] LogOutputStream:75 - [STDERR_REDIRECT] 
2025-12-17 11:19:10,142 [ERROR] LogOutputStream:75 - [STDERR_REDIRECT] [Fatal Error] :1:1: Premature end of file.
2025-12-17 11:19:10,142 [ERROR] LogOutputStream:75 - [STDERR_REDIRECT] 
2025-12-17 11:19:11,151 [ERROR] LogOutputStream:75 - [STDERR_REDIRECT] [Fatal Error] :1:1: Premature end of file.
2025-12-17 11:19:11,151 [ERROR] LogOutputStream:75 - [STDERR_REDIRECT] 
2025-12-17 11:19:12,150 [ERROR] LogOutputStream:75 - [STDERR_REDIRECT] [Fatal Error] :1:1: Premature end of file.
2025-12-17 11:19:12,150 [ERROR] LogOutputStream:75 - [STDERR_REDIRECT] 
2025-12-17 11:19:13,142 [ERROR] LogOutputStream:75 - [STDERR_REDIRECT] [Fatal Error] :1:1: Premature end of file.
2025-12-17 11:19:13,142 [ERROR] LogOutputStream:75 - [STDERR_REDIRECT] 
2025-12-17 11:19:14,151 [ERROR] LogOutputStream:75 - [STDERR_REDIRECT] [Fatal Error] :1:1: Premature end of file.
2025-12-17 11:19:14,151 [ERROR] LogOutputStream:75 - [STDERR_REDIRECT] 
2025-12-17 11:19:15,145 [ERROR] LogOutputStream:75 - [STDERR_REDIRECT] [Fatal Error] :1:1: Premature end of file.
2025-12-17 11:19:15,145 [ERROR] LogOutputStream:75 - [STDERR_REDIRECT] 
2025-12-17 11:19:16,142 [ERROR] LogOutputStream:75 - [STDERR_REDIRECT] [Fatal Error] :1:1: Premature end of file.
2025-12-17 11:19:16,142 [ERROR] LogOutputStream:75 - [STDERR_REDIRECT] 
2025-12-17 11:19:17,153 [ERROR] LogOutputStream:75 - [STDERR_REDIRECT] [Fatal Error] :1:1: Premature end of file.
2025-12-17 11:19:17,154 [ERROR] LogOutputStream:75 - [STDERR_REDIRECT] 
2025-12-17 11:19:18,149 [ERROR] LogOutputStream:75 - [STDERR_REDIRECT] [Fatal Error] :1:1: Premature end of file.
2025-12-17 11:19:18,149 [ERROR] LogOutputStream:75 - [STDERR_REDIRECT] 
2025-12-17 11:19:19,146 [ERROR] LogOutputStream:75 - [STDERR_REDIRECT] [Fatal Error] :1:1: Premature end of file.
2025-12-17 11:19:19,146 [ERROR] LogOutputStream:75 - [STDERR_REDIRECT] 
2025-12-17 11:19:20,145 [ERROR] LogOutputStream:75 - [STDERR_REDIRECT] [Fatal Error] :1:1: Premature end of file.
2025-12-17 11:19:20,145 [ERROR] LogOutputStream:75 - [STDERR_REDIRECT] 
2025-12-17 11:19:21,153 [ERROR] LogOutputStream:75 - [STDERR_REDIRECT] [Fatal Error] :1:1: Premature end of file.
2025-12-17 11:19:21,153 [ERROR] LogOutputStream:75 - [STDERR_REDIRECT] 
2025-12-17 11:19:22,151 [ERROR] LogOutputStream:75 - [STDERR_REDIRECT] [Fatal Error] :1:1: Premature end of file.
2025-12-17 11:19:22,151 [ERROR] LogOutputStream:75 - [STDERR_REDIRECT] 
2025-12-17 11:19:23,139 [ERROR] LogOutputStream:75 - [STDERR_REDIRECT] [Fatal Error] :1:1: Premature end of file.
2025-12-17 11:19:23,139 [ERROR] LogOutputStream:75 - [STDERR_REDIRECT] 
2025-12-17 11:19:24,148 [ERROR] LogOutputStream:75 - [STDERR_REDIRECT] [Fatal Error] :1:1: Premature end of file.
2025-12-17 11:19:24,149 [ERROR] LogOutputStream:75 - [STDERR_REDIRECT] 
2025-12-17 11:19:25,149 [ERROR] LogOutputStream:75 - [STDERR_REDIRECT] [Fatal Error] :1:1: Premature end of file.
2025-12-17 11:19:25,150 [ERROR] LogOutputStream:75 - [STDERR_REDIRECT] 
2025-12-17 11:19:26,140 [ERROR] LogOutputStream:75 - [STDERR_REDIRECT] [Fatal Error] :1:1: Premature end of file.
2025-12-17 11:19:26,140 [ERROR] LogOutputStream:75 - [STDERR_REDIRECT] 
2025-12-17 11:19:27,150 [ERROR] LogOutputStream:75 - [STDERR_REDIRECT] [Fatal Error] :1:1: Premature end of file.
2025-12-17 11:19:27,150 [ERROR] LogOutputStream:75 - [STDERR_REDIRECT] 
2025-12-17 11:19:28,144 [ERROR] LogOutputStream:75 - [STDERR_REDIRECT] [Fatal Error] :1:1: Premature end of file.
2025-12-17 11:19:28,144 [ERROR] LogOutputStream:75 - [STDERR_REDIRECT] 
2025-12-17 11:19:29,141 [ERROR] LogOutputStream:75 - [STDERR_REDIRECT] [Fatal Error] :1:1: Premature end of file.
2025-12-17 11:19:29,141 [ERROR] LogOutputStream:75 - [STDERR_REDIRECT] 
2025-12-17 11:19:30,149 [ERROR] LogOutputStream:75 - [STDERR_REDIRECT] [Fatal Error] :1:1: Premature end of file.
2025-12-17 11:19:30,149 [ERROR] LogOutputStream:75 - [STDERR_REDIRECT] 
2025-12-17 11:19:31,140 [ERROR] LogOutputStream:75 - [STDERR_REDIRECT] [Fatal Error] :1:1: Premature end of file.
2025-12-17 11:19:31,140 [ERROR] LogOutputStream:75 - [STDERR_REDIRECT] 
2025-12-17 11:19:32,158 [ERROR] LogOutputStream:75 - [STDERR_REDIRECT] [Fatal Error] :1:1: Premature end of file.
2025-12-17 11:19:32,158 [ERROR] LogOutputStream:75 - [STDERR_REDIRECT] 
2025-12-17 11:19:33,151 [ERROR] LogOutputStream:75 - [STDERR_REDIRECT] [Fatal Error] :1:1: Premature end of file.
2025-12-17 11:19:33,151 [ERROR] LogOutputStream:75 - [STDERR_REDIRECT] 
2025-12-17 11:19:34,148 [ERROR] LogOutputStream:75 - [STDERR_REDIRECT] [Fatal Error] :1:1: Premature end of file.
2025-12-17 11:19:34,149 [ERROR] LogOutputStream:75 - [STDERR_REDIRECT] 
2025-12-17 11:19:35,142 [ERROR] LogOutputStream:75 - [STDERR_REDIRECT] [Fatal Error] :1:1: Premature end of file.
2025-12-17 11:19:35,142 [ERROR] LogOutputStream:75 - [STDERR_REDIRECT] 
2025-12-17 11:19:36,149 [ERROR] LogOutputStream:75 - [STDERR_REDIRECT] [Fatal Error] :1:1: Premature end of file.
2025-12-17 11:19:36,149 [ERROR] LogOutputStream:75 - [STDERR_REDIRECT] 
2025-12-17 11:19:37,143 [ERROR] LogOutputStream:75 - [STDERR_REDIRECT] [Fatal Error] :1:1: Premature end of file.
2025-12-17 11:19:37,143 [ERROR] LogOutputStream:75 - [STDERR_REDIRECT] 
2025-12-17 11:19:38,154 [ERROR] LogOutputStream:75 - [STDERR_REDIRECT] [Fatal Error] :1:1: Premature end of file.
2025-12-17 11:19:38,154 [ERROR] LogOutputStream:75 - [STDERR_REDIRECT] 
2025-12-17 11:19:39,143 [ERROR] LogOutputStream:75 - [STDERR_REDIRECT] [Fatal Error] :1:1: Premature end of file.
2025-12-17 11:19:39,143 [ERROR] LogOutputStream:75 - [STDERR_REDIRECT] 
2025-12-17 11:19:40,154 [ERROR] LogOutputStream:75 - [STDERR_REDIRECT] [Fatal Error] :1:1: Premature end of file.
2025-12-17 11:19:40,154 [ERROR] LogOutputStream:75 - [STDERR_REDIRECT] 
2025-12-17 11:19:41,142 [ERROR] LogOutputStream:75 - [STDERR_REDIRECT] [Fatal Error] :1:1: Premature end of file.
2025-12-17 11:19:41,142 [ERROR] LogOutputStream:75 - [STDERR_REDIRECT] 
2025-12-17 11:19:42,155 [ERROR] LogOutputStream:75 - [STDERR_REDIRECT] [Fatal Error] :1:1: Premature end of file.
2025-12-17 11:19:42,155 [ERROR] LogOutputStream:75 - [STDERR_REDIRECT] 
2025-12-17 11:19:43,145 [ERROR] LogOutputStream:75 - [STDERR_REDIRECT] [Fatal Error] :1:1: Premature end of file.
2025-12-17 11:19:43,146 [ERROR] LogOutputStream:75 - [STDERR_REDIRECT] 
2025-12-17 11:19:44,155 [ERROR] LogOutputStream:75 - [STDERR_REDIRECT] [Fatal Error] :1:1: Premature end of file.
2025-12-17 11:19:44,155 [ERROR] LogOutputStream:75 - [STDERR_REDIRECT] 
2025-12-17 11:19:45,143 [ERROR] LogOutputStream:75 - [STDERR_REDIRECT] [Fatal Error] :1:1: Premature end of file.
2025-12-17 11:19:45,143 [ERROR] LogOutputStream:75 - [STDERR_REDIRECT] 
2025-12-17 11:19:46,143 [ERROR] LogOutputStream:75 - [STDERR_REDIRECT] [Fatal Error] :1:1: Premature end of file.
2025-12-17 11:19:46,143 [ERROR] LogOutputStream:75 - [STDERR_REDIRECT] 
2025-12-17 11:19:47,150 [ERROR] LogOutputStream:75 - [STDERR_REDIRECT] [Fatal Error] :1:1: Premature end of file.
2025-12-17 11:19:47,150 [ERROR] LogOutputStream:75 - [STDERR_REDIRECT] 
2025-12-17 11:19:48,149 [ERROR] LogOutputStream:75 - [STDERR_REDIRECT] [Fatal Error] :1:1: Premature end of file.
2025-12-17 11:19:48,149 [ERROR] LogOutputStream:75 - [STDERR_REDIRECT] 
2025-12-17 11:19:49,144 [ERROR] LogOutputStream:75 - [STDERR_REDIRECT] [Fatal Error] :1:1: Premature end of file.
2025-12-17 11:19:49,144 [ERROR] LogOutputStream:75 - [STDERR_REDIRECT] 
2025-12-17 11:19:50,151 [ERROR] LogOutputStream:75 - [STDERR_REDIRECT] [Fatal Error] :1:1: Premature end of file.
2025-12-17 11:19:50,151 [ERROR] LogOutputStream:75 - [STDERR_REDIRECT] 
2025-12-17 11:19:51,142 [ERROR] LogOutputStream:75 - [STDERR_REDIRECT] [Fatal Error] :1:1: Premature end of file.
2025-12-17 11:19:51,142 [ERROR] LogOutputStream:75 - [STDERR_REDIRECT] 
2025-12-17 11:19:52,149 [ERROR] LogOutputStream:75 - [STDERR_REDIRECT] [Fatal Error] :1:1: Premature end of file.
2025-12-17 11:19:52,149 [ERROR] LogOutputStream:75 - [STDERR_REDIRECT] 
2025-12-17 11:19:53,145 [ERROR] LogOutputStream:75 - [STDERR_REDIRECT] [Fatal Error] :1:1: Premature end of file.
2025-12-17 11:19:53,145 [ERROR] LogOutputStream:75 - [STDERR_REDIRECT] 
2025-12-17 11:19:54,152 [ERROR] LogOutputStream:75 - [STDERR_REDIRECT] [Fatal Error] :1:1: Premature end of file.
2025-12-17 11:19:54,153 [ERROR] LogOutputStream:75 - [STDERR_REDIRECT] 
2025-12-17 11:19:55,150 [ERROR] LogOutputStream:75 - [STDERR_REDIRECT] [Fatal Error] :1:1: Premature end of file.
2025-12-17 11:19:55,150 [ERROR] LogOutputStream:75 - [STDERR_REDIRECT] 
2025-12-17 11:19:56,148 [ERROR] LogOutputStream:75 - [STDERR_REDIRECT] [Fatal Error] :1:1: Premature end of file.
2025-12-17 11:19:56,148 [ERROR] LogOutputStream:75 - [STDERR_REDIRECT] 
2025-12-17 11:19:57,141 [ERROR] LogOutputStream:75 - [STDERR_REDIRECT] [Fatal Error] :1:1: Premature end of file.
2025-12-17 11:19:57,141 [ERROR] LogOutputStream:75 - [STDERR_REDIRECT] 
2025-12-17 11:19:58,152 [ERROR] LogOutputStream:75 - [STDERR_REDIRECT] [Fatal Error] :1:1: Premature end of file.
2025-12-17 11:19:58,152 [ERROR] LogOutputStream:75 - [STDERR_REDIRECT] 
2025-12-17 11:19:59,148 [ERROR] LogOutputStream:75 - [STDERR_REDIRECT] [Fatal Error] :1:1: Premature end of file.
2025-12-17 11:19:59,148 [ERROR] LogOutputStream:75 - [STDERR_REDIRECT] 
2025-12-17 11:20:00,155 [ERROR] LogOutputStream:75 - [STDERR_REDIRECT] [Fatal Error] :1:1: Premature end of file.
2025-12-17 11:20:00,155 [ERROR] LogOutputStream:75 - [STDERR_REDIRECT] 
2025-12-17 11:20:01,145 [ERROR] LogOutputStream:75 - [STDERR_REDIRECT] [Fatal Error] :1:1: Premature end of file.
2025-12-17 11:20:01,145 [ERROR] LogOutputStream:75 - [STDERR_REDIRECT] 
2025-12-17 11:20:02,139 [ERROR] LogOutputStream:75 - [STDERR_REDIRECT] [Fatal Error] :1:1: Premature end of file.
2025-12-17 11:20:02,139 [ERROR] LogOutputStream:75 - [STDERR_REDIRECT] 
2025-12-17 11:20:03,140 [ERROR] LogOutputStream:75 - [STDERR_REDIRECT] [Fatal Error] :1:1: Premature end of file.
2025-12-17 11:20:03,140 [ERROR] LogOutputStream:75 - [STDERR_REDIRECT] 
2025-12-17 11:20:04,149 [ERROR] LogOutputStream:75 - [STDERR_REDIRECT] [Fatal Error] :1:1: Premature end of file.
2025-12-17 11:20:04,149 [ERROR] LogOutputStream:75 - [STDERR_REDIRECT] 
2025-12-17 11:20:05,141 [ERROR] LogOutputStream:75 - [STDERR_REDIRECT] [Fatal Error] :1:1: Premature end of file.
2025-12-17 11:20:05,141 [ERROR] LogOutputStream:75 - [STDERR_REDIRECT] 
2025-12-17 11:20:06,141 [ERROR] LogOutputStream:75 - [STDERR_REDIRECT] [Fatal Error] :1:1: Premature end of file.
2025-12-17 11:20:06,141 [ERROR] LogOutputStream:75 - [STDERR_REDIRECT] 
2025-12-17 11:20:07,147 [ERROR] LogOutputStream:75 - [STDERR_REDIRECT] [Fatal Error] :1:1: Premature end of file.
2025-12-17 11:20:07,148 [ERROR] LogOutputStream:75 - [STDERR_REDIRECT] 
2025-12-17 11:20:08,140 [ERROR] LogOutputStream:75 - [STDERR_REDIRECT] [Fatal Error] :1:1: Premature end of file.
2025-12-17 11:20:08,140 [ERROR] LogOutputStream:75 - [STDERR_REDIRECT] 
2025-12-17 11:20:09,150 [ERROR] LogOutputStream:75 - [STDERR_REDIRECT] [Fatal Error] :1:1: Premature end of file.
2025-12-17 11:20:09,150 [ERROR] LogOutputStream:75 - [STDERR_REDIRECT] 
2025-12-17 11:20:10,145 [ERROR] LogOutputStream:75 - [STDERR_REDIRECT] [Fatal Error] :1:1: Premature end of file.
2025-12-17 11:20:10,145 [ERROR] LogOutputStream:75 - [STDERR_REDIRECT] 
2025-12-17 11:20:11,141 [ERROR] LogOutputStream:75 - [STDERR_REDIRECT] [Fatal Error] :1:1: Premature end of file.
2025-12-17 11:20:11,141 [ERROR] LogOutputStream:75 - [STDERR_REDIRECT] 
2025-12-17 11:20:12,149 [ERROR] LogOutputStream:75 - [STDERR_REDIRECT] [Fatal Error] :1:1: Premature end of file.
2025-12-17 11:20:12,150 [ERROR] LogOutputStream:75 - [STDERR_REDIRECT] 
2025-12-17 11:20:13,142 [ERROR] LogOutputStream:75 - [STDERR_REDIRECT] [Fatal Error] :1:1: Premature end of file.
2025-12-17 11:20:13,142 [ERROR] LogOutputStream:75 - [STDERR_REDIRECT] 
2025-12-17 11:20:14,155 [ERROR] LogOutputStream:75 - [STDERR_REDIRECT] [Fatal Error] :1:1: Premature end of file.
2025-12-17 11:20:14,155 [ERROR] LogOutputStream:75 - [STDERR_REDIRECT] 
2025-12-17 11:20:15,151 [ERROR] LogOutputStream:75 - [STDERR_REDIRECT] [Fatal Error] :1:1: Premature end of file.
2025-12-17 11:20:15,151 [ERROR] LogOutputStream:75 - [STDERR_REDIRECT] 
2025-12-17 11:20:16,143 [ERROR] LogOutputStream:75 - [STDERR_REDIRECT] [Fatal Error] :1:1: Premature end of file.
2025-12-17 11:20:16,143 [ERROR] LogOutputStream:75 - [STDERR_REDIRECT] 
2025-12-17 11:20:17,139 [ERROR] LogOutputStream:75 - [STDERR_REDIRECT] [Fatal Error] :1:1: Premature end of file.
2025-12-17 11:20:17,139 [ERROR] LogOutputStream:75 - [STDERR_REDIRECT] 
2025-12-17 11:20:18,149 [ERROR] LogOutputStream:75 - [STDERR_REDIRECT] [Fatal Error] :1:1: Premature end of file.
2025-12-17 11:20:18,149 [ERROR] LogOutputStream:75 - [STDERR_REDIRECT] 
2025-12-17 11:20:19,142 [ERROR] LogOutputStream:75 - [STDERR_REDIRECT] [Fatal Error] :1:1: Premature end of file.
2025-12-17 11:20:19,142 [ERROR] LogOutputStream:75 - [STDERR_REDIRECT] 
2025-12-17 11:20:20,142 [ERROR] LogOutputStream:75 - [STDERR_REDIRECT] [Fatal Error] :1:1: Premature end of file.
2025-12-17 11:20:20,142 [ERROR] LogOutputStream:75 - [STDERR_REDIRECT] 
2025-12-17 11:20:21,141 [ERROR] LogOutputStream:75 - [STDERR_REDIRECT] [Fatal Error] :1:1: Premature end of file.
2025-12-17 11:20:21,141 [ERROR] LogOutputStream:75 - [STDERR_REDIRECT] 
2025-12-17 11:20:22,147 [ERROR] LogOutputStream:75 - [STDERR_REDIRECT] [Fatal Error] :1:1: Premature end of file.
2025-12-17 11:20:22,147 [ERROR] LogOutputStream:75 - [STDERR_REDIRECT] 
2025-12-17 11:20:23,140 [ERROR] LogOutputStream:75 - [STDERR_REDIRECT] [Fatal Error] :1:1: Premature end of file.
2025-12-17 11:20:23,140 [ERROR] LogOutputStream:75 - [STDERR_REDIRECT] 
2025-12-17 11:20:24,155 [ERROR] LogOutputStream:75 - [STDERR_REDIRECT] [Fatal Error] :1:1: Premature end of file.
2025-12-17 11:20:24,156 [ERROR] LogOutputStream:75 - [STDERR_REDIRECT] 
2025-12-17 11:20:25,149 [ERROR] LogOutputStream:75 - [STDERR_REDIRECT] [Fatal Error] :1:1: Premature end of file.
2025-12-17 11:20:25,149 [ERROR] LogOutputStream:75 - [STDERR_REDIRECT] 
2025-12-17 11:20:26,151 [ERROR] LogOutputStream:75 - [STDERR_REDIRECT] [Fatal Error] :1:1: Premature end of file.
2025-12-17 11:20:26,151 [ERROR] LogOutputStream:75 - [STDERR_REDIRECT] 
2025-12-17 11:20:27,140 [ERROR] LogOutputStream:75 - [STDERR_REDIRECT] [Fatal Error] :1:1: Premature end of file.
2025-12-17 11:20:27,140 [ERROR] LogOutputStream:75 - [STDERR_REDIRECT] 
2025-12-17 11:20:28,138 [ERROR] LogOutputStream:75 - [STDERR_REDIRECT] [Fatal Error] :1:1: Premature end of file.
2025-12-17 11:20:28,138 [ERROR] LogOutputStream:75 - [STDERR_REDIRECT] 
2025-12-17 11:20:29,138 [ERROR] LogOutputStream:75 - [STDERR_REDIRECT] [Fatal Error] :1:1: Premature end of file.
2025-12-17 11:20:29,139 [ERROR] LogOutputStream:75 - [STDERR_REDIRECT] 
2025-12-17 11:20:30,139 [ERROR] LogOutputStream:75 - [STDERR_REDIRECT] [Fatal Error] :1:1: Premature end of file.
2025-12-17 11:20:30,139 [ERROR] LogOutputStream:75 - [STDERR_REDIRECT] 
2025-12-17 11:20:31,139 [ERROR] LogOutputStream:75 - [STDERR_REDIRECT] [Fatal Error] :1:1: Premature end of file.
2025-12-17 11:20:31,139 [ERROR] LogOutputStream:75 - [STDERR_REDIRECT] 
2025-12-17 11:20:32,139 [ERROR] LogOutputStream:75 - [STDERR_REDIRECT] [Fatal Error] :1:1: Premature end of file.
2025-12-17 11:20:32,140 [ERROR] LogOutputStream:75 - [STDERR_REDIRECT] 
2025-12-17 11:20:33,139 [ERROR] LogOutputStream:75 - [STDERR_REDIRECT] [Fatal Error] :1:1: Premature end of file.
2025-12-17 11:20:33,139 [ERROR] LogOutputStream:75 - [STDERR_REDIRECT] 
2025-12-17 11:20:34,140 [ERROR] LogOutputStream:75 - [STDERR_REDIRECT] [Fatal Error] :1:1: Premature end of file.
2025-12-17 11:20:34,140 [ERROR] LogOutputStream:75 - [STDERR_REDIRECT] 
2025-12-17 11:20:35,138 [ERROR] LogOutputStream:75 - [STDERR_REDIRECT] [Fatal Error] :1:1: Premature end of file.
2025-12-17 11:20:35,138 [ERROR] LogOutputStream:75 - [STDERR_REDIRECT] 
2025-12-17 11:20:36,138 [ERROR] LogOutputStream:75 - [STDERR_REDIRECT] [Fatal Error] :1:1: Premature end of file.
2025-12-17 11:20:36,138 [ERROR] LogOutputStream:75 - [STDERR_REDIRECT] 
2025-12-17 11:20:37,139 [ERROR] LogOutputStream:75 - [STDERR_REDIRECT] [Fatal Error] :1:1: Premature end of file.
2025-12-17 11:20:37,139 [ERROR] LogOutputStream:75 - [STDERR_REDIRECT] 
2025-12-17 11:20:38,139 [ERROR] LogOutputStream:75 - [STDERR_REDIRECT] [Fatal Error] :1:1: Premature end of file.
2025-12-17 11:20:38,139 [ERROR] LogOutputStream:75 - [STDERR_REDIRECT] 
2025-12-17 11:20:39,139 [ERROR] LogOutputStream:75 - [STDERR_REDIRECT] [Fatal Error] :1:1: Premature end of file.
2025-12-17 11:20:39,139 [ERROR] LogOutputStream:75 - [STDERR_REDIRECT] 
2025-12-17 11:20:40,140 [ERROR] LogOutputStream:75 - [STDERR_REDIRECT] [Fatal Error] :1:1: Premature end of file.
2025-12-17 11:20:40,140 [ERROR] LogOutputStream:75 - [STDERR_REDIRECT] 
2025-12-17 11:20:41,138 [ERROR] LogOutputStream:75 - [STDERR_REDIRECT] [Fatal Error] :1:1: Premature end of file.
2025-12-17 11:20:41,138 [ERROR] LogOutputStream:75 - [STDERR_REDIRECT] 
2025-12-17 11:20:42,139 [ERROR] LogOutputStream:75 - [STDERR_REDIRECT] [Fatal Error] :1:1: Premature end of file.
2025-12-17 11:20:42,139 [ERROR] LogOutputStream:75 - [STDERR_REDIRECT] 
2025-12-17 11:20:43,138 [ERROR] LogOutputStream:75 - [STDERR_REDIRECT] [Fatal Error] :1:1: Premature end of file.
2025-12-17 11:20:43,138 [ERROR] LogOutputStream:75 - [STDERR_REDIRECT] 
2025-12-17 11:20:44,139 [ERROR] LogOutputStream:75 - [STDERR_REDIRECT] [Fatal Error] :1:1: Premature end of file.
2025-12-17 11:20:44,139 [ERROR] LogOutputStream:75 - [STDERR_REDIRECT] 
2025-12-17 11:20:45,150 [ERROR] LogOutputStream:75 - [STDERR_REDIRECT] [Fatal Error] :1:1: Premature end of file.
2025-12-17 11:20:45,150 [ERROR] LogOutputStream:75 - [STDERR_REDIRECT] 
2025-12-17 11:20:46,140 [ERROR] LogOutputStream:75 - [STDERR_REDIRECT] [Fatal Error] :1:1: Premature end of file.
2025-12-17 11:20:46,141 [ERROR] LogOutputStream:75 - [STDERR_REDIRECT] 
2025-12-17 11:20:47,139 [ERROR] LogOutputStream:75 - [STDERR_REDIRECT] [Fatal Error] :1:1: Premature end of file.
2025-12-17 11:20:47,139 [ERROR] LogOutputStream:75 - [STDERR_REDIRECT] 
2025-12-17 11:20:48,138 [ERROR] LogOutputStream:75 - [STDERR_REDIRECT] [Fatal Error] :1:1: Premature end of file.
2025-12-17 11:20:48,138 [ERROR] LogOutputStream:75 - [STDERR_REDIRECT] 
2025-12-17 11:20:49,140 [ERROR] LogOutputStream:75 - [STDERR_REDIRECT] [Fatal Error] :1:1: Premature end of file.
2025-12-17 11:20:49,140 [ERROR] LogOutputStream:75 - [STDERR_REDIRECT] 
2025-12-17 11:20:50,139 [ERROR] LogOutputStream:75 - [STDERR_REDIRECT] [Fatal Error] :1:1: Premature end of file.
2025-12-17 11:20:50,139 [ERROR] LogOutputStream:75 - [STDERR_REDIRECT] 
2025-12-17 11:20:51,138 [ERROR] LogOutputStream:75 - [STDERR_REDIRECT] [Fatal Error] :1:1: Premature end of file.
2025-12-17 11:20:51,138 [ERROR] LogOutputStream:75 - [STDERR_REDIRECT] 
2025-12-17 11:20:52,139 [ERROR] LogOutputStream:75 - [STDERR_REDIRECT] [Fatal Error] :1:1: Premature end of file.
2025-12-17 11:20:52,139 [ERROR] LogOutputStream:75 - [STDERR_REDIRECT] 
2025-12-17 11:20:53,138 [ERROR] LogOutputStream:75 - [STDERR_REDIRECT] [Fatal Error] :1:1: Premature end of file.
2025-12-17 11:20:53,138 [ERROR] LogOutputStream:75 - [STDERR_REDIRECT] 
2025-12-17 11:20:54,138 [ERROR] LogOutputStream:75 - [STDERR_REDIRECT] [Fatal Error] :1:1: Premature end of file.
2025-12-17 11:20:54,138 [ERROR] LogOutputStream:75 - [STDERR_REDIRECT] 
2025-12-17 11:20:55,138 [ERROR] LogOutputStream:75 - [STDERR_REDIRECT] [Fatal Error] :1:1: Premature end of file.
2025-12-17 11:20:55,138 [ERROR] LogOutputStream:75 - [STDERR_REDIRECT] 
2025-12-17 11:20:56,138 [ERROR] LogOutputStream:75 - [STDERR_REDIRECT] [Fatal Error] :1:1: Premature end of file.
2025-12-17 11:20:56,138 [ERROR] LogOutputStream:75 - [STDERR_REDIRECT] 
2025-12-17 11:20:57,138 [ERROR] LogOutputStream:75 - [STDERR_REDIRECT] [Fatal Error] :1:1: Premature end of file.
2025-12-17 11:20:57,138 [ERROR] LogOutputStream:75 - [STDERR_REDIRECT] 
2025-12-17 11:20:58,138 [ERROR] LogOutputStream:75 - [STDERR_REDIRECT] [Fatal Error] :1:1: Premature end of file.
2025-12-17 11:20:58,138 [ERROR] LogOutputStream:75 - [STDERR_REDIRECT] 
2025-12-17 11:20:59,138 [ERROR] LogOutputStream:75 - [STDERR_REDIRECT] [Fatal Error] :1:1: Premature end of file.
2025-12-17 11:20:59,138 [ERROR] LogOutputStream:75 - [STDERR_REDIRECT] 
2025-12-17 11:21:00,137 [ERROR] LogOutputStream:75 - [STDERR_REDIRECT] [Fatal Error] :1:1: Premature end of file.
2025-12-17 11:21:00,137 [ERROR] LogOutputStream:75 - [STDERR_REDIRECT] 
2025-12-17 11:21:01,137 [ERROR] LogOutputStream:75 - [STDERR_REDIRECT] [Fatal Error] :1:1: Premature end of file.
2025-12-17 11:21:01,138 [ERROR] LogOutputStream:75 - [STDERR_REDIRECT] 
2025-12-17 11:21:02,137 [ERROR] LogOutputStream:75 - [STDERR_REDIRECT] [Fatal Error] :1:1: Premature end of file.
2025-12-17 11:21:02,138 [ERROR] LogOutputStream:75 - [STDERR_REDIRECT] 
2025-12-17 11:21:03,139 [ERROR] LogOutputStream:75 - [STDERR_REDIRECT] [Fatal Error] :1:1: Premature end of file.
2025-12-17 11:21:03,139 [ERROR] LogOutputStream:75 - [STDERR_REDIRECT] 
2025-12-17 11:21:04,137 [ERROR] LogOutputStream:75 - [STDERR_REDIRECT] [Fatal Error] :1:1: Premature end of file.
2025-12-17 11:21:04,138 [ERROR] LogOutputStream:75 - [STDERR_REDIRECT] 
2025-12-17 11:21:05,138 [ERROR] LogOutputStream:75 - [STDERR_REDIRECT] [Fatal Error] :1:1: Premature end of file.
2025-12-17 11:21:05,138 [ERROR] LogOutputStream:75 - [STDERR_REDIRECT] 
2025-12-17 11:21:06,137 [ERROR] LogOutputStream:75 - [STDERR_REDIRECT] [Fatal Error] :1:1: Premature end of file.
2025-12-17 11:21:06,137 [ERROR] LogOutputStream:75 - [STDERR_REDIRECT] 
2025-12-17 11:21:07,138 [ERROR] LogOutputStream:75 - [STDERR_REDIRECT] [Fatal Error] :1:1: Premature end of file.
2025-12-17 11:21:07,138 [ERROR] LogOutputStream:75 - [STDERR_REDIRECT] 
2025-12-17 11:21:08,138 [ERROR] LogOutputStream:75 - [STDERR_REDIRECT] [Fatal Error] :1:1: Premature end of file.
2025-12-17 11:21:08,139 [ERROR] LogOutputStream:75 - [STDERR_REDIRECT] 
2025-12-17 11:21:09,137 [ERROR] LogOutputStream:75 - [STDERR_REDIRECT] [Fatal Error] :1:1: Premature end of file.
2025-12-17 11:21:09,137 [ERROR] LogOutputStream:75 - [STDERR_REDIRECT] 
2025-12-17 11:21:10,139 [ERROR] LogOutputStream:75 - [STDERR_REDIRECT] [Fatal Error] :1:1: Premature end of file.
2025-12-17 11:21:10,139 [ERROR] LogOutputStream:75 - [STDERR_REDIRECT] 
2025-12-17 11:21:11,138 [ERROR] LogOutputStream:75 - [STDERR_REDIRECT] [Fatal Error] :1:1: Premature end of file.
2025-12-17 11:21:11,138 [ERROR] LogOutputStream:75 - [STDERR_REDIRECT] 
2025-12-17 11:21:12,137 [ERROR] LogOutputStream:75 - [STDERR_REDIRECT] [Fatal Error] :1:1: Premature end of file.
2025-12-17 11:21:12,137 [ERROR] LogOutputStream:75 - [STDERR_REDIRECT] 
2025-12-17 11:21:13,137 [ERROR] LogOutputStream:75 - [STDERR_REDIRECT] [Fatal Error] :1:1: Premature end of file.
2025-12-17 11:21:13,137 [ERROR] LogOutputStream:75 - [STDERR_REDIRECT] 
2025-12-17 11:21:14,139 [ERROR] LogOutputStream:75 - [STDERR_REDIRECT] [Fatal Error] :1:1: Premature end of file.
2025-12-17 11:21:14,139 [ERROR] LogOutputStream:75 - [STDERR_REDIRECT] 
2025-12-17 11:21:15,138 [ERROR] LogOutputStream:75 - [STDERR_REDIRECT] [Fatal Error] :1:1: Premature end of file.
2025-12-17 11:21:15,138 [ERROR] LogOutputStream:75 - [STDERR_REDIRECT] 
2025-12-17 11:21:16,138 [ERROR] LogOutputStream:75 - [STDERR_REDIRECT] [Fatal Error] :1:1: Premature end of file.
2025-12-17 11:21:16,138 [ERROR] LogOutputStream:75 - [STDERR_REDIRECT] 
2025-12-17 11:21:17,137 [ERROR] LogOutputStream:75 - [STDERR_REDIRECT] [Fatal Error] :1:1: Premature end of file.
2025-12-17 11:21:17,137 [ERROR] LogOutputStream:75 - [STDERR_REDIRECT] 
2025-12-17 11:21:18,138 [ERROR] LogOutputStream:75 - [STDERR_REDIRECT] [Fatal Error] :1:1: Premature end of file.
2025-12-17 11:21:18,138 [ERROR] LogOutputStream:75 - [STDERR_REDIRECT] 
2025-12-17 11:21:19,137 [ERROR] LogOutputStream:75 - [STDERR_REDIRECT] [Fatal Error] :1:1: Premature end of file.
2025-12-17 11:21:19,137 [ERROR] LogOutputStream:75 - [STDERR_REDIRECT] 
2025-12-17 11:21:20,138 [ERROR] LogOutputStream:75 - [STDERR_REDIRECT] [Fatal Error] :1:1: Premature end of file.
2025-12-17 11:21:20,139 [ERROR] LogOutputStream:75 - [STDERR_REDIRECT] 
2025-12-17 11:21:21,137 [ERROR] LogOutputStream:75 - [STDERR_REDIRECT] [Fatal Error] :1:1: Premature end of file.
2025-12-17 11:21:21,137 [ERROR] LogOutputStream:75 - [STDERR_REDIRECT] 
2025-12-17 11:21:22,137 [ERROR] LogOutputStream:75 - [STDERR_REDIRECT] [Fatal Error] :1:1: Premature end of file.
2025-12-17 11:21:22,138 [ERROR] LogOutputStream:75 - [STDERR_REDIRECT] 
2025-12-17 11:21:23,139 [ERROR] LogOutputStream:75 - [STDERR_REDIRECT] [Fatal Error] :1:1: Premature end of file.
2025-12-17 11:21:23,139 [ERROR] LogOutputStream:75 - [STDERR_REDIRECT] 
2025-12-17 11:21:24,139 [ERROR] LogOutputStream:75 - [STDERR_REDIRECT] [Fatal Error] :1:1: Premature end of file.
2025-12-17 11:21:24,139 [ERROR] LogOutputStream:75 - [STDERR_REDIRECT] 
2025-12-17 11:21:25,137 [ERROR] LogOutputStream:75 - [STDERR_REDIRECT] [Fatal Error] :1:1: Premature end of file.
2025-12-17 11:21:25,137 [ERROR] LogOutputStream:75 - [STDERR_REDIRECT] 
2025-12-17 11:21:26,137 [ERROR] LogOutputStream:75 - [STDERR_REDIRECT] [Fatal Error] :1:1: Premature end of file.
2025-12-17 11:21:26,137 [ERROR] LogOutputStream:75 - [STDERR_REDIRECT] 
2025-12-17 11:21:27,139 [ERROR] LogOutputStream:75 - [STDERR_REDIRECT] [Fatal Error] :1:1: Premature end of file.
2025-12-17 11:21:27,139 [ERROR] LogOutputStream:75 - [STDERR_REDIRECT] 
2025-12-17 11:21:28,143 [ERROR] LogOutputStream:75 - [STDERR_REDIRECT] [Fatal Error] :1:1: Premature end of file.
2025-12-17 11:21:28,143 [ERROR] LogOutputStream:75 - [STDERR_REDIRECT] 
2025-12-17 11:21:29,137 [ERROR] LogOutputStream:75 - [STDERR_REDIRECT] [Fatal Error] :1:1: Premature end of file.
2025-12-17 11:21:29,137 [ERROR] LogOutputStream:75 - [STDERR_REDIRECT] 
2025-12-17 11:21:30,141 [ERROR] LogOutputStream:75 - [STDERR_REDIRECT] [Fatal Error] :1:1: Premature end of file.
2025-12-17 11:21:30,141 [ERROR] LogOutputStream:75 - [STDERR_REDIRECT] 
2025-12-17 11:21:31,139 [ERROR] LogOutputStream:75 - [STDERR_REDIRECT] [Fatal Error] :1:1: Premature end of file.
2025-12-17 11:21:31,139 [ERROR] LogOutputStream:75 - [STDERR_REDIRECT] 
2025-12-17 11:21:32,135 [ERROR] LogOutputStream:75 - [STDERR_REDIRECT] [Fatal Error] :1:1: Premature end of file.
2025-12-17 11:21:32,135 [ERROR] LogOutputStream:75 - [STDERR_REDIRECT] 
2025-12-17 11:21:33,137 [ERROR] LogOutputStream:75 - [STDERR_REDIRECT] [Fatal Error] :1:1: Premature end of file.
2025-12-17 11:21:33,137 [ERROR] LogOutputStream:75 - [STDERR_REDIRECT] 
2025-12-17 11:21:34,139 [ERROR] LogOutputStream:75 - [STDERR_REDIRECT] [Fatal Error] :1:1: Premature end of file.
2025-12-17 11:21:34,139 [ERROR] LogOutputStream:75 - [STDERR_REDIRECT] 
2025-12-17 11:21:35,138 [ERROR] LogOutputStream:75 - [STDERR_REDIRECT] [Fatal Error] :1:1: Premature end of file.
2025-12-17 11:21:35,138 [ERROR] LogOutputStream:75 - [STDERR_REDIRECT] 
2025-12-17 11:21:36,139 [ERROR] LogOutputStream:75 - [STDERR_REDIRECT] [Fatal Error] :1:1: Premature end of file.
2025-12-17 11:21:36,139 [ERROR] LogOutputStream:75 - [STDERR_REDIRECT] 
2025-12-17 11:21:37,139 [ERROR] LogOutputStream:75 - [STDERR_REDIRECT] [Fatal Error] :1:1: Premature end of file.
2025-12-17 11:21:37,140 [ERROR] LogOutputStream:75 - [STDERR_REDIRECT] 
2025-12-17 11:21:38,139 [ERROR] LogOutputStream:75 - [STDERR_REDIRECT] [Fatal Error] :1:1: Premature end of file.
2025-12-17 11:21:38,139 [ERROR] LogOutputStream:75 - [STDERR_REDIRECT] 
2025-12-17 11:21:39,139 [ERROR] LogOutputStream:75 - [STDERR_REDIRECT] [Fatal Error] :1:1: Premature end of file.
2025-12-17 11:21:39,139 [ERROR] LogOutputStream:75 - [STDERR_REDIRECT] 
2025-12-17 11:21:40,137 [ERROR] LogOutputStream:75 - [STDERR_REDIRECT] [Fatal Error] :1:1: Premature end of file.
2025-12-17 11:21:40,137 [ERROR] LogOutputStream:75 - [STDERR_REDIRECT] 
2025-12-17 11:21:41,139 [ERROR] LogOutputStream:75 - [STDERR_REDIRECT] [Fatal Error] :1:1: Premature end of file.
2025-12-17 11:21:41,139 [ERROR] LogOutputStream:75 - [STDERR_REDIRECT] 
2025-12-17 11:21:42,139 [ERROR] LogOutputStream:75 - [STDERR_REDIRECT] [Fatal Error] :1:1: Premature end of file.
2025-12-17 11:21:42,139 [ERROR] LogOutputStream:75 - [STDERR_REDIRECT] 
2025-12-17 11:21:43,140 [ERROR] LogOutputStream:75 - [STDERR_REDIRECT] [Fatal Error] :1:1: Premature end of file.
2025-12-17 11:21:43,140 [ERROR] LogOutputStream:75 - [STDERR_REDIRECT] 
2025-12-17 11:21:44,141 [ERROR] LogOutputStream:75 - [STDERR_REDIRECT] [Fatal Error] :1:1: Premature end of file.
2025-12-17 11:21:44,141 [ERROR] LogOutputStream:75 - [STDERR_REDIRECT] 
2025-12-17 11:21:45,140 [ERROR] LogOutputStream:75 - [STDERR_REDIRECT] [Fatal Error] :1:1: Premature end of file.
2025-12-17 11:21:45,140 [ERROR] LogOutputStream:75 - [STDERR_REDIRECT] 
2025-12-17 11:21:46,138 [ERROR] LogOutputStream:75 - [STDERR_REDIRECT] [Fatal Error] :1:1: Premature end of file.
2025-12-17 11:21:46,138 [ERROR] LogOutputStream:75 - [STDERR_REDIRECT] 
2025-12-17 11:21:47,139 [ERROR] LogOutputStream:75 - [STDERR_REDIRECT] [Fatal Error] :1:1: Premature end of file.
2025-12-17 11:21:47,140 [ERROR] LogOutputStream:75 - [STDERR_REDIRECT] 
2025-12-17 11:21:48,140 [ERROR] LogOutputStream:75 - [STDERR_REDIRECT] [Fatal Error] :1:1: Premature end of file.
2025-12-17 11:21:48,140 [ERROR] LogOutputStream:75 - [STDERR_REDIRECT] 
2025-12-17 11:21:49,138 [ERROR] LogOutputStream:75 - [STDERR_REDIRECT] [Fatal Error] :1:1: Premature end of file.
2025-12-17 11:21:49,139 [ERROR] LogOutputStream:75 - [STDERR_REDIRECT] 
2025-12-17 11:21:50,139 [ERROR] LogOutputStream:75 - [STDERR_REDIRECT] [Fatal Error] :1:1: Premature end of file.
2025-12-17 11:21:50,140 [ERROR] LogOutputStream:75 - [STDERR_REDIRECT] 
2025-12-17 11:21:51,137 [ERROR] LogOutputStream:75 - [STDERR_REDIRECT] [Fatal Error] :1:1: Premature end of file.
2025-12-17 11:21:51,137 [ERROR] LogOutputStream:75 - [STDERR_REDIRECT] 
2025-12-17 11:21:52,138 [ERROR] LogOutputStream:75 - [STDERR_REDIRECT] [Fatal Error] :1:1: Premature end of file.
2025-12-17 11:21:52,139 [ERROR] LogOutputStream:75 - [STDERR_REDIRECT] 
2025-12-17 11:21:53,138 [ERROR] LogOutputStream:75 - [STDERR_REDIRECT] [Fatal Error] :1:1: Premature end of file.
2025-12-17 11:21:53,139 [ERROR] LogOutputStream:75 - [STDERR_REDIRECT] 
2025-12-17 11:21:54,139 [ERROR] LogOutputStream:75 - [STDERR_REDIRECT] [Fatal Error] :1:1: Premature end of file.
2025-12-17 11:21:54,139 [ERROR] LogOutputStream:75 - [STDERR_REDIRECT] 
2025-12-17 11:21:55,137 [ERROR] LogOutputStream:75 - [STDERR_REDIRECT] [Fatal Error] :1:1: Premature end of file.
2025-12-17 11:21:55,139 [ERROR] LogOutputStream:75 - [STDERR_REDIRECT] 
2025-12-17 11:21:56,139 [ERROR] LogOutputStream:75 - [STDERR_REDIRECT] [Fatal Error] :1:1: Premature end of file.
2025-12-17 11:21:56,139 [ERROR] LogOutputStream:75 - [STDERR_REDIRECT] 
2025-12-17 11:21:57,140 [ERROR] LogOutputStream:75 - [STDERR_REDIRECT] [Fatal Error] :1:1: Premature end of file.
2025-12-17 11:21:57,140 [ERROR] LogOutputStream:75 - [STDERR_REDIRECT] 
2025-12-17 11:21:58,139 [ERROR] LogOutputStream:75 - [STDERR_REDIRECT] [Fatal Error] :1:1: Premature end of file.
2025-12-17 11:21:58,139 [ERROR] LogOutputStream:75 - [STDERR_REDIRECT] 
2025-12-17 11:21:59,138 [ERROR] LogOutputStream:75 - [STDERR_REDIRECT] [Fatal Error] :1:1: Premature end of file.
2025-12-17 11:21:59,138 [ERROR] LogOutputStream:75 - [STDERR_REDIRECT] 
2025-12-17 11:22:00,138 [ERROR] LogOutputStream:75 - [STDERR_REDIRECT] [Fatal Error] :1:1: Premature end of file.
2025-12-17 11:22:00,139 [ERROR] LogOutputStream:75 - [STDERR_REDIRECT] 
2025-12-17 11:22:01,140 [ERROR] LogOutputStream:75 - [STDERR_REDIRECT] [Fatal Error] :1:1: Premature end of file.
2025-12-17 11:22:01,140 [ERROR] LogOutputStream:75 - [STDERR_REDIRECT] 
2025-12-17 11:22:02,137 [ERROR] LogOutputStream:75 - [STDERR_REDIRECT] [Fatal Error] :1:1: Premature end of file.
2025-12-17 11:22:02,138 [ERROR] LogOutputStream:75 - [STDERR_REDIRECT] 
2025-12-17 11:22:03,138 [ERROR] LogOutputStream:75 - [STDERR_REDIRECT] [Fatal Error] :1:1: Premature end of file.
2025-12-17 11:22:03,138 [ERROR] LogOutputStream:75 - [STDERR_REDIRECT] 
2025-12-17 11:22:04,139 [ERROR] LogOutputStream:75 - [STDERR_REDIRECT] [Fatal Error] :1:1: Premature end of file.
2025-12-17 11:22:04,139 [ERROR] LogOutputStream:75 - [STDERR_REDIRECT] 
2025-12-17 11:22:05,139 [ERROR] LogOutputStream:75 - [STDERR_REDIRECT] [Fatal Error] :1:1: Premature end of file.
2025-12-17 11:22:05,139 [ERROR] LogOutputStream:75 - [STDERR_REDIRECT] 
2025-12-17 11:22:06,137 [ERROR] LogOutputStream:75 - [STDERR_REDIRECT] [Fatal Error] :1:1: Premature end of file.
2025-12-17 11:22:06,138 [ERROR] LogOutputStream:75 - [STDERR_REDIRECT] 
2025-12-17 11:22:07,139 [ERROR] LogOutputStream:75 - [STDERR_REDIRECT] [Fatal Error] :1:1: Premature end of file.
2025-12-17 11:22:07,139 [ERROR] LogOutputStream:75 - [STDERR_REDIRECT] 
2025-12-17 11:22:08,137 [ERROR] LogOutputStream:75 - [STDERR_REDIRECT] [Fatal Error] :1:1: Premature end of file.
2025-12-17 11:22:08,138 [ERROR] LogOutputStream:75 - [STDERR_REDIRECT] 
2025-12-17 11:22:09,139 [ERROR] LogOutputStream:75 - [STDERR_REDIRECT] [Fatal Error] :1:1: Premature end of file.
2025-12-17 11:22:09,139 [ERROR] LogOutputStream:75 - [STDERR_REDIRECT] 
2025-12-17 11:22:10,138 [ERROR] LogOutputStream:75 - [STDERR_REDIRECT] [Fatal Error] :1:1: Premature end of file.
2025-12-17 11:22:10,138 [ERROR] LogOutputStream:75 - [STDERR_REDIRECT] 
2025-12-17 11:22:11,138 [ERROR] LogOutputStream:75 - [STDERR_REDIRECT] [Fatal Error] :1:1: Premature end of file.
2025-12-17 11:22:11,138 [ERROR] LogOutputStream:75 - [STDERR_REDIRECT] 
2025-12-17 11:22:12,138 [ERROR] LogOutputStream:75 - [STDERR_REDIRECT] [Fatal Error] :1:1: Premature end of file.
2025-12-17 11:22:12,138 [ERROR] LogOutputStream:75 - [STDERR_REDIRECT] 
2025-12-17 11:22:13,138 [ERROR] LogOutputStream:75 - [STDERR_REDIRECT] [Fatal Error] :1:1: Premature end of file.
2025-12-17 11:22:13,138 [ERROR] LogOutputStream:75 - [STDERR_REDIRECT] 
2025-12-17 11:22:14,139 [ERROR] LogOutputStream:75 - [STDERR_REDIRECT] [Fatal Error] :1:1: Premature end of file.
2025-12-17 11:22:14,139 [ERROR] LogOutputStream:75 - [STDERR_REDIRECT] 
2025-12-17 11:22:15,139 [ERROR] LogOutputStream:75 - [STDERR_REDIRECT] [Fatal Error] :1:1: Premature end of file.
2025-12-17 11:22:15,139 [ERROR] LogOutputStream:75 - [STDERR_REDIRECT] 
2025-12-17 11:22:16,139 [ERROR] LogOutputStream:75 - [STDERR_REDIRECT] [Fatal Error] :1:1: Premature end of file.
2025-12-17 11:22:16,139 [ERROR] LogOutputStream:75 - [STDERR_REDIRECT] 
2025-12-17 11:22:17,138 [ERROR] LogOutputStream:75 - [STDERR_REDIRECT] [Fatal Error] :1:1: Premature end of file.
2025-12-17 11:22:17,138 [ERROR] LogOutputStream:75 - [STDERR_REDIRECT] 
2025-12-17 11:22:18,138 [ERROR] LogOutputStream:75 - [STDERR_REDIRECT] [Fatal Error] :1:1: Premature end of file.
2025-12-17 11:22:18,138 [ERROR] LogOutputStream:75 - [STDERR_REDIRECT] 
2025-12-17 11:22:19,138 [ERROR] LogOutputStream:75 - [STDERR_REDIRECT] [Fatal Error] :1:1: Premature end of file.
2025-12-17 11:22:19,138 [ERROR] LogOutputStream:75 - [STDERR_REDIRECT] 
2025-12-17 11:22:20,138 [ERROR] LogOutputStream:75 - [STDERR_REDIRECT] [Fatal Error] :1:1: Premature end of file.
2025-12-17 11:22:20,138 [ERROR] LogOutputStream:75 - [STDERR_REDIRECT] 
2025-12-17 11:22:21,138 [ERROR] LogOutputStream:75 - [STDERR_REDIRECT] [Fatal Error] :1:1: Premature end of file.
2025-12-17 11:22:21,138 [ERROR] LogOutputStream:75 - [STDERR_REDIRECT] 
2025-12-17 11:22:22,137 [ERROR] LogOutputStream:75 - [STDERR_REDIRECT] [Fatal Error] :1:1: Premature end of file.
2025-12-17 11:22:22,137 [ERROR] LogOutputStream:75 - [STDERR_REDIRECT] 
2025-12-17 11:22:23,139 [ERROR] LogOutputStream:75 - [STDERR_REDIRECT] [Fatal Error] :1:1: Premature end of file.
2025-12-17 11:22:23,139 [ERROR] LogOutputStream:75 - [STDERR_REDIRECT] 
2025-12-17 11:22:24,138 [ERROR] LogOutputStream:75 - [STDERR_REDIRECT] [Fatal Error] :1:1: Premature end of file.
2025-12-17 11:22:24,138 [ERROR] LogOutputStream:75 - [STDERR_REDIRECT] 
2025-12-17 11:22:25,138 [ERROR] LogOutputStream:75 - [STDERR_REDIRECT] [Fatal Error] :1:1: Premature end of file.
2025-12-17 11:22:25,138 [ERROR] LogOutputStream:75 - [STDERR_REDIRECT] 
2025-12-17 11:22:26,139 [ERROR] LogOutputStream:75 - [STDERR_REDIRECT] [Fatal Error] :1:1: Premature end of file.
2025-12-17 11:22:26,139 [ERROR] LogOutputStream:75 - [STDERR_REDIRECT] 
2025-12-17 11:22:27,137 [ERROR] LogOutputStream:75 - [STDERR_REDIRECT] [Fatal Error] :1:1: Premature end of file.
2025-12-17 11:22:27,137 [ERROR] LogOutputStream:75 - [STDERR_REDIRECT] 
2025-12-17 11:22:28,139 [ERROR] LogOutputStream:75 - [STDERR_REDIRECT] [Fatal Error] :1:1: Premature end of file.
2025-12-17 11:22:28,139 [ERROR] LogOutputStream:75 - [STDERR_REDIRECT] 
2025-12-17 11:22:29,138 [ERROR] LogOutputStream:75 - [STDERR_REDIRECT] [Fatal Error] :1:1: Premature end of file.
2025-12-17 11:22:29,139 [ERROR] LogOutputStream:75 - [STDERR_REDIRECT] 
2025-12-17 11:22:30,138 [ERROR] LogOutputStream:75 - [STDERR_REDIRECT] [Fatal Error] :1:1: Premature end of file.
2025-12-17 11:22:30,138 [ERROR] LogOutputStream:75 - [STDERR_REDIRECT] 
2025-12-17 11:22:31,137 [ERROR] LogOutputStream:75 - [STDERR_REDIRECT] [Fatal Error] :1:1: Premature end of file.
2025-12-17 11:22:31,139 [ERROR] LogOutputStream:75 - [STDERR_REDIRECT] 
2025-12-17 11:22:32,137 [ERROR] LogOutputStream:75 - [STDERR_REDIRECT] [Fatal Error] :1:1: Premature end of file.
2025-12-17 11:22:32,137 [ERROR] LogOutputStream:75 - [STDERR_REDIRECT] 
2025-12-17 11:22:33,137 [ERROR] LogOutputStream:75 - [STDERR_REDIRECT] [Fatal Error] :1:1: Premature end of file.
2025-12-17 11:22:33,137 [ERROR] LogOutputStream:75 - [STDERR_REDIRECT] 
2025-12-17 11:22:34,138 [ERROR] LogOutputStream:75 - [STDERR_REDIRECT] [Fatal Error] :1:1: Premature end of file.
2025-12-17 11:22:34,138 [ERROR] LogOutputStream:75 - [STDERR_REDIRECT] 
2025-12-17 11:22:35,137 [ERROR] LogOutputStream:75 - [STDERR_REDIRECT] [Fatal Error] :1:1: Premature end of file.
2025-12-17 11:22:35,138 [ERROR] LogOutputStream:75 - [STDERR_REDIRECT] 
2025-12-17 11:22:36,138 [ERROR] LogOutputStream:75 - [STDERR_REDIRECT] [Fatal Error] :1:1: Premature end of file.
2025-12-17 11:22:36,139 [ERROR] LogOutputStream:75 - [STDERR_REDIRECT] 
2025-12-17 11:22:37,138 [ERROR] LogOutputStream:75 - [STDERR_REDIRECT] [Fatal Error] :1:1: Premature end of file.
2025-12-17 11:22:37,138 [ERROR] LogOutputStream:75 - [STDERR_REDIRECT] 
2025-12-17 11:22:38,137 [ERROR] LogOutputStream:75 - [STDERR_REDIRECT] [Fatal Error] :1:1: Premature end of file.
2025-12-17 11:22:38,138 [ERROR] LogOutputStream:75 - [STDERR_REDIRECT] 
2025-12-17 11:22:39,137 [ERROR] LogOutputStream:75 - [STDERR_REDIRECT] [Fatal Error] :1:1: Premature end of file.
2025-12-17 11:22:39,138 [ERROR] LogOutputStream:75 - [STDERR_REDIRECT] 
2025-12-17 11:22:40,138 [ERROR] LogOutputStream:75 - [STDERR_REDIRECT] [Fatal Error] :1:1: Premature end of file.
2025-12-17 11:22:40,138 [ERROR] LogOutputStream:75 - [STDERR_REDIRECT] 
2025-12-17 11:22:41,138 [ERROR] LogOutputStream:75 - [STDERR_REDIRECT] [Fatal Error] :1:1: Premature end of file.
2025-12-17 11:22:41,138 [ERROR] LogOutputStream:75 - [STDERR_REDIRECT] 
2025-12-17 11:22:42,137 [ERROR] LogOutputStream:75 - [STDERR_REDIRECT] [Fatal Error] :1:1: Premature end of file.
2025-12-17 11:22:42,137 [ERROR] LogOutputStream:75 - [STDERR_REDIRECT] 
2025-12-17 11:22:43,139 [ERROR] LogOutputStream:75 - [STDERR_REDIRECT] [Fatal Error] :1:1: Premature end of file.
2025-12-17 11:22:43,139 [ERROR] LogOutputStream:75 - [STDERR_REDIRECT] 
2025-12-17 11:22:44,138 [ERROR] LogOutputStream:75 - [STDERR_REDIRECT] [Fatal Error] :1:1: Premature end of file.
2025-12-17 11:22:44,138 [ERROR] LogOutputStream:75 - [STDERR_REDIRECT] 
2025-12-17 11:22:45,139 [ERROR] LogOutputStream:75 - [STDERR_REDIRECT] [Fatal Error] :1:1: Premature end of file.
2025-12-17 11:22:45,139 [ERROR] LogOutputStream:75 - [STDERR_REDIRECT] 
2025-12-17 11:22:46,136 [ERROR] LogOutputStream:75 - [STDERR_REDIRECT] [Fatal Error] :1:1: Premature end of file.
2025-12-17 11:22:46,137 [ERROR] LogOutputStream:75 - [STDERR_REDIRECT] 
2025-12-17 11:22:47,138 [ERROR] LogOutputStream:75 - [STDERR_REDIRECT] [Fatal Error] :1:1: Premature end of file.
2025-12-17 11:22:47,139 [ERROR] LogOutputStream:75 - [STDERR_REDIRECT] 
2025-12-17 11:22:48,138 [ERROR] LogOutputStream:75 - [STDERR_REDIRECT] [Fatal Error] :1:1: Premature end of file.
2025-12-17 11:22:48,138 [ERROR] LogOutputStream:75 - [STDERR_REDIRECT] 
2025-12-17 11:22:49,139 [ERROR] LogOutputStream:75 - [STDERR_REDIRECT] [Fatal Error] :1:1: Premature end of file.
2025-12-17 11:22:49,139 [ERROR] LogOutputStream:75 - [STDERR_REDIRECT] 
2025-12-17 11:22:50,138 [ERROR] LogOutputStream:75 - [STDERR_REDIRECT] [Fatal Error] :1:1: Premature end of file.
2025-12-17 11:22:50,138 [ERROR] LogOutputStream:75 - [STDERR_REDIRECT] 
2025-12-17 11:22:51,136 [ERROR] LogOutputStream:75 - [STDERR_REDIRECT] [Fatal Error] :1:1: Premature end of file.
2025-12-17 11:22:51,137 [ERROR] LogOutputStream:75 - [STDERR_REDIRECT] 
2025-12-17 11:22:52,138 [ERROR] LogOutputStream:75 - [STDERR_REDIRECT] [Fatal Error] :1:1: Premature end of file.
2025-12-17 11:22:52,138 [ERROR] LogOutputStream:75 - [STDERR_REDIRECT] 
2025-12-17 11:22:53,137 [ERROR] LogOutputStream:75 - [STDERR_REDIRECT] [Fatal Error] :1:1: Premature end of file.
2025-12-17 11:22:53,137 [ERROR] LogOutputStream:75 - [STDERR_REDIRECT] 
2025-12-17 11:22:54,138 [ERROR] LogOutputStream:75 - [STDERR_REDIRECT] [Fatal Error] :1:1: Premature end of file.
2025-12-17 11:22:54,138 [ERROR] LogOutputStream:75 - [STDERR_REDIRECT] 
2025-12-17 11:22:55,138 [ERROR] LogOutputStream:75 - [STDERR_REDIRECT] [Fatal Error] :1:1: Premature end of file.
2025-12-17 11:22:55,138 [ERROR] LogOutputStream:75 - [STDERR_REDIRECT] 
2025-12-17 11:22:56,138 [ERROR] LogOutputStream:75 - [STDERR_REDIRECT] [Fatal Error] :1:1: Premature end of file.
2025-12-17 11:22:56,138 [ERROR] LogOutputStream:75 - [STDERR_REDIRECT] 
2025-12-17 11:22:57,139 [ERROR] LogOutputStream:75 - [STDERR_REDIRECT] [Fatal Error] :1:1: Premature end of file.
2025-12-17 11:22:57,139 [ERROR] LogOutputStream:75 - [STDERR_REDIRECT] 
2025-12-17 11:22:58,138 [ERROR] LogOutputStream:75 - [STDERR_REDIRECT] [Fatal Error] :1:1: Premature end of file.
2025-12-17 11:22:58,138 [ERROR] LogOutputStream:75 - [STDERR_REDIRECT] 
2025-12-17 11:22:59,137 [ERROR] LogOutputStream:75 - [STDERR_REDIRECT] [Fatal Error] :1:1: Premature end of file.
2025-12-17 11:22:59,137 [ERROR] LogOutputStream:75 - [STDERR_REDIRECT] 
2025-12-17 11:23:00,137 [ERROR] LogOutputStream:75 - [STDERR_REDIRECT] [Fatal Error] :1:1: Premature end of file.
2025-12-17 11:23:00,137 [ERROR] LogOutputStream:75 - [STDERR_REDIRECT] 
2025-12-17 11:23:01,138 [ERROR] LogOutputStream:75 - [STDERR_REDIRECT] [Fatal Error] :1:1: Premature end of file.
2025-12-17 11:23:01,138 [ERROR] LogOutputStream:75 - [STDERR_REDIRECT] 
2025-12-17 11:23:02,136 [ERROR] LogOutputStream:75 - [STDERR_REDIRECT] [Fatal Error] :1:1: Premature end of file.
2025-12-17 11:23:02,137 [ERROR] LogOutputStream:75 - [STDERR_REDIRECT] 
2025-12-17 11:23:03,137 [ERROR] LogOutputStream:75 - [STDERR_REDIRECT] [Fatal Error] :1:1: Premature end of file.
2025-12-17 11:23:03,137 [ERROR] LogOutputStream:75 - [STDERR_REDIRECT] 
2025-12-17 11:23:04,136 [ERROR] LogOutputStream:75 - [STDERR_REDIRECT] [Fatal Error] :1:1: Premature end of file.
2025-12-17 11:23:04,136 [ERROR] LogOutputStream:75 - [STDERR_REDIRECT] 
2025-12-17 11:23:05,139 [ERROR] LogOutputStream:75 - [STDERR_REDIRECT] [Fatal Error] :1:1: Premature end of file.
2025-12-17 11:23:05,139 [ERROR] LogOutputStream:75 - [STDERR_REDIRECT] 
2025-12-17 11:23:06,138 [ERROR] LogOutputStream:75 - [STDERR_REDIRECT] [Fatal Error] :1:1: Premature end of file.
2025-12-17 11:23:06,138 [ERROR] LogOutputStream:75 - [STDERR_REDIRECT] 
2025-12-17 11:23:07,138 [ERROR] LogOutputStream:75 - [STDERR_REDIRECT] [Fatal Error] :1:1: Premature end of file.
2025-12-17 11:23:07,138 [ERROR] LogOutputStream:75 - [STDERR_REDIRECT] 
2025-12-17 11:23:08,139 [ERROR] LogOutputStream:75 - [STDERR_REDIRECT] [Fatal Error] :1:1: Premature end of file.
2025-12-17 11:23:08,140 [ERROR] LogOutputStream:75 - [STDERR_REDIRECT] 
2025-12-17 11:23:09,137 [ERROR] LogOutputStream:75 - [STDERR_REDIRECT] [Fatal Error] :1:1: Premature end of file.
2025-12-17 11:23:09,137 [ERROR] LogOutputStream:75 - [STDERR_REDIRECT] 
2025-12-17 11:23:10,139 [ERROR] LogOutputStream:75 - [STDERR_REDIRECT] [Fatal Error] :1:1: Premature end of file.
2025-12-17 11:23:10,139 [ERROR] LogOutputStream:75 - [STDERR_REDIRECT] 
2025-12-17 11:23:11,142 [ERROR] LogOutputStream:75 - [STDERR_REDIRECT] [Fatal Error] :1:1: Premature end of file.
2025-12-17 11:23:11,142 [ERROR] LogOutputStream:75 - [STDERR_REDIRECT] 
2025-12-17 11:23:12,138 [ERROR] LogOutputStream:75 - [STDERR_REDIRECT] [Fatal Error] :1:1: Premature end of file.
2025-12-17 11:23:12,138 [ERROR] LogOutputStream:75 - [STDERR_REDIRECT] 
2025-12-17 11:23:13,139 [ERROR] LogOutputStream:75 - [STDERR_REDIRECT] [Fatal Error] :1:1: Premature end of file.
2025-12-17 11:23:13,139 [ERROR] LogOutputStream:75 - [STDERR_REDIRECT] 
2025-12-17 11:23:14,137 [ERROR] LogOutputStream:75 - [STDERR_REDIRECT] [Fatal Error] :1:1: Premature end of file.
2025-12-17 11:23:14,138 [ERROR] LogOutputStream:75 - [STDERR_REDIRECT] 
2025-12-17 11:23:15,139 [ERROR] LogOutputStream:75 - [STDERR_REDIRECT] [Fatal Error] :1:1: Premature end of file.
2025-12-17 11:23:15,139 [ERROR] LogOutputStream:75 - [STDERR_REDIRECT] 
2025-12-17 11:23:16,139 [ERROR] LogOutputStream:75 - [STDERR_REDIRECT] [Fatal Error] :1:1: Premature end of file.
2025-12-17 11:23:16,139 [ERROR] LogOutputStream:75 - [STDERR_REDIRECT] 
2025-12-17 11:23:17,139 [ERROR] LogOutputStream:75 - [STDERR_REDIRECT] [Fatal Error] :1:1: Premature end of file.
2025-12-17 11:23:17,139 [ERROR] LogOutputStream:75 - [STDERR_REDIRECT] 
2025-12-17 11:23:18,138 [ERROR] LogOutputStream:75 - [STDERR_REDIRECT] [Fatal Error] :1:1: Premature end of file.
2025-12-17 11:23:18,138 [ERROR] LogOutputStream:75 - [STDERR_REDIRECT] 
2025-12-17 11:23:19,138 [ERROR] LogOutputStream:75 - [STDERR_REDIRECT] [Fatal Error] :1:1: Premature end of file.
2025-12-17 11:23:19,139 [ERROR] LogOutputStream:75 - [STDERR_REDIRECT] 
2025-12-17 11:23:20,140 [ERROR] LogOutputStream:75 - [STDERR_REDIRECT] [Fatal Error] :1:1: Premature end of file.
2025-12-17 11:23:20,140 [ERROR] LogOutputStream:75 - [STDERR_REDIRECT] 
2025-12-17 11:23:21,137 [ERROR] LogOutputStream:75 - [STDERR_REDIRECT] [Fatal Error] :1:1: Premature end of file.
2025-12-17 11:23:21,138 [ERROR] LogOutputStream:75 - [STDERR_REDIRECT] 
2025-12-17 11:23:22,139 [ERROR] LogOutputStream:75 - [STDERR_REDIRECT] [Fatal Error] :1:1: Premature end of file.
2025-12-17 11:23:22,139 [ERROR] LogOutputStream:75 - [STDERR_REDIRECT] 
2025-12-17 11:23:23,138 [ERROR] LogOutputStream:75 - [STDERR_REDIRECT] [Fatal Error] :1:1: Premature end of file.
2025-12-17 11:23:23,138 [ERROR] LogOutputStream:75 - [STDERR_REDIRECT] 
2025-12-17 11:23:24,138 [ERROR] LogOutputStream:75 - [STDERR_REDIRECT] [Fatal Error] :1:1: Premature end of file.
2025-12-17 11:23:24,138 [ERROR] LogOutputStream:75 - [STDERR_REDIRECT] 
2025-12-17 11:23:25,138 [ERROR] LogOutputStream:75 - [STDERR_REDIRECT] [Fatal Error] :1:1: Premature end of file.
2025-12-17 11:23:25,138 [ERROR] LogOutputStream:75 - [STDERR_REDIRECT] 
2025-12-17 11:23:26,138 [ERROR] LogOutputStream:75 - [STDERR_REDIRECT] [Fatal Error] :1:1: Premature end of file.
2025-12-17 11:23:26,138 [ERROR] LogOutputStream:75 - [STDERR_REDIRECT] 
2025-12-17 11:23:27,138 [ERROR] LogOutputStream:75 - [STDERR_REDIRECT] [Fatal Error] :1:1: Premature end of file.
2025-12-17 11:23:27,139 [ERROR] LogOutputStream:75 - [STDERR_REDIRECT] 
2025-12-17 11:23:28,138 [ERROR] LogOutputStream:75 - [STDERR_REDIRECT] [Fatal Error] :1:1: Premature end of file.
2025-12-17 11:23:28,138 [ERROR] LogOutputStream:75 - [STDERR_REDIRECT] 
2025-12-17 11:23:29,138 [ERROR] LogOutputStream:75 - [STDERR_REDIRECT] [Fatal Error] :1:1: Premature end of file.
2025-12-17 11:23:29,138 [ERROR] LogOutputStream:75 - [STDERR_REDIRECT] 
2025-12-17 11:23:30,138 [ERROR] LogOutputStream:75 - [STDERR_REDIRECT] [Fatal Error] :1:1: Premature end of file.
2025-12-17 11:23:30,139 [ERROR] LogOutputStream:75 - [STDERR_REDIRECT] 
2025-12-17 11:23:31,139 [ERROR] LogOutputStream:75 - [STDERR_REDIRECT] [Fatal Error] :1:1: Premature end of file.
2025-12-17 11:23:31,140 [ERROR] LogOutputStream:75 - [STDERR_REDIRECT] 
2025-12-17 11:23:32,139 [ERROR] LogOutputStream:75 - [STDERR_REDIRECT] [Fatal Error] :1:1: Premature end of file.
2025-12-17 11:23:32,139 [ERROR] LogOutputStream:75 - [STDERR_REDIRECT] 
2025-12-17 11:23:33,139 [ERROR] LogOutputStream:75 - [STDERR_REDIRECT] [Fatal Error] :1:1: Premature end of file.
2025-12-17 11:23:33,139 [ERROR] LogOutputStream:75 - [STDERR_REDIRECT] 
2025-12-17 11:23:34,137 [ERROR] LogOutputStream:75 - [STDERR_REDIRECT] [Fatal Error] :1:1: Premature end of file.
2025-12-17 11:23:34,138 [ERROR] LogOutputStream:75 - [STDERR_REDIRECT] 
2025-12-17 11:23:35,137 [ERROR] LogOutputStream:75 - [STDERR_REDIRECT] [Fatal Error] :1:1: Premature end of file.
2025-12-17 11:23:35,137 [ERROR] LogOutputStream:75 - [STDERR_REDIRECT] 
2025-12-17 11:23:36,138 [ERROR] LogOutputStream:75 - [STDERR_REDIRECT] [Fatal Error] :1:1: Premature end of file.
2025-12-17 11:23:36,138 [ERROR] LogOutputStream:75 - [STDERR_REDIRECT] 
2025-12-17 11:23:37,138 [ERROR] LogOutputStream:75 - [STDERR_REDIRECT] [Fatal Error] :1:1: Premature end of file.
2025-12-17 11:23:37,138 [ERROR] LogOutputStream:75 - [STDERR_REDIRECT] 
2025-12-17 11:23:38,139 [ERROR] LogOutputStream:75 - [STDERR_REDIRECT] [Fatal Error] :1:1: Premature end of file.
2025-12-17 11:23:38,139 [ERROR] LogOutputStream:75 - [STDERR_REDIRECT] 
2025-12-17 11:23:39,137 [ERROR] LogOutputStream:75 - [STDERR_REDIRECT] [Fatal Error] :1:1: Premature end of file.
2025-12-17 11:23:39,137 [ERROR] LogOutputStream:75 - [STDERR_REDIRECT] 
2025-12-17 11:23:40,137 [ERROR] LogOutputStream:75 - [STDERR_REDIRECT] [Fatal Error] :1:1: Premature end of file.
2025-12-17 11:23:40,137 [ERROR] LogOutputStream:75 - [STDERR_REDIRECT] 
2025-12-17 11:23:41,138 [ERROR] LogOutputStream:75 - [STDERR_REDIRECT] [Fatal Error] :1:1: Premature end of file.
2025-12-17 11:23:41,138 [ERROR] LogOutputStream:75 - [STDERR_REDIRECT] 
2025-12-17 11:23:42,138 [ERROR] LogOutputStream:75 - [STDERR_REDIRECT] [Fatal Error] :1:1: Premature end of file.
2025-12-17 11:23:42,138 [ERROR] LogOutputStream:75 - [STDERR_REDIRECT] 
2025-12-17 11:23:43,138 [ERROR] LogOutputStream:75 - [STDERR_REDIRECT] [Fatal Error] :1:1: Premature end of file.
2025-12-17 11:23:43,138 [ERROR] LogOutputStream:75 - [STDERR_REDIRECT] 
2025-12-17 11:23:44,140 [ERROR] LogOutputStream:75 - [STDERR_REDIRECT] [Fatal Error] :1:1: Premature end of file.
2025-12-17 11:23:44,140 [ERROR] LogOutputStream:75 - [STDERR_REDIRECT] 
2025-12-17 11:23:45,137 [ERROR] LogOutputStream:75 - [STDERR_REDIRECT] [Fatal Error] :1:1: Premature end of file.
2025-12-17 11:23:45,138 [ERROR] LogOutputStream:75 - [STDERR_REDIRECT] 
2025-12-17 11:23:46,139 [ERROR] LogOutputStream:75 - [STDERR_REDIRECT] [Fatal Error] :1:1: Premature end of file.
2025-12-17 11:23:46,139 [ERROR] LogOutputStream:75 - [STDERR_REDIRECT] 
2025-12-17 11:23:47,137 [ERROR] LogOutputStream:75 - [STDERR_REDIRECT] [Fatal Error] :1:1: Premature end of file.
2025-12-17 11:23:47,137 [ERROR] LogOutputStream:75 - [STDERR_REDIRECT] 
2025-12-17 11:23:48,139 [ERROR] LogOutputStream:75 - [STDERR_REDIRECT] [Fatal Error] :1:1: Premature end of file.
2025-12-17 11:23:48,139 [ERROR] LogOutputStream:75 - [STDERR_REDIRECT] 
2025-12-17 11:23:49,136 [ERROR] LogOutputStream:75 - [STDERR_REDIRECT] [Fatal Error] :1:1: Premature end of file.
2025-12-17 11:23:49,136 [ERROR] LogOutputStream:75 - [STDERR_REDIRECT] 
2025-12-17 11:23:50,138 [ERROR] LogOutputStream:75 - [STDERR_REDIRECT] [Fatal Error] :1:1: Premature end of file.
2025-12-17 11:23:50,138 [ERROR] LogOutputStream:75 - [STDERR_REDIRECT] 
2025-12-17 11:23:51,136 [ERROR] LogOutputStream:75 - [STDERR_REDIRECT] [Fatal Error] :1:1: Premature end of file.
2025-12-17 11:23:51,136 [ERROR] LogOutputStream:75 - [STDERR_REDIRECT] 
2025-12-17 11:23:52,139 [ERROR] LogOutputStream:75 - [STDERR_REDIRECT] [Fatal Error] :1:1: Premature end of file.
2025-12-17 11:23:52,139 [ERROR] LogOutputStream:75 - [STDERR_REDIRECT] 
2025-12-17 11:23:53,137 [ERROR] LogOutputStream:75 - [STDERR_REDIRECT] [Fatal Error] :1:1: Premature end of file.
2025-12-17 11:23:53,138 [ERROR] LogOutputStream:75 - [STDERR_REDIRECT] 
2025-12-17 11:23:54,137 [ERROR] LogOutputStream:75 - [STDERR_REDIRECT] [Fatal Error] :1:1: Premature end of file.
2025-12-17 11:23:54,137 [ERROR] LogOutputStream:75 - [STDERR_REDIRECT] 
2025-12-17 11:23:55,138 [ERROR] LogOutputStream:75 - [STDERR_REDIRECT] [Fatal Error] :1:1: Premature end of file.
2025-12-17 11:23:55,138 [ERROR] LogOutputStream:75 - [STDERR_REDIRECT] 
2025-12-17 11:23:56,136 [ERROR] LogOutputStream:75 - [STDERR_REDIRECT] [Fatal Error] :1:1: Premature end of file.
2025-12-17 11:23:56,138 [ERROR] LogOutputStream:75 - [STDERR_REDIRECT] 
2025-12-17 11:23:57,138 [ERROR] LogOutputStream:75 - [STDERR_REDIRECT] [Fatal Error] :1:1: Premature end of file.
2025-12-17 11:23:57,138 [ERROR] LogOutputStream:75 - [STDERR_REDIRECT] 
2025-12-17 11:23:58,138 [ERROR] LogOutputStream:75 - [STDERR_REDIRECT] [Fatal Error] :1:1: Premature end of file.
2025-12-17 11:23:58,138 [ERROR] LogOutputStream:75 - [STDERR_REDIRECT] 
2025-12-17 11:23:59,138 [ERROR] LogOutputStream:75 - [STDERR_REDIRECT] [Fatal Error] :1:1: Premature end of file.
2025-12-17 11:23:59,138 [ERROR] LogOutputStream:75 - [STDERR_REDIRECT] 
2025-12-17 11:24:00,137 [ERROR] LogOutputStream:75 - [STDERR_REDIRECT] [Fatal Error] :1:1: Premature end of file.
2025-12-17 11:24:00,138 [ERROR] LogOutputStream:75 - [STDERR_REDIRECT] 
2025-12-17 11:24:01,138 [ERROR] LogOutputStream:75 - [STDERR_REDIRECT] [Fatal Error] :1:1: Premature end of file.
2025-12-17 11:24:01,138 [ERROR] LogOutputStream:75 - [STDERR_REDIRECT] 
2025-12-17 11:24:02,138 [ERROR] LogOutputStream:75 - [STDERR_REDIRECT] [Fatal Error] :1:1: Premature end of file.
2025-12-17 11:24:02,138 [ERROR] LogOutputStream:75 - [STDERR_REDIRECT] 
2025-12-17 11:24:03,137 [ERROR] LogOutputStream:75 - [STDERR_REDIRECT] [Fatal Error] :1:1: Premature end of file.
2025-12-17 11:24:03,138 [ERROR] LogOutputStream:75 - [STDERR_REDIRECT] 
2025-12-17 11:24:04,138 [ERROR] LogOutputStream:75 - [STDERR_REDIRECT] [Fatal Error] :1:1: Premature end of file.
2025-12-17 11:24:04,138 [ERROR] LogOutputStream:75 - [STDERR_REDIRECT] 
2025-12-17 11:24:05,138 [ERROR] LogOutputStream:75 - [STDERR_REDIRECT] [Fatal Error] :1:1: Premature end of file.
2025-12-17 11:24:05,138 [ERROR] LogOutputStream:75 - [STDERR_REDIRECT] 
2025-12-17 11:24:06,138 [ERROR] LogOutputStream:75 - [STDERR_REDIRECT] [Fatal Error] :1:1: Premature end of file.
2025-12-17 11:24:06,139 [ERROR] LogOutputStream:75 - [STDERR_REDIRECT] 
2025-12-17 11:24:07,137 [ERROR] LogOutputStream:75 - [STDERR_REDIRECT] [Fatal Error] :1:1: Premature end of file.
2025-12-17 11:24:07,138 [ERROR] LogOutputStream:75 - [STDERR_REDIRECT] 
2025-12-17 11:24:08,137 [ERROR] LogOutputStream:75 - [STDERR_REDIRECT] [Fatal Error] :1:1: Premature end of file.
2025-12-17 11:24:08,138 [ERROR] LogOutputStream:75 - [STDERR_REDIRECT] 
2025-12-17 11:24:09,137 [ERROR] LogOutputStream:75 - [STDERR_REDIRECT] [Fatal Error] :1:1: Premature end of file.
2025-12-17 11:24:09,137 [ERROR] LogOutputStream:75 - [STDERR_REDIRECT] 
2025-12-17 11:24:10,137 [ERROR] LogOutputStream:75 - [STDERR_REDIRECT] [Fatal Error] :1:1: Premature end of file.
2025-12-17 11:24:10,137 [ERROR] LogOutputStream:75 - [STDERR_REDIRECT] 
2025-12-17 11:24:11,138 [ERROR] LogOutputStream:75 - [STDERR_REDIRECT] [Fatal Error] :1:1: Premature end of file.
2025-12-17 11:24:11,138 [ERROR] LogOutputStream:75 - [STDERR_REDIRECT] 
2025-12-17 11:24:12,138 [ERROR] LogOutputStream:75 - [STDERR_REDIRECT] [Fatal Error] :1:1: Premature end of file.
2025-12-17 11:24:12,138 [ERROR] LogOutputStream:75 - [STDERR_REDIRECT] 
2025-12-17 11:24:13,137 [ERROR] LogOutputStream:75 - [STDERR_REDIRECT] [Fatal Error] :1:1: Premature end of file.
2025-12-17 11:24:13,137 [ERROR] LogOutputStream:75 - [STDERR_REDIRECT] 
2025-12-17 11:24:14,137 [ERROR] LogOutputStream:75 - [STDERR_REDIRECT] [Fatal Error] :1:1: Premature end of file.
2025-12-17 11:24:14,137 [ERROR] LogOutputStream:75 - [STDERR_REDIRECT] 
2025-12-17 11:24:15,138 [ERROR] LogOutputStream:75 - [STDERR_REDIRECT] [Fatal Error] :1:1: Premature end of file.
2025-12-17 11:24:15,138 [ERROR] LogOutputStream:75 - [STDERR_REDIRECT] 
2025-12-17 11:24:16,138 [ERROR] LogOutputStream:75 - [STDERR_REDIRECT] [Fatal Error] :1:1: Premature end of file.
2025-12-17 11:24:16,138 [ERROR] LogOutputStream:75 - [STDERR_REDIRECT] 
2025-12-17 11:24:17,138 [ERROR] LogOutputStream:75 - [STDERR_REDIRECT] [Fatal Error] :1:1: Premature end of file.
2025-12-17 11:24:17,138 [ERROR] LogOutputStream:75 - [STDERR_REDIRECT] 
2025-12-17 11:24:18,138 [ERROR] LogOutputStream:75 - [STDERR_REDIRECT] [Fatal Error] :1:1: Premature end of file.
2025-12-17 11:24:18,138 [ERROR] LogOutputStream:75 - [STDERR_REDIRECT] 
2025-12-17 11:24:19,137 [ERROR] LogOutputStream:75 - [STDERR_REDIRECT] [Fatal Error] :1:1: Premature end of file.
2025-12-17 11:24:19,137 [ERROR] LogOutputStream:75 - [STDERR_REDIRECT] 
2025-12-17 11:24:20,136 [ERROR] LogOutputStream:75 - [STDERR_REDIRECT] [Fatal Error] :1:1: Premature end of file.
2025-12-17 11:24:20,136 [ERROR] LogOutputStream:75 - [STDERR_REDIRECT] 
2025-12-17 11:24:21,138 [ERROR] LogOutputStream:75 - [STDERR_REDIRECT] [Fatal Error] :1:1: Premature end of file.
2025-12-17 11:24:21,139 [ERROR] LogOutputStream:75 - [STDERR_REDIRECT] 
2025-12-17 11:24:22,139 [ERROR] LogOutputStream:75 - [STDERR_REDIRECT] [Fatal Error] :1:1: Premature end of file.
2025-12-17 11:24:22,139 [ERROR] LogOutputStream:75 - [STDERR_REDIRECT] 
2025-12-17 11:24:23,137 [ERROR] LogOutputStream:75 - [STDERR_REDIRECT] [Fatal Error] :1:1: Premature end of file.
2025-12-17 11:24:23,137 [ERROR] LogOutputStream:75 - [STDERR_REDIRECT] 
2025-12-17 11:24:24,139 [ERROR] LogOutputStream:75 - [STDERR_REDIRECT] [Fatal Error] :1:1: Premature end of file.
2025-12-17 11:24:24,139 [ERROR] LogOutputStream:75 - [STDERR_REDIRECT] 
2025-12-17 11:24:25,138 [ERROR] LogOutputStream:75 - [STDERR_REDIRECT] [Fatal Error] :1:1: Premature end of file.
2025-12-17 11:24:25,138 [ERROR] LogOutputStream:75 - [STDERR_REDIRECT] 
2025-12-17 11:24:26,138 [ERROR] LogOutputStream:75 - [STDERR_REDIRECT] [Fatal Error] :1:1: Premature end of file.
2025-12-17 11:24:26,138 [ERROR] LogOutputStream:75 - [STDERR_REDIRECT] 
2025-12-17 11:24:27,138 [ERROR] LogOutputStream:75 - [STDERR_REDIRECT] [Fatal Error] :1:1: Premature end of file.
2025-12-17 11:24:27,140 [ERROR] LogOutputStream:75 - [STDERR_REDIRECT] 
2025-12-17 11:24:28,139 [ERROR] LogOutputStream:75 - [STDERR_REDIRECT] [Fatal Error] :1:1: Premature end of file.
2025-12-17 11:24:28,140 [ERROR] LogOutputStream:75 - [STDERR_REDIRECT] 
2025-12-17 11:24:29,135 [ERROR] LogOutputStream:75 - [STDERR_REDIRECT] [Fatal Error] :1:1: Premature end of file.
2025-12-17 11:24:29,136 [ERROR] LogOutputStream:75 - [STDERR_REDIRECT] 
2025-12-17 11:24:30,138 [ERROR] LogOutputStream:75 - [STDERR_REDIRECT] [Fatal Error] :1:1: Premature end of file.
2025-12-17 11:24:30,138 [ERROR] LogOutputStream:75 - [STDERR_REDIRECT] 
2025-12-17 11:24:31,137 [ERROR] LogOutputStream:75 - [STDERR_REDIRECT] [Fatal Error] :1:1: Premature end of file.
2025-12-17 11:24:31,137 [ERROR] LogOutputStream:75 - [STDERR_REDIRECT] 
2025-12-17 11:24:32,138 [ERROR] LogOutputStream:75 - [STDERR_REDIRECT] [Fatal Error] :1:1: Premature end of file.
2025-12-17 11:24:32,138 [ERROR] LogOutputStream:75 - [STDERR_REDIRECT] 
2025-12-17 11:24:33,141 [ERROR] LogOutputStream:75 - [STDERR_REDIRECT] [Fatal Error] :1:1: Premature end of file.
2025-12-17 11:24:33,141 [ERROR] LogOutputStream:75 - [STDERR_REDIRECT] 
2025-12-17 11:24:34,139 [ERROR] LogOutputStream:75 - [STDERR_REDIRECT] [Fatal Error] :1:1: Premature end of file.
2025-12-17 11:24:34,139 [ERROR] LogOutputStream:75 - [STDERR_REDIRECT] 
2025-12-17 11:24:35,139 [ERROR] LogOutputStream:75 - [STDERR_REDIRECT] [Fatal Error] :1:1: Premature end of file.
2025-12-17 11:24:35,139 [ERROR] LogOutputStream:75 - [STDERR_REDIRECT] 
2025-12-17 11:24:36,138 [ERROR] LogOutputStream:75 - [STDERR_REDIRECT] [Fatal Error] :1:1: Premature end of file.
2025-12-17 11:24:36,138 [ERROR] LogOutputStream:75 - [STDERR_REDIRECT] 
2025-12-17 11:24:37,142 [ERROR] LogOutputStream:75 - [STDERR_REDIRECT] [Fatal Error] :1:1: Premature end of file.
2025-12-17 11:24:37,142 [ERROR] LogOutputStream:75 - [STDERR_REDIRECT] 
2025-12-17 11:24:38,139 [ERROR] LogOutputStream:75 - [STDERR_REDIRECT] [Fatal Error] :1:1: Premature end of file.
2025-12-17 11:24:38,139 [ERROR] LogOutputStream:75 - [STDERR_REDIRECT] 
2025-12-17 11:24:39,139 [ERROR] LogOutputStream:75 - [STDERR_REDIRECT] [Fatal Error] :1:1: Premature end of file.
2025-12-17 11:24:39,139 [ERROR] LogOutputStream:75 - [STDERR_REDIRECT] 
2025-12-17 11:24:40,140 [ERROR] LogOutputStream:75 - [STDERR_REDIRECT] [Fatal Error] :1:1: Premature end of file.
2025-12-17 11:24:40,140 [ERROR] LogOutputStream:75 - [STDERR_REDIRECT] 
2025-12-17 11:24:41,138 [ERROR] LogOutputStream:75 - [STDERR_REDIRECT] [Fatal Error] :1:1: Premature end of file.
2025-12-17 11:24:41,138 [ERROR] LogOutputStream:75 - [STDERR_REDIRECT] 
2025-12-17 11:24:42,139 [ERROR] LogOutputStream:75 - [STDERR_REDIRECT] [Fatal Error] :1:1: Premature end of file.
2025-12-17 11:24:42,139 [ERROR] LogOutputStream:75 - [STDERR_REDIRECT] 
2025-12-17 11:24:43,144 [ERROR] LogOutputStream:75 - [STDERR_REDIRECT] [Fatal Error] :1:1: Premature end of file.
2025-12-17 11:24:43,144 [ERROR] LogOutputStream:75 - [STDERR_REDIRECT] 
2025-12-17 11:24:44,139 [ERROR] LogOutputStream:75 - [STDERR_REDIRECT] [Fatal Error] :1:1: Premature end of file.
2025-12-17 11:24:44,139 [ERROR] LogOutputStream:75 - [STDERR_REDIRECT] 
2025-12-17 11:24:45,139 [ERROR] LogOutputStream:75 - [STDERR_REDIRECT] [Fatal Error] :1:1: Premature end of file.
2025-12-17 11:24:45,139 [ERROR] LogOutputStream:75 - [STDERR_REDIRECT] 
2025-12-17 11:24:46,142 [ERROR] LogOutputStream:75 - [STDERR_REDIRECT] [Fatal Error] :1:1: Premature end of file.
2025-12-17 11:24:46,142 [ERROR] LogOutputStream:75 - [STDERR_REDIRECT] 
2025-12-17 11:24:47,142 [ERROR] LogOutputStream:75 - [STDERR_REDIRECT] [Fatal Error] :1:1: Premature end of file.
2025-12-17 11:24:47,142 [ERROR] LogOutputStream:75 - [STDERR_REDIRECT] 
2025-12-17 11:24:48,139 [ERROR] LogOutputStream:75 - [STDERR_REDIRECT] [Fatal Error] :1:1: Premature end of file.
2025-12-17 11:24:48,139 [ERROR] LogOutputStream:75 - [STDERR_REDIRECT] 
2025-12-17 11:24:49,142 [ERROR] LogOutputStream:75 - [STDERR_REDIRECT] [Fatal Error] :1:1: Premature end of file.
2025-12-17 11:24:49,142 [ERROR] LogOutputStream:75 - [STDERR_REDIRECT] 
2025-12-17 11:24:50,146 [ERROR] LogOutputStream:75 - [STDERR_REDIRECT] [Fatal Error] :1:1: Premature end of file.
2025-12-17 11:24:50,146 [ERROR] LogOutputStream:75 - [STDERR_REDIRECT] 
2025-12-17 11:24:51,139 [ERROR] LogOutputStream:75 - [STDERR_REDIRECT] [Fatal Error] :1:1: Premature end of file.
2025-12-17 11:24:51,139 [ERROR] LogOutputStream:75 - [STDERR_REDIRECT] 
2025-12-17 11:24:52,142 [ERROR] LogOutputStream:75 - [STDERR_REDIRECT] [Fatal Error] :1:1: Premature end of file.
2025-12-17 11:24:52,142 [ERROR] LogOutputStream:75 - [STDERR_REDIRECT] 
2025-12-17 11:24:53,143 [ERROR] LogOutputStream:75 - [STDERR_REDIRECT] [Fatal Error] :1:1: Premature end of file.
2025-12-17 11:24:53,143 [ERROR] LogOutputStream:75 - [STDERR_REDIRECT] 
2025-12-17 11:24:54,139 [ERROR] LogOutputStream:75 - [STDERR_REDIRECT] [Fatal Error] :1:1: Premature end of file.
2025-12-17 11:24:54,139 [ERROR] LogOutputStream:75 - [STDERR_REDIRECT] 
2025-12-17 11:24:55,138 [ERROR] LogOutputStream:75 - [STDERR_REDIRECT] [Fatal Error] :1:1: Premature end of file.
2025-12-17 11:24:55,138 [ERROR] LogOutputStream:75 - [STDERR_REDIRECT] 
2025-12-17 11:24:56,139 [ERROR] LogOutputStream:75 - [STDERR_REDIRECT] [Fatal Error] :1:1: Premature end of file.
2025-12-17 11:24:56,139 [ERROR] LogOutputStream:75 - [STDERR_REDIRECT] 
2025-12-17 11:24:57,139 [ERROR] LogOutputStream:75 - [STDERR_REDIRECT] [Fatal Error] :1:1: Premature end of file.
2025-12-17 11:24:57,139 [ERROR] LogOutputStream:75 - [STDERR_REDIRECT] 
2025-12-17 11:24:58,139 [ERROR] LogOutputStream:75 - [STDERR_REDIRECT] [Fatal Error] :1:1: Premature end of file.
2025-12-17 11:24:58,139 [ERROR] LogOutputStream:75 - [STDERR_REDIRECT] 
2025-12-17 11:24:59,140 [ERROR] LogOutputStream:75 - [STDERR_REDIRECT] [Fatal Error] :1:1: Premature end of file.
2025-12-17 11:24:59,140 [ERROR] LogOutputStream:75 - [STDERR_REDIRECT] 
2025-12-17 11:25:00,138 [ERROR] LogOutputStream:75 - [STDERR_REDIRECT] [Fatal Error] :1:1: Premature end of file.
2025-12-17 11:25:00,138 [ERROR] LogOutputStream:75 - [STDERR_REDIRECT] 
2025-12-17 11:25:01,140 [ERROR] LogOutputStream:75 - [STDERR_REDIRECT] [Fatal Error] :1:1: Premature end of file.
2025-12-17 11:25:01,140 [ERROR] LogOutputStream:75 - [STDERR_REDIRECT] 
2025-12-17 11:25:02,139 [ERROR] LogOutputStream:75 - [STDERR_REDIRECT] [Fatal Error] :1:1: Premature end of file.
2025-12-17 11:25:02,139 [ERROR] LogOutputStream:75 - [STDERR_REDIRECT] 
2025-12-17 11:25:03,138 [ERROR] LogOutputStream:75 - [STDERR_REDIRECT] [Fatal Error] :1:1: Premature end of file.
2025-12-17 11:25:03,138 [ERROR] LogOutputStream:75 - [STDERR_REDIRECT] 
2025-12-17 11:25:04,139 [ERROR] LogOutputStream:75 - [STDERR_REDIRECT] [Fatal Error] :1:1: Premature end of file.
2025-12-17 11:25:04,140 [ERROR] LogOutputStream:75 - [STDERR_REDIRECT] 
2025-12-17 11:25:05,140 [ERROR] LogOutputStream:75 - [STDERR_REDIRECT] [Fatal Error] :1:1: Premature end of file.
2025-12-17 11:25:05,140 [ERROR] LogOutputStream:75 - [STDERR_REDIRECT] 
2025-12-17 11:25:06,138 [ERROR] LogOutputStream:75 - [STDERR_REDIRECT] [Fatal Error] :1:1: Premature end of file.
2025-12-17 11:25:06,138 [ERROR] LogOutputStream:75 - [STDERR_REDIRECT] 
2025-12-17 11:25:07,140 [ERROR] LogOutputStream:75 - [STDERR_REDIRECT] [Fatal Error] :1:1: Premature end of file.
2025-12-17 11:25:07,140 [ERROR] LogOutputStream:75 - [STDERR_REDIRECT] 
2025-12-17 11:25:08,138 [ERROR] LogOutputStream:75 - [STDERR_REDIRECT] [Fatal Error] :1:1: Premature end of file.
2025-12-17 11:25:08,138 [ERROR] LogOutputStream:75 - [STDERR_REDIRECT] 
2025-12-17 11:25:09,140 [ERROR] LogOutputStream:75 - [STDERR_REDIRECT] [Fatal Error] :1:1: Premature end of file.
2025-12-17 11:25:09,140 [ERROR] LogOutputStream:75 - [STDERR_REDIRECT] 
2025-12-17 11:25:10,139 [ERROR] LogOutputStream:75 - [STDERR_REDIRECT] [Fatal Error] :1:1: Premature end of file.
2025-12-17 11:25:10,139 [ERROR] LogOutputStream:75 - [STDERR_REDIRECT] 
2025-12-17 11:25:11,140 [ERROR] LogOutputStream:75 - [STDERR_REDIRECT] [Fatal Error] :1:1: Premature end of file.
2025-12-17 11:25:11,141 [ERROR] LogOutputStream:75 - [STDERR_REDIRECT] 
2025-12-17 11:25:12,139 [ERROR] LogOutputStream:75 - [STDERR_REDIRECT] [Fatal Error] :1:1: Premature end of file.
2025-12-17 11:25:12,139 [ERROR] LogOutputStream:75 - [STDERR_REDIRECT] 
2025-12-17 11:25:13,139 [ERROR] LogOutputStream:75 - [STDERR_REDIRECT] [Fatal Error] :1:1: Premature end of file.
2025-12-17 11:25:13,140 [ERROR] LogOutputStream:75 - [STDERR_REDIRECT] 
2025-12-17 11:25:14,138 [ERROR] LogOutputStream:75 - [STDERR_REDIRECT] [Fatal Error] :1:1: Premature end of file.
2025-12-17 11:25:14,138 [ERROR] LogOutputStream:75 - [STDERR_REDIRECT] 
2025-12-17 11:25:15,139 [ERROR] LogOutputStream:75 - [STDERR_REDIRECT] [Fatal Error] :1:1: Premature end of file.
2025-12-17 11:25:15,139 [ERROR] LogOutputStream:75 - [STDERR_REDIRECT] 
2025-12-17 11:25:16,139 [ERROR] LogOutputStream:75 - [STDERR_REDIRECT] [Fatal Error] :1:1: Premature end of file.
2025-12-17 11:25:16,139 [ERROR] LogOutputStream:75 - [STDERR_REDIRECT] 
2025-12-17 11:25:17,160 [ERROR] LogOutputStream:75 - [STDERR_REDIRECT] [Fatal Error] :1:1: Premature end of file.
2025-12-17 11:25:17,160 [ERROR] LogOutputStream:75 - [STDERR_REDIRECT] 
2025-12-17 11:25:18,144 [ERROR] LogOutputStream:75 - [STDERR_REDIRECT] [Fatal Error] :1:1: Premature end of file.
2025-12-17 11:25:18,144 [ERROR] LogOutputStream:75 - [STDERR_REDIRECT] 
2025-12-17 11:25:19,139 [ERROR] LogOutputStream:75 - [STDERR_REDIRECT] [Fatal Error] :1:1: Premature end of file.
2025-12-17 11:25:19,139 [ERROR] LogOutputStream:75 - [STDERR_REDIRECT] 
2025-12-17 11:25:20,140 [ERROR] LogOutputStream:75 - [STDERR_REDIRECT] [Fatal Error] :1:1: Premature end of file.
2025-12-17 11:25:20,140 [ERROR] LogOutputStream:75 - [STDERR_REDIRECT] 
2025-12-17 11:25:21,141 [ERROR] LogOutputStream:75 - [STDERR_REDIRECT] [Fatal Error] :1:1: Premature end of file.
2025-12-17 11:25:21,141 [ERROR] LogOutputStream:75 - [STDERR_REDIRECT] 
2025-12-17 11:25:22,141 [ERROR] LogOutputStream:75 - [STDERR_REDIRECT] [Fatal Error] :1:1: Premature end of file.
2025-12-17 11:25:22,141 [ERROR] LogOutputStream:75 - [STDERR_REDIRECT] 
2025-12-17 11:25:23,140 [ERROR] LogOutputStream:75 - [STDERR_REDIRECT] [Fatal Error] :1:1: Premature end of file.
2025-12-17 11:25:23,140 [ERROR] LogOutputStream:75 - [STDERR_REDIRECT] 
2025-12-17 11:25:24,138 [ERROR] LogOutputStream:75 - [STDERR_REDIRECT] [Fatal Error] :1:1: Premature end of file.
2025-12-17 11:25:24,138 [ERROR] LogOutputStream:75 - [STDERR_REDIRECT] 
2025-12-17 11:25:25,139 [ERROR] LogOutputStream:75 - [STDERR_REDIRECT] [Fatal Error] :1:1: Premature end of file.
2025-12-17 11:25:25,139 [ERROR] LogOutputStream:75 - [STDERR_REDIRECT] 
2025-12-17 11:25:26,139 [ERROR] LogOutputStream:75 - [STDERR_REDIRECT] [Fatal Error] :1:1: Premature end of file.
2025-12-17 11:25:26,139 [ERROR] LogOutputStream:75 - [STDERR_REDIRECT] 
2025-12-17 11:25:27,138 [ERROR] LogOutputStream:75 - [STDERR_REDIRECT] [Fatal Error] :1:1: Premature end of file.
2025-12-17 11:25:27,139 [ERROR] LogOutputStream:75 - [STDERR_REDIRECT] 
2025-12-17 11:25:28,139 [ERROR] LogOutputStream:75 - [STDERR_REDIRECT] [Fatal Error] :1:1: Premature end of file.
2025-12-17 11:25:28,139 [ERROR] LogOutputStream:75 - [STDERR_REDIRECT] 
2025-12-17 11:25:29,138 [ERROR] LogOutputStream:75 - [STDERR_REDIRECT] [Fatal Error] :1:1: Premature end of file.
2025-12-17 11:25:29,138 [ERROR] LogOutputStream:75 - [STDERR_REDIRECT] 
2025-12-17 11:25:30,138 [ERROR] LogOutputStream:75 - [STDERR_REDIRECT] [Fatal Error] :1:1: Premature end of file.
2025-12-17 11:25:30,138 [ERROR] LogOutputStream:75 - [STDERR_REDIRECT] 
2025-12-17 11:25:31,138 [ERROR] LogOutputStream:75 - [STDERR_REDIRECT] [Fatal Error] :1:1: Premature end of file.
2025-12-17 11:25:31,138 [ERROR] LogOutputStream:75 - [STDERR_REDIRECT] 
2025-12-17 11:25:32,138 [ERROR] LogOutputStream:75 - [STDERR_REDIRECT] [Fatal Error] :1:1: Premature end of file.
2025-12-17 11:25:32,138 [ERROR] LogOutputStream:75 - [STDERR_REDIRECT] 
2025-12-17 11:25:33,138 [ERROR] LogOutputStream:75 - [STDERR_REDIRECT] [Fatal Error] :1:1: Premature end of file.
2025-12-17 11:25:33,138 [ERROR] LogOutputStream:75 - [STDERR_REDIRECT] 
2025-12-17 11:25:34,138 [ERROR] LogOutputStream:75 - [STDERR_REDIRECT] [Fatal Error] :1:1: Premature end of file.
2025-12-17 11:25:34,138 [ERROR] LogOutputStream:75 - [STDERR_REDIRECT] 
2025-12-17 11:25:35,139 [ERROR] LogOutputStream:75 - [STDERR_REDIRECT] [Fatal Error] :1:1: Premature end of file.
2025-12-17 11:25:35,139 [ERROR] LogOutputStream:75 - [STDERR_REDIRECT] 
2025-12-17 11:25:36,139 [ERROR] LogOutputStream:75 - [STDERR_REDIRECT] [Fatal Error] :1:1: Premature end of file.
2025-12-17 11:25:36,139 [ERROR] LogOutputStream:75 - [STDERR_REDIRECT] 
2025-12-17 11:25:37,139 [ERROR] LogOutputStream:75 - [STDERR_REDIRECT] [Fatal Error] :1:1: Premature end of file.
2025-12-17 11:25:37,139 [ERROR] LogOutputStream:75 - [STDERR_REDIRECT] 
2025-12-17 11:25:38,137 [ERROR] LogOutputStream:75 - [STDERR_REDIRECT] [Fatal Error] :1:1: Premature end of file.
2025-12-17 11:25:38,137 [ERROR] LogOutputStream:75 - [STDERR_REDIRECT] 
2025-12-17 11:25:39,138 [ERROR] LogOutputStream:75 - [STDERR_REDIRECT] [Fatal Error] :1:1: Premature end of file.
2025-12-17 11:25:39,138 [ERROR] LogOutputStream:75 - [STDERR_REDIRECT] 
2025-12-17 11:25:40,137 [ERROR] LogOutputStream:75 - [STDERR_REDIRECT] [Fatal Error] :1:1: Premature end of file.
2025-12-17 11:25:40,137 [ERROR] LogOutputStream:75 - [STDERR_REDIRECT] 
2025-12-17 11:25:41,140 [ERROR] LogOutputStream:75 - [STDERR_REDIRECT] [Fatal Error] :1:1: Premature end of file.
2025-12-17 11:25:41,140 [ERROR] LogOutputStream:75 - [STDERR_REDIRECT] 
2025-12-17 11:25:42,138 [ERROR] LogOutputStream:75 - [STDERR_REDIRECT] [Fatal Error] :1:1: Premature end of file.
2025-12-17 11:25:42,138 [ERROR] LogOutputStream:75 - [STDERR_REDIRECT] 
2025-12-17 11:25:43,141 [ERROR] LogOutputStream:75 - [STDERR_REDIRECT] [Fatal Error] :1:1: Premature end of file.
2025-12-17 11:25:43,141 [ERROR] LogOutputStream:75 - [STDERR_REDIRECT] 
2025-12-17 11:25:44,138 [ERROR] LogOutputStream:75 - [STDERR_REDIRECT] [Fatal Error] :1:1: Premature end of file.
2025-12-17 11:25:44,138 [ERROR] LogOutputStream:75 - [STDERR_REDIRECT] 
2025-12-17 11:25:45,139 [ERROR] LogOutputStream:75 - [STDERR_REDIRECT] [Fatal Error] :1:1: Premature end of file.
2025-12-17 11:25:45,139 [ERROR] LogOutputStream:75 - [STDERR_REDIRECT] 
2025-12-17 11:25:46,139 [ERROR] LogOutputStream:75 - [STDERR_REDIRECT] [Fatal Error] :1:1: Premature end of file.
2025-12-17 11:25:46,139 [ERROR] LogOutputStream:75 - [STDERR_REDIRECT] 
2025-12-17 11:25:47,137 [ERROR] LogOutputStream:75 - [STDERR_REDIRECT] [Fatal Error] :1:1: Premature end of file.
2025-12-17 11:25:47,137 [ERROR] LogOutputStream:75 - [STDERR_REDIRECT] 
2025-12-17 11:25:48,138 [ERROR] LogOutputStream:75 - [STDERR_REDIRECT] [Fatal Error] :1:1: Premature end of file.
2025-12-17 11:25:48,138 [ERROR] LogOutputStream:75 - [STDERR_REDIRECT] 
2025-12-17 11:25:49,139 [ERROR] LogOutputStream:75 - [STDERR_REDIRECT] [Fatal Error] :1:1: Premature end of file.
2025-12-17 11:25:49,139 [ERROR] LogOutputStream:75 - [STDERR_REDIRECT] 
2025-12-17 11:25:50,140 [ERROR] LogOutputStream:75 - [STDERR_REDIRECT] [Fatal Error] :1:1: Premature end of file.
2025-12-17 11:25:50,140 [ERROR] LogOutputStream:75 - [STDERR_REDIRECT] 
2025-12-17 11:25:51,137 [ERROR] LogOutputStream:75 - [STDERR_REDIRECT] [Fatal Error] :1:1: Premature end of file.
2025-12-17 11:25:51,137 [ERROR] LogOutputStream:75 - [STDERR_REDIRECT] 
2025-12-17 11:25:52,140 [ERROR] LogOutputStream:75 - [STDERR_REDIRECT] [Fatal Error] :1:1: Premature end of file.
2025-12-17 11:25:52,140 [ERROR] LogOutputStream:75 - [STDERR_REDIRECT] 
2025-12-17 11:25:53,137 [ERROR] LogOutputStream:75 - [STDERR_REDIRECT] [Fatal Error] :1:1: Premature end of file.
2025-12-17 11:25:53,137 [ERROR] LogOutputStream:75 - [STDERR_REDIRECT] 
2025-12-17 11:25:54,141 [ERROR] LogOutputStream:75 - [STDERR_REDIRECT] [Fatal Error] :1:1: Premature end of file.
2025-12-17 11:25:54,141 [ERROR] LogOutputStream:75 - [STDERR_REDIRECT] 
2025-12-17 11:25:55,136 [ERROR] LogOutputStream:75 - [STDERR_REDIRECT] [Fatal Error] :1:1: Premature end of file.
2025-12-17 11:25:55,136 [ERROR] LogOutputStream:75 - [STDERR_REDIRECT] 
2025-12-17 11:25:56,139 [ERROR] LogOutputStream:75 - [STDERR_REDIRECT] [Fatal Error] :1:1: Premature end of file.
2025-12-17 11:25:56,139 [ERROR] LogOutputStream:75 - [STDERR_REDIRECT] 
2025-12-17 11:25:57,139 [ERROR] LogOutputStream:75 - [STDERR_REDIRECT] [Fatal Error] :1:1: Premature end of file.
2025-12-17 11:25:57,140 [ERROR] LogOutputStream:75 - [STDERR_REDIRECT] 
2025-12-17 11:25:58,140 [ERROR] LogOutputStream:75 - [STDERR_REDIRECT] [Fatal Error] :1:1: Premature end of file.
2025-12-17 11:25:58,140 [ERROR] LogOutputStream:75 - [STDERR_REDIRECT] 
2025-12-17 11:25:59,140 [ERROR] LogOutputStream:75 - [STDERR_REDIRECT] [Fatal Error] :1:1: Premature end of file.
2025-12-17 11:25:59,140 [ERROR] LogOutputStream:75 - [STDERR_REDIRECT] 
2025-12-17 11:26:00,139 [ERROR] LogOutputStream:75 - [STDERR_REDIRECT] [Fatal Error] :1:1: Premature end of file.
2025-12-17 11:26:00,140 [ERROR] LogOutputStream:75 - [STDERR_REDIRECT] 
2025-12-17 11:26:01,140 [ERROR] LogOutputStream:75 - [STDERR_REDIRECT] [Fatal Error] :1:1: Premature end of file.
2025-12-17 11:26:01,140 [ERROR] LogOutputStream:75 - [STDERR_REDIRECT] 
2025-12-17 11:26:02,140 [ERROR] LogOutputStream:75 - [STDERR_REDIRECT] [Fatal Error] :1:1: Premature end of file.
2025-12-17 11:26:02,140 [ERROR] LogOutputStream:75 - [STDERR_REDIRECT] 
2025-12-17 11:26:03,141 [ERROR] LogOutputStream:75 - [STDERR_REDIRECT] [Fatal Error] :1:1: Premature end of file.
2025-12-17 11:26:03,141 [ERROR] LogOutputStream:75 - [STDERR_REDIRECT] 
2025-12-17 11:26:04,139 [ERROR] LogOutputStream:75 - [STDERR_REDIRECT] [Fatal Error] :1:1: Premature end of file.
2025-12-17 11:26:04,139 [ERROR] LogOutputStream:75 - [STDERR_REDIRECT] 
2025-12-17 11:26:05,139 [ERROR] LogOutputStream:75 - [STDERR_REDIRECT] [Fatal Error] :1:1: Premature end of file.
2025-12-17 11:26:05,139 [ERROR] LogOutputStream:75 - [STDERR_REDIRECT] 
2025-12-17 11:26:06,140 [ERROR] LogOutputStream:75 - [STDERR_REDIRECT] [Fatal Error] :1:1: Premature end of file.
2025-12-17 11:26:06,140 [ERROR] LogOutputStream:75 - [STDERR_REDIRECT] 
2025-12-17 11:26:07,143 [ERROR] LogOutputStream:75 - [STDERR_REDIRECT] [Fatal Error] :1:1: Premature end of file.
2025-12-17 11:26:07,143 [ERROR] LogOutputStream:75 - [STDERR_REDIRECT] 
2025-12-17 11:26:08,140 [ERROR] LogOutputStream:75 - [STDERR_REDIRECT] [Fatal Error] :1:1: Premature end of file.
2025-12-17 11:26:08,140 [ERROR] LogOutputStream:75 - [STDERR_REDIRECT] 
2025-12-17 11:26:09,139 [ERROR] LogOutputStream:75 - [STDERR_REDIRECT] [Fatal Error] :1:1: Premature end of file.
2025-12-17 11:26:09,139 [ERROR] LogOutputStream:75 - [STDERR_REDIRECT] 
2025-12-17 11:26:10,138 [ERROR] LogOutputStream:75 - [STDERR_REDIRECT] [Fatal Error] :1:1: Premature end of file.
2025-12-17 11:26:10,138 [ERROR] LogOutputStream:75 - [STDERR_REDIRECT] 
2025-12-17 11:26:11,139 [ERROR] LogOutputStream:75 - [STDERR_REDIRECT] [Fatal Error] :1:1: Premature end of file.
2025-12-17 11:26:11,139 [ERROR] LogOutputStream:75 - [STDERR_REDIRECT] 
2025-12-17 11:26:12,139 [ERROR] LogOutputStream:75 - [STDERR_REDIRECT] [Fatal Error] :1:1: Premature end of file.
2025-12-17 11:26:12,140 [ERROR] LogOutputStream:75 - [STDERR_REDIRECT] 
2025-12-17 11:26:13,140 [ERROR] LogOutputStream:75 - [STDERR_REDIRECT] [Fatal Error] :1:1: Premature end of file.
2025-12-17 11:26:13,140 [ERROR] LogOutputStream:75 - [STDERR_REDIRECT] 
2025-12-17 11:26:14,139 [ERROR] LogOutputStream:75 - [STDERR_REDIRECT] [Fatal Error] :1:1: Premature end of file.
2025-12-17 11:26:14,139 [ERROR] LogOutputStream:75 - [STDERR_REDIRECT] 
2025-12-17 11:26:15,140 [ERROR] LogOutputStream:75 - [STDERR_REDIRECT] [Fatal Error] :1:1: Premature end of file.
2025-12-17 11:26:15,140 [ERROR] LogOutputStream:75 - [STDERR_REDIRECT] 
2025-12-17 11:26:16,139 [ERROR] LogOutputStream:75 - [STDERR_REDIRECT] [Fatal Error] :1:1: Premature end of file.
2025-12-17 11:26:16,140 [ERROR] LogOutputStream:75 - [STDERR_REDIRECT] 
2025-12-17 11:26:17,148 [ERROR] LogOutputStream:75 - [STDERR_REDIRECT] [Fatal Error] :1:1: Premature end of file.
2025-12-17 11:26:17,148 [ERROR] LogOutputStream:75 - [STDERR_REDIRECT] 
2025-12-17 11:26:18,139 [ERROR] LogOutputStream:75 - [STDERR_REDIRECT] [Fatal Error] :1:1: Premature end of file.
2025-12-17 11:26:18,139 [ERROR] LogOutputStream:75 - [STDERR_REDIRECT] 
2025-12-17 11:26:19,139 [ERROR] LogOutputStream:75 - [STDERR_REDIRECT] [Fatal Error] :1:1: Premature end of file.
2025-12-17 11:26:19,140 [ERROR] LogOutputStream:75 - [STDERR_REDIRECT] 
2025-12-17 11:26:20,139 [ERROR] LogOutputStream:75 - [STDERR_REDIRECT] [Fatal Error] :1:1: Premature end of file.
2025-12-17 11:26:20,139 [ERROR] LogOutputStream:75 - [STDERR_REDIRECT] 
2025-12-17 11:26:21,139 [ERROR] LogOutputStream:75 - [STDERR_REDIRECT] [Fatal Error] :1:1: Premature end of file.
2025-12-17 11:26:21,139 [ERROR] LogOutputStream:75 - [STDERR_REDIRECT] 
2025-12-17 11:26:22,139 [ERROR] LogOutputStream:75 - [STDERR_REDIRECT] [Fatal Error] :1:1: Premature end of file.
2025-12-17 11:26:22,139 [ERROR] LogOutputStream:75 - [STDERR_REDIRECT] 
2025-12-17 11:26:23,140 [ERROR] LogOutputStream:75 - [STDERR_REDIRECT] [Fatal Error] :1:1: Premature end of file.
2025-12-17 11:26:23,140 [ERROR] LogOutputStream:75 - [STDERR_REDIRECT] 
2025-12-17 11:26:24,139 [ERROR] LogOutputStream:75 - [STDERR_REDIRECT] [Fatal Error] :1:1: Premature end of file.
2025-12-17 11:26:24,139 [ERROR] LogOutputStream:75 - [STDERR_REDIRECT] 
2025-12-17 11:26:25,141 [ERROR] LogOutputStream:75 - [STDERR_REDIRECT] [Fatal Error] :1:1: Premature end of file.
2025-12-17 11:26:25,141 [ERROR] LogOutputStream:75 - [STDERR_REDIRECT] 
2025-12-17 11:26:26,141 [ERROR] LogOutputStream:75 - [STDERR_REDIRECT] [Fatal Error] :1:1: Premature end of file.
2025-12-17 11:26:26,141 [ERROR] LogOutputStream:75 - [STDERR_REDIRECT] 
2025-12-17 11:26:27,140 [ERROR] LogOutputStream:75 - [STDERR_REDIRECT] [Fatal Error] :1:1: Premature end of file.
2025-12-17 11:26:27,140 [ERROR] LogOutputStream:75 - [STDERR_REDIRECT] 
2025-12-17 11:26:28,140 [ERROR] LogOutputStream:75 - [STDERR_REDIRECT] [Fatal Error] :1:1: Premature end of file.
2025-12-17 11:26:28,140 [ERROR] LogOutputStream:75 - [STDERR_REDIRECT] 
2025-12-17 11:26:29,139 [ERROR] LogOutputStream:75 - [STDERR_REDIRECT] [Fatal Error] :1:1: Premature end of file.
2025-12-17 11:26:29,139 [ERROR] LogOutputStream:75 - [STDERR_REDIRECT] 
2025-12-17 11:26:30,140 [ERROR] LogOutputStream:75 - [STDERR_REDIRECT] [Fatal Error] :1:1: Premature end of file.
2025-12-17 11:26:30,140 [ERROR] LogOutputStream:75 - [STDERR_REDIRECT] 
2025-12-17 11:26:31,140 [ERROR] LogOutputStream:75 - [STDERR_REDIRECT] [Fatal Error] :1:1: Premature end of file.
2025-12-17 11:26:31,140 [ERROR] LogOutputStream:75 - [STDERR_REDIRECT] 
2025-12-17 11:26:32,142 [ERROR] LogOutputStream:75 - [STDERR_REDIRECT] [Fatal Error] :1:1: Premature end of file.
2025-12-17 11:26:32,142 [ERROR] LogOutputStream:75 - [STDERR_REDIRECT] 
2025-12-17 11:26:33,141 [ERROR] LogOutputStream:75 - [STDERR_REDIRECT] [Fatal Error] :1:1: Premature end of file.
2025-12-17 11:26:33,141 [ERROR] LogOutputStream:75 - [STDERR_REDIRECT] 
2025-12-17 11:26:34,139 [ERROR] LogOutputStream:75 - [STDERR_REDIRECT] [Fatal Error] :1:1: Premature end of file.
2025-12-17 11:26:34,140 [ERROR] LogOutputStream:75 - [STDERR_REDIRECT] 
2025-12-17 11:26:35,141 [ERROR] LogOutputStream:75 - [STDERR_REDIRECT] [Fatal Error] :1:1: Premature end of file.
2025-12-17 11:26:35,141 [ERROR] LogOutputStream:75 - [STDERR_REDIRECT] 
2025-12-17 11:26:36,140 [ERROR] LogOutputStream:75 - [STDERR_REDIRECT] [Fatal Error] :1:1: Premature end of file.
2025-12-17 11:26:36,140 [ERROR] LogOutputStream:75 - [STDERR_REDIRECT] 
2025-12-17 11:26:37,142 [ERROR] LogOutputStream:75 - [STDERR_REDIRECT] [Fatal Error] :1:1: Premature end of file.
2025-12-17 11:26:37,142 [ERROR] LogOutputStream:75 - [STDERR_REDIRECT] 
2025-12-17 11:26:38,139 [ERROR] LogOutputStream:75 - [STDERR_REDIRECT] [Fatal Error] :1:1: Premature end of file.
2025-12-17 11:26:38,139 [ERROR] LogOutputStream:75 - [STDERR_REDIRECT] 
2025-12-17 11:26:39,143 [ERROR] LogOutputStream:75 - [STDERR_REDIRECT] [Fatal Error] :1:1: Premature end of file.
2025-12-17 11:26:39,143 [ERROR] LogOutputStream:75 - [STDERR_REDIRECT] 
2025-12-17 11:26:40,142 [ERROR] LogOutputStream:75 - [STDERR_REDIRECT] [Fatal Error] :1:1: Premature end of file.
2025-12-17 11:26:40,142 [ERROR] LogOutputStream:75 - [STDERR_REDIRECT] 
2025-12-17 11:26:41,140 [ERROR] LogOutputStream:75 - [STDERR_REDIRECT] [Fatal Error] :1:1: Premature end of file.
2025-12-17 11:26:41,140 [ERROR] LogOutputStream:75 - [STDERR_REDIRECT] 
2025-12-17 11:26:42,139 [ERROR] LogOutputStream:75 - [STDERR_REDIRECT] [Fatal Error] :1:1: Premature end of file.
2025-12-17 11:26:42,140 [ERROR] LogOutputStream:75 - [STDERR_REDIRECT] 
2025-12-17 11:26:43,147 [ERROR] LogOutputStream:75 - [STDERR_REDIRECT] [Fatal Error] :1:1: Premature end of file.
2025-12-17 11:26:43,147 [ERROR] LogOutputStream:75 - [STDERR_REDIRECT] 
2025-12-17 11:26:44,141 [ERROR] LogOutputStream:75 - [STDERR_REDIRECT] [Fatal Error] :1:1: Premature end of file.
2025-12-17 11:26:44,141 [ERROR] LogOutputStream:75 - [STDERR_REDIRECT] 
2025-12-17 11:26:45,142 [ERROR] LogOutputStream:75 - [STDERR_REDIRECT] [Fatal Error] :1:1: Premature end of file.
2025-12-17 11:26:45,142 [ERROR] LogOutputStream:75 - [STDERR_REDIRECT] 
2025-12-17 11:26:46,140 [ERROR] LogOutputStream:75 - [STDERR_REDIRECT] [Fatal Error] :1:1: Premature end of file.
2025-12-17 11:26:46,140 [ERROR] LogOutputStream:75 - [STDERR_REDIRECT] 
2025-12-17 11:26:47,139 [ERROR] LogOutputStream:75 - [STDERR_REDIRECT] [Fatal Error] :1:1: Premature end of file.
2025-12-17 11:26:47,139 [ERROR] LogOutputStream:75 - [STDERR_REDIRECT] 
2025-12-17 11:26:48,143 [ERROR] LogOutputStream:75 - [STDERR_REDIRECT] [Fatal Error] :1:1: Premature end of file.
2025-12-17 11:26:48,143 [ERROR] LogOutputStream:75 - [STDERR_REDIRECT] 
2025-12-17 11:26:49,141 [ERROR] LogOutputStream:75 - [STDERR_REDIRECT] [Fatal Error] :1:1: Premature end of file.
2025-12-17 11:26:49,141 [ERROR] LogOutputStream:75 - [STDERR_REDIRECT] 
2025-12-17 11:26:50,144 [ERROR] LogOutputStream:75 - [STDERR_REDIRECT] [Fatal Error] :1:1: Premature end of file.
2025-12-17 11:26:50,144 [ERROR] LogOutputStream:75 - [STDERR_REDIRECT] 
2025-12-17 11:26:51,140 [ERROR] LogOutputStream:75 - [STDERR_REDIRECT] [Fatal Error] :1:1: Premature end of file.
2025-12-17 11:26:51,140 [ERROR] LogOutputStream:75 - [STDERR_REDIRECT] 
2025-12-17 11:26:52,141 [ERROR] LogOutputStream:75 - [STDERR_REDIRECT] [Fatal Error] :1:1: Premature end of file.
2025-12-17 11:26:52,141 [ERROR] LogOutputStream:75 - [STDERR_REDIRECT] 
2025-12-17 11:26:53,138 [ERROR] LogOutputStream:75 - [STDERR_REDIRECT] [Fatal Error] :1:1: Premature end of file.
2025-12-17 11:26:53,139 [ERROR] LogOutputStream:75 - [STDERR_REDIRECT] 
2025-12-17 11:26:54,143 [ERROR] LogOutputStream:75 - [STDERR_REDIRECT] [Fatal Error] :1:1: Premature end of file.
2025-12-17 11:26:54,143 [ERROR] LogOutputStream:75 - [STDERR_REDIRECT] 
2025-12-17 11:26:55,140 [ERROR] LogOutputStream:75 - [STDERR_REDIRECT] [Fatal Error] :1:1: Premature end of file.
2025-12-17 11:26:55,140 [ERROR] LogOutputStream:75 - [STDERR_REDIRECT] 
2025-12-17 11:26:56,138 [ERROR] LogOutputStream:75 - [STDERR_REDIRECT] [Fatal Error] :1:1: Premature end of file.
2025-12-17 11:26:56,138 [ERROR] LogOutputStream:75 - [STDERR_REDIRECT] 
2025-12-17 11:26:57,139 [ERROR] LogOutputStream:75 - [STDERR_REDIRECT] [Fatal Error] :1:1: Premature end of file.
2025-12-17 11:26:57,140 [ERROR] LogOutputStream:75 - [STDERR_REDIRECT] 
2025-12-17 11:26:58,143 [ERROR] LogOutputStream:75 - [STDERR_REDIRECT] [Fatal Error] :1:1: Premature end of file.
2025-12-17 11:26:58,144 [ERROR] LogOutputStream:75 - [STDERR_REDIRECT] 
2025-12-17 11:26:59,146 [ERROR] LogOutputStream:75 - [STDERR_REDIRECT] [Fatal Error] :1:1: Premature end of file.
2025-12-17 11:26:59,146 [ERROR] LogOutputStream:75 - [STDERR_REDIRECT] 
2025-12-17 11:27:00,141 [ERROR] LogOutputStream:75 - [STDERR_REDIRECT] [Fatal Error] :1:1: Premature end of file.
2025-12-17 11:27:00,142 [ERROR] LogOutputStream:75 - [STDERR_REDIRECT] 
2025-12-17 11:27:01,140 [ERROR] LogOutputStream:75 - [STDERR_REDIRECT] [Fatal Error] :1:1: Premature end of file.
2025-12-17 11:27:01,140 [ERROR] LogOutputStream:75 - [STDERR_REDIRECT] 
2025-12-17 11:27:02,140 [ERROR] LogOutputStream:75 - [STDERR_REDIRECT] [Fatal Error] :1:1: Premature end of file.
2025-12-17 11:27:02,140 [ERROR] LogOutputStream:75 - [STDERR_REDIRECT] 
2025-12-17 11:27:03,141 [ERROR] LogOutputStream:75 - [STDERR_REDIRECT] [Fatal Error] :1:1: Premature end of file.
2025-12-17 11:27:03,141 [ERROR] LogOutputStream:75 - [STDERR_REDIRECT] 
2025-12-17 11:27:04,139 [ERROR] LogOutputStream:75 - [STDERR_REDIRECT] [Fatal Error] :1:1: Premature end of file.
2025-12-17 11:27:04,139 [ERROR] LogOutputStream:75 - [STDERR_REDIRECT] 
2025-12-17 11:27:05,139 [ERROR] LogOutputStream:75 - [STDERR_REDIRECT] [Fatal Error] :1:1: Premature end of file.
2025-12-17 11:27:05,140 [ERROR] LogOutputStream:75 - [STDERR_REDIRECT] 
2025-12-17 11:27:06,140 [ERROR] LogOutputStream:75 - [STDERR_REDIRECT] [Fatal Error] :1:1: Premature end of file.
2025-12-17 11:27:06,140 [ERROR] LogOutputStream:75 - [STDERR_REDIRECT] 
2025-12-17 11:27:07,139 [ERROR] LogOutputStream:75 - [STDERR_REDIRECT] [Fatal Error] :1:1: Premature end of file.
2025-12-17 11:27:07,139 [ERROR] LogOutputStream:75 - [STDERR_REDIRECT] 
2025-12-17 11:27:08,141 [ERROR] LogOutputStream:75 - [STDERR_REDIRECT] [Fatal Error] :1:1: Premature end of file.
2025-12-17 11:27:08,141 [ERROR] LogOutputStream:75 - [STDERR_REDIRECT] 
2025-12-17 11:27:09,141 [ERROR] LogOutputStream:75 - [STDERR_REDIRECT] [Fatal Error] :1:1: Premature end of file.
2025-12-17 11:27:09,141 [ERROR] LogOutputStream:75 - [STDERR_REDIRECT] 
2025-12-17 11:27:10,140 [ERROR] LogOutputStream:75 - [STDERR_REDIRECT] [Fatal Error] :1:1: Premature end of file.
2025-12-17 11:27:10,140 [ERROR] LogOutputStream:75 - [STDERR_REDIRECT] 
2025-12-17 11:27:11,140 [ERROR] LogOutputStream:75 - [STDERR_REDIRECT] [Fatal Error] :1:1: Premature end of file.
2025-12-17 11:27:11,141 [ERROR] LogOutputStream:75 - [STDERR_REDIRECT] 
2025-12-17 11:27:12,141 [ERROR] LogOutputStream:75 - [STDERR_REDIRECT] [Fatal Error] :1:1: Premature end of file.
2025-12-17 11:27:12,141 [ERROR] LogOutputStream:75 - [STDERR_REDIRECT] 
2025-12-17 11:27:13,142 [ERROR] LogOutputStream:75 - [STDERR_REDIRECT] [Fatal Error] :1:1: Premature end of file.
2025-12-17 11:27:13,142 [ERROR] LogOutputStream:75 - [STDERR_REDIRECT] 
2025-12-17 11:27:14,141 [ERROR] LogOutputStream:75 - [STDERR_REDIRECT] [Fatal Error] :1:1: Premature end of file.
2025-12-17 11:27:14,141 [ERROR] LogOutputStream:75 - [STDERR_REDIRECT] 
2025-12-17 11:27:15,140 [ERROR] LogOutputStream:75 - [STDERR_REDIRECT] [Fatal Error] :1:1: Premature end of file.
2025-12-17 11:27:15,140 [ERROR] LogOutputStream:75 - [STDERR_REDIRECT] 
2025-12-17 11:27:16,143 [ERROR] LogOutputStream:75 - [STDERR_REDIRECT] [Fatal Error] :1:1: Premature end of file.
2025-12-17 11:27:16,143 [ERROR] LogOutputStream:75 - [STDERR_REDIRECT] 
2025-12-17 11:27:17,141 [ERROR] LogOutputStream:75 - [STDERR_REDIRECT] [Fatal Error] :1:1: Premature end of file.
2025-12-17 11:27:17,142 [ERROR] LogOutputStream:75 - [STDERR_REDIRECT] 
2025-12-17 11:27:18,142 [ERROR] LogOutputStream:75 - [STDERR_REDIRECT] [Fatal Error] :1:1: Premature end of file.
2025-12-17 11:27:18,142 [ERROR] LogOutputStream:75 - [STDERR_REDIRECT] 
2025-12-17 11:27:19,141 [ERROR] LogOutputStream:75 - [STDERR_REDIRECT] [Fatal Error] :1:1: Premature end of file.
2025-12-17 11:27:19,141 [ERROR] LogOutputStream:75 - [STDERR_REDIRECT] 
2025-12-17 11:27:20,140 [ERROR] LogOutputStream:75 - [STDERR_REDIRECT] [Fatal Error] :1:1: Premature end of file.
2025-12-17 11:27:20,140 [ERROR] LogOutputStream:75 - [STDERR_REDIRECT] 
2025-12-17 11:27:21,140 [ERROR] LogOutputStream:75 - [STDERR_REDIRECT] [Fatal Error] :1:1: Premature end of file.
2025-12-17 11:27:21,140 [ERROR] LogOutputStream:75 - [STDERR_REDIRECT] 
2025-12-17 11:27:22,142 [ERROR] LogOutputStream:75 - [STDERR_REDIRECT] [Fatal Error] :1:1: Premature end of file.
2025-12-17 11:27:22,142 [ERROR] LogOutputStream:75 - [STDERR_REDIRECT] 
2025-12-17 11:27:23,139 [ERROR] LogOutputStream:75 - [STDERR_REDIRECT] [Fatal Error] :1:1: Premature end of file.
2025-12-17 11:27:23,140 [ERROR] LogOutputStream:75 - [STDERR_REDIRECT] 
2025-12-17 11:27:24,141 [ERROR] LogOutputStream:75 - [STDERR_REDIRECT] [Fatal Error] :1:1: Premature end of file.
2025-12-17 11:27:24,141 [ERROR] LogOutputStream:75 - [STDERR_REDIRECT] 
2025-12-17 11:27:25,138 [ERROR] LogOutputStream:75 - [STDERR_REDIRECT] [Fatal Error] :1:1: Premature end of file.
2025-12-17 11:27:25,139 [ERROR] LogOutputStream:75 - [STDERR_REDIRECT] 
2025-12-17 11:27:26,138 [ERROR] LogOutputStream:75 - [STDERR_REDIRECT] [Fatal Error] :1:1: Premature end of file.
2025-12-17 11:27:26,139 [ERROR] LogOutputStream:75 - [STDERR_REDIRECT] 
2025-12-17 11:27:27,140 [ERROR] LogOutputStream:75 - [STDERR_REDIRECT] [Fatal Error] :1:1: Premature end of file.
2025-12-17 11:27:27,140 [ERROR] LogOutputStream:75 - [STDERR_REDIRECT] 
2025-12-17 11:27:28,143 [ERROR] LogOutputStream:75 - [STDERR_REDIRECT] [Fatal Error] :1:1: Premature end of file.
2025-12-17 11:27:28,143 [ERROR] LogOutputStream:75 - [STDERR_REDIRECT] 
2025-12-17 11:27:29,141 [ERROR] LogOutputStream:75 - [STDERR_REDIRECT] [Fatal Error] :1:1: Premature end of file.
2025-12-17 11:27:29,141 [ERROR] LogOutputStream:75 - [STDERR_REDIRECT] 
2025-12-17 11:27:30,143 [ERROR] LogOutputStream:75 - [STDERR_REDIRECT] [Fatal Error] :1:1: Premature end of file.
2025-12-17 11:27:30,143 [ERROR] LogOutputStream:75 - [STDERR_REDIRECT] 
2025-12-17 11:27:31,140 [ERROR] LogOutputStream:75 - [STDERR_REDIRECT] [Fatal Error] :1:1: Premature end of file.
2025-12-17 11:27:31,140 [ERROR] LogOutputStream:75 - [STDERR_REDIRECT] 
2025-12-17 11:27:32,142 [ERROR] LogOutputStream:75 - [STDERR_REDIRECT] [Fatal Error] :1:1: Premature end of file.
2025-12-17 11:27:32,142 [ERROR] LogOutputStream:75 - [STDERR_REDIRECT] 
2025-12-17 11:27:33,141 [ERROR] LogOutputStream:75 - [STDERR_REDIRECT] [Fatal Error] :1:1: Premature end of file.
2025-12-17 11:27:33,141 [ERROR] LogOutputStream:75 - [STDERR_REDIRECT] 
2025-12-17 11:27:34,140 [ERROR] LogOutputStream:75 - [STDERR_REDIRECT] [Fatal Error] :1:1: Premature end of file.
2025-12-17 11:27:34,140 [ERROR] LogOutputStream:75 - [STDERR_REDIRECT] 
2025-12-17 11:27:35,140 [ERROR] LogOutputStream:75 - [STDERR_REDIRECT] [Fatal Error] :1:1: Premature end of file.
2025-12-17 11:27:35,140 [ERROR] LogOutputStream:75 - [STDERR_REDIRECT] 
2025-12-17 11:27:36,139 [ERROR] LogOutputStream:75 - [STDERR_REDIRECT] [Fatal Error] :1:1: Premature end of file.
2025-12-17 11:27:36,139 [ERROR] LogOutputStream:75 - [STDERR_REDIRECT] 
2025-12-17 11:27:37,139 [ERROR] LogOutputStream:75 - [STDERR_REDIRECT] [Fatal Error] :1:1: Premature end of file.
2025-12-17 11:27:37,139 [ERROR] LogOutputStream:75 - [STDERR_REDIRECT] 
2025-12-17 11:27:38,140 [ERROR] LogOutputStream:75 - [STDERR_REDIRECT] [Fatal Error] :1:1: Premature end of file.
2025-12-17 11:27:38,140 [ERROR] LogOutputStream:75 - [STDERR_REDIRECT] 
2025-12-17 11:27:39,139 [ERROR] LogOutputStream:75 - [STDERR_REDIRECT] [Fatal Error] :1:1: Premature end of file.
2025-12-17 11:27:39,139 [ERROR] LogOutputStream:75 - [STDERR_REDIRECT] 
2025-12-17 11:27:40,139 [ERROR] LogOutputStream:75 - [STDERR_REDIRECT] [Fatal Error] :1:1: Premature end of file.
2025-12-17 11:27:40,139 [ERROR] LogOutputStream:75 - [STDERR_REDIRECT] 
2025-12-17 11:27:41,140 [ERROR] LogOutputStream:75 - [STDERR_REDIRECT] [Fatal Error] :1:1: Premature end of file.
2025-12-17 11:27:41,140 [ERROR] LogOutputStream:75 - [STDERR_REDIRECT] 
2025-12-17 11:27:42,139 [ERROR] LogOutputStream:75 - [STDERR_REDIRECT] [Fatal Error] :1:1: Premature end of file.
2025-12-17 11:27:42,139 [ERROR] LogOutputStream:75 - [STDERR_REDIRECT] 
2025-12-17 11:27:43,138 [ERROR] LogOutputStream:75 - [STDERR_REDIRECT] [Fatal Error] :1:1: Premature end of file.
2025-12-17 11:27:43,139 [ERROR] LogOutputStream:75 - [STDERR_REDIRECT] 
2025-12-17 11:27:44,141 [ERROR] LogOutputStream:75 - [STDERR_REDIRECT] [Fatal Error] :1:1: Premature end of file.
2025-12-17 11:27:44,141 [ERROR] LogOutputStream:75 - [STDERR_REDIRECT] 
2025-12-17 11:27:45,139 [ERROR] LogOutputStream:75 - [STDERR_REDIRECT] [Fatal Error] :1:1: Premature end of file.
2025-12-17 11:27:45,139 [ERROR] LogOutputStream:75 - [STDERR_REDIRECT] 
2025-12-17 11:27:46,139 [ERROR] LogOutputStream:75 - [STDERR_REDIRECT] [Fatal Error] :1:1: Premature end of file.
2025-12-17 11:27:46,139 [ERROR] LogOutputStream:75 - [STDERR_REDIRECT] 
2025-12-17 11:27:47,139 [ERROR] LogOutputStream:75 - [STDERR_REDIRECT] [Fatal Error] :1:1: Premature end of file.
2025-12-17 11:27:47,139 [ERROR] LogOutputStream:75 - [STDERR_REDIRECT] 
2025-12-17 11:27:48,139 [ERROR] LogOutputStream:75 - [STDERR_REDIRECT] [Fatal Error] :1:1: Premature end of file.
2025-12-17 11:27:48,139 [ERROR] LogOutputStream:75 - [STDERR_REDIRECT] 
2025-12-17 11:27:49,139 [ERROR] LogOutputStream:75 - [STDERR_REDIRECT] [Fatal Error] :1:1: Premature end of file.
2025-12-17 11:27:49,139 [ERROR] LogOutputStream:75 - [STDERR_REDIRECT] 
2025-12-17 11:27:50,140 [ERROR] LogOutputStream:75 - [STDERR_REDIRECT] [Fatal Error] :1:1: Premature end of file.
2025-12-17 11:27:50,140 [ERROR] LogOutputStream:75 - [STDERR_REDIRECT] 
2025-12-17 11:27:51,139 [ERROR] LogOutputStream:75 - [STDERR_REDIRECT] [Fatal Error] :1:1: Premature end of file.
2025-12-17 11:27:51,139 [ERROR] LogOutputStream:75 - [STDERR_REDIRECT] 
2025-12-17 11:27:52,138 [ERROR] LogOutputStream:75 - [STDERR_REDIRECT] [Fatal Error] :1:1: Premature end of file.
2025-12-17 11:27:52,138 [ERROR] LogOutputStream:75 - [STDERR_REDIRECT] 
2025-12-17 11:27:53,139 [ERROR] LogOutputStream:75 - [STDERR_REDIRECT] [Fatal Error] :1:1: Premature end of file.
2025-12-17 11:27:53,139 [ERROR] LogOutputStream:75 - [STDERR_REDIRECT] 
2025-12-17 11:27:54,139 [ERROR] LogOutputStream:75 - [STDERR_REDIRECT] [Fatal Error] :1:1: Premature end of file.
2025-12-17 11:27:54,139 [ERROR] LogOutputStream:75 - [STDERR_REDIRECT] 
2025-12-17 11:27:55,139 [ERROR] LogOutputStream:75 - [STDERR_REDIRECT] [Fatal Error] :1:1: Premature end of file.
2025-12-17 11:27:55,139 [ERROR] LogOutputStream:75 - [STDERR_REDIRECT] 
2025-12-17 11:27:56,140 [ERROR] LogOutputStream:75 - [STDERR_REDIRECT] [Fatal Error] :1:1: Premature end of file.
2025-12-17 11:27:56,140 [ERROR] LogOutputStream:75 - [STDERR_REDIRECT] 
2025-12-17 11:27:57,139 [ERROR] LogOutputStream:75 - [STDERR_REDIRECT] [Fatal Error] :1:1: Premature end of file.
2025-12-17 11:27:57,139 [ERROR] LogOutputStream:75 - [STDERR_REDIRECT] 
2025-12-17 11:27:58,140 [ERROR] LogOutputStream:75 - [STDERR_REDIRECT] [Fatal Error] :1:1: Premature end of file.
2025-12-17 11:27:58,140 [ERROR] LogOutputStream:75 - [STDERR_REDIRECT] 
2025-12-17 11:27:59,139 [ERROR] LogOutputStream:75 - [STDERR_REDIRECT] [Fatal Error] :1:1: Premature end of file.
2025-12-17 11:27:59,139 [ERROR] LogOutputStream:75 - [STDERR_REDIRECT] 
2025-12-17 11:28:00,139 [ERROR] LogOutputStream:75 - [STDERR_REDIRECT] [Fatal Error] :1:1: Premature end of file.
2025-12-17 11:28:00,139 [ERROR] LogOutputStream:75 - [STDERR_REDIRECT] 
2025-12-17 11:28:01,139 [ERROR] LogOutputStream:75 - [STDERR_REDIRECT] [Fatal Error] :1:1: Premature end of file.
2025-12-17 11:28:01,140 [ERROR] LogOutputStream:75 - [STDERR_REDIRECT] 
2025-12-17 11:28:02,139 [ERROR] LogOutputStream:75 - [STDERR_REDIRECT] [Fatal Error] :1:1: Premature end of file.
2025-12-17 11:28:02,139 [ERROR] LogOutputStream:75 - [STDERR_REDIRECT] 
2025-12-17 11:28:03,141 [ERROR] LogOutputStream:75 - [STDERR_REDIRECT] [Fatal Error] :1:1: Premature end of file.
2025-12-17 11:28:03,141 [ERROR] LogOutputStream:75 - [STDERR_REDIRECT] 
2025-12-17 11:28:04,139 [ERROR] LogOutputStream:75 - [STDERR_REDIRECT] [Fatal Error] :1:1: Premature end of file.
2025-12-17 11:28:04,139 [ERROR] LogOutputStream:75 - [STDERR_REDIRECT] 
2025-12-17 11:28:05,139 [ERROR] LogOutputStream:75 - [STDERR_REDIRECT] [Fatal Error] :1:1: Premature end of file.
2025-12-17 11:28:05,139 [ERROR] LogOutputStream:75 - [STDERR_REDIRECT] 
2025-12-17 11:28:06,139 [ERROR] LogOutputStream:75 - [STDERR_REDIRECT] [Fatal Error] :1:1: Premature end of file.
2025-12-17 11:28:06,139 [ERROR] LogOutputStream:75 - [STDERR_REDIRECT] 
2025-12-17 11:28:07,139 [ERROR] LogOutputStream:75 - [STDERR_REDIRECT] [Fatal Error] :1:1: Premature end of file.
2025-12-17 11:28:07,139 [ERROR] LogOutputStream:75 - [STDERR_REDIRECT] 
2025-12-17 11:28:08,138 [ERROR] LogOutputStream:75 - [STDERR_REDIRECT] [Fatal Error] :1:1: Premature end of file.
2025-12-17 11:28:08,138 [ERROR] LogOutputStream:75 - [STDERR_REDIRECT] 
2025-12-17 11:28:09,139 [ERROR] LogOutputStream:75 - [STDERR_REDIRECT] [Fatal Error] :1:1: Premature end of file.
2025-12-17 11:28:09,139 [ERROR] LogOutputStream:75 - [STDERR_REDIRECT] 
2025-12-17 11:28:10,139 [ERROR] LogOutputStream:75 - [STDERR_REDIRECT] [Fatal Error] :1:1: Premature end of file.
2025-12-17 11:28:10,139 [ERROR] LogOutputStream:75 - [STDERR_REDIRECT] 
2025-12-17 11:28:11,139 [ERROR] LogOutputStream:75 - [STDERR_REDIRECT] [Fatal Error] :1:1: Premature end of file.
2025-12-17 11:28:11,139 [ERROR] LogOutputStream:75 - [STDERR_REDIRECT] 
2025-12-17 11:28:12,139 [ERROR] LogOutputStream:75 - [STDERR_REDIRECT] [Fatal Error] :1:1: Premature end of file.
2025-12-17 11:28:12,139 [ERROR] LogOutputStream:75 - [STDERR_REDIRECT] 
2025-12-17 11:28:13,139 [ERROR] LogOutputStream:75 - [STDERR_REDIRECT] [Fatal Error] :1:1: Premature end of file.
2025-12-17 11:28:13,140 [ERROR] LogOutputStream:75 - [STDERR_REDIRECT] 
2025-12-17 11:28:14,139 [ERROR] LogOutputStream:75 - [STDERR_REDIRECT] [Fatal Error] :1:1: Premature end of file.
2025-12-17 11:28:14,139 [ERROR] LogOutputStream:75 - [STDERR_REDIRECT] 
2025-12-17 11:28:15,138 [ERROR] LogOutputStream:75 - [STDERR_REDIRECT] [Fatal Error] :1:1: Premature end of file.
2025-12-17 11:28:15,138 [ERROR] LogOutputStream:75 - [STDERR_REDIRECT] 
2025-12-17 11:28:16,138 [ERROR] LogOutputStream:75 - [STDERR_REDIRECT] [Fatal Error] :1:1: Premature end of file.
2025-12-17 11:28:16,138 [ERROR] LogOutputStream:75 - [STDERR_REDIRECT] 
2025-12-17 11:28:17,138 [ERROR] LogOutputStream:75 - [STDERR_REDIRECT] [Fatal Error] :1:1: Premature end of file.
2025-12-17 11:28:17,138 [ERROR] LogOutputStream:75 - [STDERR_REDIRECT] 
2025-12-17 11:28:18,140 [ERROR] LogOutputStream:75 - [STDERR_REDIRECT] [Fatal Error] :1:1: Premature end of file.
2025-12-17 11:28:18,140 [ERROR] LogOutputStream:75 - [STDERR_REDIRECT] 
2025-12-17 11:28:19,141 [ERROR] LogOutputStream:75 - [STDERR_REDIRECT] [Fatal Error] :1:1: Premature end of file.
2025-12-17 11:28:19,141 [ERROR] LogOutputStream:75 - [STDERR_REDIRECT] 
2025-12-17 11:28:20,138 [ERROR] LogOutputStream:75 - [STDERR_REDIRECT] [Fatal Error] :1:1: Premature end of file.
2025-12-17 11:28:20,138 [ERROR] LogOutputStream:75 - [STDERR_REDIRECT] 
2025-12-17 11:28:21,137 [ERROR] LogOutputStream:75 - [STDERR_REDIRECT] [Fatal Error] :1:1: Premature end of file.
2025-12-17 11:28:21,137 [ERROR] LogOutputStream:75 - [STDERR_REDIRECT] 
2025-12-17 11:28:22,137 [ERROR] LogOutputStream:75 - [STDERR_REDIRECT] [Fatal Error] :1:1: Premature end of file.
2025-12-17 11:28:22,137 [ERROR] LogOutputStream:75 - [STDERR_REDIRECT] 
2025-12-17 11:28:23,139 [ERROR] LogOutputStream:75 - [STDERR_REDIRECT] [Fatal Error] :1:1: Premature end of file.
2025-12-17 11:28:23,139 [ERROR] LogOutputStream:75 - [STDERR_REDIRECT] 
2025-12-17 11:28:24,140 [ERROR] LogOutputStream:75 - [STDERR_REDIRECT] [Fatal Error] :1:1: Premature end of file.
2025-12-17 11:28:24,140 [ERROR] LogOutputStream:75 - [STDERR_REDIRECT] 
2025-12-17 11:28:25,139 [ERROR] LogOutputStream:75 - [STDERR_REDIRECT] [Fatal Error] :1:1: Premature end of file.
2025-12-17 11:28:25,139 [ERROR] LogOutputStream:75 - [STDERR_REDIRECT] 
2025-12-17 11:28:26,138 [ERROR] LogOutputStream:75 - [STDERR_REDIRECT] [Fatal Error] :1:1: Premature end of file.
2025-12-17 11:28:26,138 [ERROR] LogOutputStream:75 - [STDERR_REDIRECT] 
2025-12-17 11:28:27,140 [ERROR] LogOutputStream:75 - [STDERR_REDIRECT] [Fatal Error] :1:1: Premature end of file.
2025-12-17 11:28:27,140 [ERROR] LogOutputStream:75 - [STDERR_REDIRECT] 
2025-12-17 11:28:28,138 [ERROR] LogOutputStream:75 - [STDERR_REDIRECT] [Fatal Error] :1:1: Premature end of file.
2025-12-17 11:28:28,138 [ERROR] LogOutputStream:75 - [STDERR_REDIRECT] 
2025-12-17 11:28:29,140 [ERROR] LogOutputStream:75 - [STDERR_REDIRECT] [Fatal Error] :1:1: Premature end of file.
2025-12-17 11:28:29,140 [ERROR] LogOutputStream:75 - [STDERR_REDIRECT] 
2025-12-17 11:28:30,140 [ERROR] LogOutputStream:75 - [STDERR_REDIRECT] [Fatal Error] :1:1: Premature end of file.
2025-12-17 11:28:30,140 [ERROR] LogOutputStream:75 - [STDERR_REDIRECT] 
2025-12-17 11:28:31,140 [ERROR] LogOutputStream:75 - [STDERR_REDIRECT] [Fatal Error] :1:1: Premature end of file.
2025-12-17 11:28:31,140 [ERROR] LogOutputStream:75 - [STDERR_REDIRECT] 
2025-12-17 11:28:32,139 [ERROR] LogOutputStream:75 - [STDERR_REDIRECT] [Fatal Error] :1:1: Premature end of file.
2025-12-17 11:28:32,139 [ERROR] LogOutputStream:75 - [STDERR_REDIRECT] 
2025-12-17 11:28:33,140 [ERROR] LogOutputStream:75 - [STDERR_REDIRECT] [Fatal Error] :1:1: Premature end of file.
2025-12-17 11:28:33,140 [ERROR] LogOutputStream:75 - [STDERR_REDIRECT] 
2025-12-17 11:28:34,141 [ERROR] LogOutputStream:75 - [STDERR_REDIRECT] [Fatal Error] :1:1: Premature end of file.
2025-12-17 11:28:34,141 [ERROR] LogOutputStream:75 - [STDERR_REDIRECT] 
2025-12-17 11:28:35,138 [ERROR] LogOutputStream:75 - [STDERR_REDIRECT] [Fatal Error] :1:1: Premature end of file.
2025-12-17 11:28:35,139 [ERROR] LogOutputStream:75 - [STDERR_REDIRECT] 
2025-12-17 11:28:36,139 [ERROR] LogOutputStream:75 - [STDERR_REDIRECT] [Fatal Error] :1:1: Premature end of file.
2025-12-17 11:28:36,139 [ERROR] LogOutputStream:75 - [STDERR_REDIRECT] 
2025-12-17 11:28:37,139 [ERROR] LogOutputStream:75 - [STDERR_REDIRECT] [Fatal Error] :1:1: Premature end of file.
2025-12-17 11:28:37,139 [ERROR] LogOutputStream:75 - [STDERR_REDIRECT] 
2025-12-17 11:28:38,140 [ERROR] LogOutputStream:75 - [STDERR_REDIRECT] [Fatal Error] :1:1: Premature end of file.
2025-12-17 11:28:38,140 [ERROR] LogOutputStream:75 - [STDERR_REDIRECT] 
2025-12-17 11:28:39,138 [ERROR] LogOutputStream:75 - [STDERR_REDIRECT] [Fatal Error] :1:1: Premature end of file.
2025-12-17 11:28:39,138 [ERROR] LogOutputStream:75 - [STDERR_REDIRECT] 
2025-12-17 11:28:40,140 [ERROR] LogOutputStream:75 - [STDERR_REDIRECT] [Fatal Error] :1:1: Premature end of file.
2025-12-17 11:28:40,140 [ERROR] LogOutputStream:75 - [STDERR_REDIRECT] 
2025-12-17 11:28:41,139 [ERROR] LogOutputStream:75 - [STDERR_REDIRECT] [Fatal Error] :1:1: Premature end of file.
2025-12-17 11:28:41,139 [ERROR] LogOutputStream:75 - [STDERR_REDIRECT] 
2025-12-17 11:28:42,139 [ERROR] LogOutputStream:75 - [STDERR_REDIRECT] [Fatal Error] :1:1: Premature end of file.
2025-12-17 11:28:42,139 [ERROR] LogOutputStream:75 - [STDERR_REDIRECT] 
2025-12-17 11:28:43,139 [ERROR] LogOutputStream:75 - [STDERR_REDIRECT] [Fatal Error] :1:1: Premature end of file.
2025-12-17 11:28:43,140 [ERROR] LogOutputStream:75 - [STDERR_REDIRECT] 
2025-12-17 11:28:44,136 [ERROR] LogOutputStream:75 - [STDERR_REDIRECT] [Fatal Error] :1:1: Premature end of file.
2025-12-17 11:28:44,137 [ERROR] LogOutputStream:75 - [STDERR_REDIRECT] 
2025-12-17 11:28:45,139 [ERROR] LogOutputStream:75 - [STDERR_REDIRECT] [Fatal Error] :1:1: Premature end of file.
2025-12-17 11:28:45,140 [ERROR] LogOutputStream:75 - [STDERR_REDIRECT] 
2025-12-17 11:28:46,144 [ERROR] LogOutputStream:75 - [STDERR_REDIRECT] [Fatal Error] :1:1: Premature end of file.
2025-12-17 11:28:46,144 [ERROR] LogOutputStream:75 - [STDERR_REDIRECT] 
2025-12-17 11:28:47,141 [ERROR] LogOutputStream:75 - [STDERR_REDIRECT] [Fatal Error] :1:1: Premature end of file.
2025-12-17 11:28:47,141 [ERROR] LogOutputStream:75 - [STDERR_REDIRECT] 
2025-12-17 11:28:48,139 [ERROR] LogOutputStream:75 - [STDERR_REDIRECT] [Fatal Error] :1:1: Premature end of file.
2025-12-17 11:28:48,139 [ERROR] LogOutputStream:75 - [STDERR_REDIRECT] 
2025-12-17 11:28:49,139 [ERROR] LogOutputStream:75 - [STDERR_REDIRECT] [Fatal Error] :1:1: Premature end of file.
2025-12-17 11:28:49,139 [ERROR] LogOutputStream:75 - [STDERR_REDIRECT] 
2025-12-17 11:28:50,139 [ERROR] LogOutputStream:75 - [STDERR_REDIRECT] [Fatal Error] :1:1: Premature end of file.
2025-12-17 11:28:50,139 [ERROR] LogOutputStream:75 - [STDERR_REDIRECT] 
2025-12-17 11:28:51,139 [ERROR] LogOutputStream:75 - [STDERR_REDIRECT] [Fatal Error] :1:1: Premature end of file.
2025-12-17 11:28:51,140 [ERROR] LogOutputStream:75 - [STDERR_REDIRECT] 
2025-12-17 11:28:52,140 [ERROR] LogOutputStream:75 - [STDERR_REDIRECT] [Fatal Error] :1:1: Premature end of file.
2025-12-17 11:28:52,140 [ERROR] LogOutputStream:75 - [STDERR_REDIRECT] 
2025-12-17 11:28:53,139 [ERROR] LogOutputStream:75 - [STDERR_REDIRECT] [Fatal Error] :1:1: Premature end of file.
2025-12-17 11:28:53,139 [ERROR] LogOutputStream:75 - [STDERR_REDIRECT] 
2025-12-17 11:28:54,139 [ERROR] LogOutputStream:75 - [STDERR_REDIRECT] [Fatal Error] :1:1: Premature end of file.
2025-12-17 11:28:54,139 [ERROR] LogOutputStream:75 - [STDERR_REDIRECT] 
2025-12-17 11:28:55,139 [ERROR] LogOutputStream:75 - [STDERR_REDIRECT] [Fatal Error] :1:1: Premature end of file.
2025-12-17 11:28:55,139 [ERROR] LogOutputStream:75 - [STDERR_REDIRECT] 
2025-12-17 11:28:56,139 [ERROR] LogOutputStream:75 - [STDERR_REDIRECT] [Fatal Error] :1:1: Premature end of file.
2025-12-17 11:28:56,140 [ERROR] LogOutputStream:75 - [STDERR_REDIRECT] 
2025-12-17 11:28:57,139 [ERROR] LogOutputStream:75 - [STDERR_REDIRECT] [Fatal Error] :1:1: Premature end of file.
2025-12-17 11:28:57,139 [ERROR] LogOutputStream:75 - [STDERR_REDIRECT] 
2025-12-17 11:28:58,139 [ERROR] LogOutputStream:75 - [STDERR_REDIRECT] [Fatal Error] :1:1: Premature end of file.
2025-12-17 11:28:58,139 [ERROR] LogOutputStream:75 - [STDERR_REDIRECT] 
2025-12-17 11:28:59,138 [ERROR] LogOutputStream:75 - [STDERR_REDIRECT] [Fatal Error] :1:1: Premature end of file.
2025-12-17 11:28:59,138 [ERROR] LogOutputStream:75 - [STDERR_REDIRECT] 
2025-12-17 11:29:00,140 [ERROR] LogOutputStream:75 - [STDERR_REDIRECT] [Fatal Error] :1:1: Premature end of file.
2025-12-17 11:29:00,140 [ERROR] LogOutputStream:75 - [STDERR_REDIRECT] 
2025-12-17 11:29:01,140 [ERROR] LogOutputStream:75 - [STDERR_REDIRECT] [Fatal Error] :1:1: Premature end of file.
2025-12-17 11:29:01,140 [ERROR] LogOutputStream:75 - [STDERR_REDIRECT] 
2025-12-17 11:29:02,141 [ERROR] LogOutputStream:75 - [STDERR_REDIRECT] [Fatal Error] :1:1: Premature end of file.
2025-12-17 11:29:02,141 [ERROR] LogOutputStream:75 - [STDERR_REDIRECT] 
2025-12-17 11:29:03,138 [ERROR] LogOutputStream:75 - [STDERR_REDIRECT] [Fatal Error] :1:1: Premature end of file.
2025-12-17 11:29:03,139 [ERROR] LogOutputStream:75 - [STDERR_REDIRECT] 
2025-12-17 11:29:04,139 [ERROR] LogOutputStream:75 - [STDERR_REDIRECT] [Fatal Error] :1:1: Premature end of file.
2025-12-17 11:29:04,139 [ERROR] LogOutputStream:75 - [STDERR_REDIRECT] 
2025-12-17 11:29:05,140 [ERROR] LogOutputStream:75 - [STDERR_REDIRECT] [Fatal Error] :1:1: Premature end of file.
2025-12-17 11:29:05,140 [ERROR] LogOutputStream:75 - [STDERR_REDIRECT] 
2025-12-17 11:29:06,138 [ERROR] LogOutputStream:75 - [STDERR_REDIRECT] [Fatal Error] :1:1: Premature end of file.
2025-12-17 11:29:06,139 [ERROR] LogOutputStream:75 - [STDERR_REDIRECT] 
2025-12-17 11:29:07,139 [ERROR] LogOutputStream:75 - [STDERR_REDIRECT] [Fatal Error] :1:1: Premature end of file.
2025-12-17 11:29:07,139 [ERROR] LogOutputStream:75 - [STDERR_REDIRECT] 
2025-12-17 11:29:08,139 [ERROR] LogOutputStream:75 - [STDERR_REDIRECT] [Fatal Error] :1:1: Premature end of file.
2025-12-17 11:29:08,139 [ERROR] LogOutputStream:75 - [STDERR_REDIRECT] 
2025-12-17 11:29:09,140 [ERROR] LogOutputStream:75 - [STDERR_REDIRECT] [Fatal Error] :1:1: Premature end of file.
2025-12-17 11:29:09,140 [ERROR] LogOutputStream:75 - [STDERR_REDIRECT] 
2025-12-17 11:29:10,141 [ERROR] LogOutputStream:75 - [STDERR_REDIRECT] [Fatal Error] :1:1: Premature end of file.
2025-12-17 11:29:10,141 [ERROR] LogOutputStream:75 - [STDERR_REDIRECT] 
2025-12-17 11:29:11,140 [ERROR] LogOutputStream:75 - [STDERR_REDIRECT] [Fatal Error] :1:1: Premature end of file.
2025-12-17 11:29:11,141 [ERROR] LogOutputStream:75 - [STDERR_REDIRECT] 
2025-12-17 11:29:12,142 [ERROR] LogOutputStream:75 - [STDERR_REDIRECT] [Fatal Error] :1:1: Premature end of file.
2025-12-17 11:29:12,142 [ERROR] LogOutputStream:75 - [STDERR_REDIRECT] 
2025-12-17 11:29:13,140 [ERROR] LogOutputStream:75 - [STDERR_REDIRECT] [Fatal Error] :1:1: Premature end of file.
2025-12-17 11:29:13,140 [ERROR] LogOutputStream:75 - [STDERR_REDIRECT] 
2025-12-17 11:29:14,138 [ERROR] LogOutputStream:75 - [STDERR_REDIRECT] [Fatal Error] :1:1: Premature end of file.
2025-12-17 11:29:14,138 [ERROR] LogOutputStream:75 - [STDERR_REDIRECT] 
2025-12-17 11:29:15,139 [ERROR] LogOutputStream:75 - [STDERR_REDIRECT] [Fatal Error] :1:1: Premature end of file.
2025-12-17 11:29:15,139 [ERROR] LogOutputStream:75 - [STDERR_REDIRECT] 
2025-12-17 11:29:16,139 [ERROR] LogOutputStream:75 - [STDERR_REDIRECT] [Fatal Error] :1:1: Premature end of file.
2025-12-17 11:29:16,140 [ERROR] LogOutputStream:75 - [STDERR_REDIRECT] 
2025-12-17 11:29:17,139 [ERROR] LogOutputStream:75 - [STDERR_REDIRECT] [Fatal Error] :1:1: Premature end of file.
2025-12-17 11:29:17,140 [ERROR] LogOutputStream:75 - [STDERR_REDIRECT] 
2025-12-17 11:29:18,139 [ERROR] LogOutputStream:75 - [STDERR_REDIRECT] [Fatal Error] :1:1: Premature end of file.
2025-12-17 11:29:18,139 [ERROR] LogOutputStream:75 - [STDERR_REDIRECT] 
2025-12-17 11:29:19,139 [ERROR] LogOutputStream:75 - [STDERR_REDIRECT] [Fatal Error] :1:1: Premature end of file.
2025-12-17 11:29:19,140 [ERROR] LogOutputStream:75 - [STDERR_REDIRECT] 
2025-12-17 11:29:20,139 [ERROR] LogOutputStream:75 - [STDERR_REDIRECT] [Fatal Error] :1:1: Premature end of file.
2025-12-17 11:29:20,139 [ERROR] LogOutputStream:75 - [STDERR_REDIRECT] 
2025-12-17 11:29:21,138 [ERROR] LogOutputStream:75 - [STDERR_REDIRECT] [Fatal Error] :1:1: Premature end of file.
2025-12-17 11:29:21,138 [ERROR] LogOutputStream:75 - [STDERR_REDIRECT] 
2025-12-17 11:29:22,139 [ERROR] LogOutputStream:75 - [STDERR_REDIRECT] [Fatal Error] :1:1: Premature end of file.
2025-12-17 11:29:22,139 [ERROR] LogOutputStream:75 - [STDERR_REDIRECT] 
2025-12-17 11:29:23,139 [ERROR] LogOutputStream:75 - [STDERR_REDIRECT] [Fatal Error] :1:1: Premature end of file.
2025-12-17 11:29:23,139 [ERROR] LogOutputStream:75 - [STDERR_REDIRECT] 
2025-12-17 11:29:24,138 [ERROR] LogOutputStream:75 - [STDERR_REDIRECT] [Fatal Error] :1:1: Premature end of file.
2025-12-17 11:29:24,138 [ERROR] LogOutputStream:75 - [STDERR_REDIRECT] 
2025-12-17 11:29:25,139 [ERROR] LogOutputStream:75 - [STDERR_REDIRECT] [Fatal Error] :1:1: Premature end of file.
2025-12-17 11:29:25,139 [ERROR] LogOutputStream:75 - [STDERR_REDIRECT] 
2025-12-17 11:29:26,140 [ERROR] LogOutputStream:75 - [STDERR_REDIRECT] [Fatal Error] :1:1: Premature end of file.
2025-12-17 11:29:26,140 [ERROR] LogOutputStream:75 - [STDERR_REDIRECT] 
2025-12-17 11:29:27,139 [ERROR] LogOutputStream:75 - [STDERR_REDIRECT] [Fatal Error] :1:1: Premature end of file.
2025-12-17 11:29:27,139 [ERROR] LogOutputStream:75 - [STDERR_REDIRECT] 
2025-12-17 11:29:28,140 [ERROR] LogOutputStream:75 - [STDERR_REDIRECT] [Fatal Error] :1:1: Premature end of file.
2025-12-17 11:29:28,140 [ERROR] LogOutputStream:75 - [STDERR_REDIRECT] 
2025-12-17 11:29:29,138 [ERROR] LogOutputStream:75 - [STDERR_REDIRECT] [Fatal Error] :1:1: Premature end of file.
2025-12-17 11:29:29,138 [ERROR] LogOutputStream:75 - [STDERR_REDIRECT] 
2025-12-17 11:29:30,138 [ERROR] LogOutputStream:75 - [STDERR_REDIRECT] [Fatal Error] :1:1: Premature end of file.
2025-12-17 11:29:30,138 [ERROR] LogOutputStream:75 - [STDERR_REDIRECT] 
2025-12-17 11:29:31,140 [ERROR] LogOutputStream:75 - [STDERR_REDIRECT] [Fatal Error] :1:1: Premature end of file.
2025-12-17 11:29:31,140 [ERROR] LogOutputStream:75 - [STDERR_REDIRECT] 
2025-12-17 11:29:32,138 [ERROR] LogOutputStream:75 - [STDERR_REDIRECT] [Fatal Error] :1:1: Premature end of file.
2025-12-17 11:29:32,138 [ERROR] LogOutputStream:75 - [STDERR_REDIRECT] 
2025-12-17 11:29:33,138 [ERROR] LogOutputStream:75 - [STDERR_REDIRECT] [Fatal Error] :1:1: Premature end of file.
2025-12-17 11:29:33,138 [ERROR] LogOutputStream:75 - [STDERR_REDIRECT] 
2025-12-17 11:29:34,139 [ERROR] LogOutputStream:75 - [STDERR_REDIRECT] [Fatal Error] :1:1: Premature end of file.
2025-12-17 11:29:34,139 [ERROR] LogOutputStream:75 - [STDERR_REDIRECT] 
2025-12-17 11:29:35,140 [ERROR] LogOutputStream:75 - [STDERR_REDIRECT] [Fatal Error] :1:1: Premature end of file.
2025-12-17 11:29:35,140 [ERROR] LogOutputStream:75 - [STDERR_REDIRECT] 
2025-12-17 11:29:36,139 [ERROR] LogOutputStream:75 - [STDERR_REDIRECT] [Fatal Error] :1:1: Premature end of file.
2025-12-17 11:29:36,139 [ERROR] LogOutputStream:75 - [STDERR_REDIRECT] 
2025-12-17 11:29:37,138 [ERROR] LogOutputStream:75 - [STDERR_REDIRECT] [Fatal Error] :1:1: Premature end of file.
2025-12-17 11:29:37,138 [ERROR] LogOutputStream:75 - [STDERR_REDIRECT] 
2025-12-17 11:29:38,139 [ERROR] LogOutputStream:75 - [STDERR_REDIRECT] [Fatal Error] :1:1: Premature end of file.
2025-12-17 11:29:38,139 [ERROR] LogOutputStream:75 - [STDERR_REDIRECT] 
2025-12-17 11:29:39,138 [ERROR] LogOutputStream:75 - [STDERR_REDIRECT] [Fatal Error] :1:1: Premature end of file.
2025-12-17 11:29:39,138 [ERROR] LogOutputStream:75 - [STDERR_REDIRECT] 
2025-12-17 11:29:40,139 [ERROR] LogOutputStream:75 - [STDERR_REDIRECT] [Fatal Error] :1:1: Premature end of file.
2025-12-17 11:29:40,139 [ERROR] LogOutputStream:75 - [STDERR_REDIRECT] 
2025-12-17 11:29:41,139 [ERROR] LogOutputStream:75 - [STDERR_REDIRECT] [Fatal Error] :1:1: Premature end of file.
2025-12-17 11:29:41,140 [ERROR] LogOutputStream:75 - [STDERR_REDIRECT] 
2025-12-17 11:29:42,139 [ERROR] LogOutputStream:75 - [STDERR_REDIRECT] [Fatal Error] :1:1: Premature end of file.
2025-12-17 11:29:42,139 [ERROR] LogOutputStream:75 - [STDERR_REDIRECT] 
2025-12-17 11:29:43,139 [ERROR] LogOutputStream:75 - [STDERR_REDIRECT] [Fatal Error] :1:1: Premature end of file.
2025-12-17 11:29:43,139 [ERROR] LogOutputStream:75 - [STDERR_REDIRECT] 
2025-12-17 11:29:44,139 [ERROR] LogOutputStream:75 - [STDERR_REDIRECT] [Fatal Error] :1:1: Premature end of file.
2025-12-17 11:29:44,139 [ERROR] LogOutputStream:75 - [STDERR_REDIRECT] 
2025-12-17 11:29:45,138 [ERROR] LogOutputStream:75 - [STDERR_REDIRECT] [Fatal Error] :1:1: Premature end of file.
2025-12-17 11:29:45,138 [ERROR] LogOutputStream:75 - [STDERR_REDIRECT] 
2025-12-17 11:29:46,139 [ERROR] LogOutputStream:75 - [STDERR_REDIRECT] [Fatal Error] :1:1: Premature end of file.
2025-12-17 11:29:46,139 [ERROR] LogOutputStream:75 - [STDERR_REDIRECT] 
2025-12-17 11:29:47,140 [ERROR] LogOutputStream:75 - [STDERR_REDIRECT] [Fatal Error] :1:1: Premature end of file.
2025-12-17 11:29:47,140 [ERROR] LogOutputStream:75 - [STDERR_REDIRECT] 
2025-12-17 11:29:48,138 [ERROR] LogOutputStream:75 - [STDERR_REDIRECT] [Fatal Error] :1:1: Premature end of file.
2025-12-17 11:29:48,138 [ERROR] LogOutputStream:75 - [STDERR_REDIRECT] 
2025-12-17 11:29:49,140 [ERROR] LogOutputStream:75 - [STDERR_REDIRECT] [Fatal Error] :1:1: Premature end of file.
2025-12-17 11:29:49,140 [ERROR] LogOutputStream:75 - [STDERR_REDIRECT] 
2025-12-17 11:29:50,138 [ERROR] LogOutputStream:75 - [STDERR_REDIRECT] [Fatal Error] :1:1: Premature end of file.
2025-12-17 11:29:50,138 [ERROR] LogOutputStream:75 - [STDERR_REDIRECT] 
2025-12-17 11:29:51,139 [ERROR] LogOutputStream:75 - [STDERR_REDIRECT] [Fatal Error] :1:1: Premature end of file.
2025-12-17 11:29:51,139 [ERROR] LogOutputStream:75 - [STDERR_REDIRECT] 
2025-12-17 11:29:52,139 [ERROR] LogOutputStream:75 - [STDERR_REDIRECT] [Fatal Error] :1:1: Premature end of file.
2025-12-17 11:29:52,139 [ERROR] LogOutputStream:75 - [STDERR_REDIRECT] 
2025-12-17 11:29:53,138 [ERROR] LogOutputStream:75 - [STDERR_REDIRECT] [Fatal Error] :1:1: Premature end of file.
2025-12-17 11:29:53,138 [ERROR] LogOutputStream:75 - [STDERR_REDIRECT] 
2025-12-17 11:29:54,139 [ERROR] LogOutputStream:75 - [STDERR_REDIRECT] [Fatal Error] :1:1: Premature end of file.
2025-12-17 11:29:54,139 [ERROR] LogOutputStream:75 - [STDERR_REDIRECT] 
2025-12-17 11:29:55,139 [ERROR] LogOutputStream:75 - [STDERR_REDIRECT] [Fatal Error] :1:1: Premature end of file.
2025-12-17 11:29:55,139 [ERROR] LogOutputStream:75 - [STDERR_REDIRECT] 
2025-12-17 11:29:56,138 [ERROR] LogOutputStream:75 - [STDERR_REDIRECT] [Fatal Error] :1:1: Premature end of file.
2025-12-17 11:29:56,138 [ERROR] LogOutputStream:75 - [STDERR_REDIRECT] 
2025-12-17 11:29:57,138 [ERROR] LogOutputStream:75 - [STDERR_REDIRECT] [Fatal Error] :1:1: Premature end of file.
2025-12-17 11:29:57,138 [ERROR] LogOutputStream:75 - [STDERR_REDIRECT] 
2025-12-17 11:29:58,139 [ERROR] LogOutputStream:75 - [STDERR_REDIRECT] [Fatal Error] :1:1: Premature end of file.
2025-12-17 11:29:58,139 [ERROR] LogOutputStream:75 - [STDERR_REDIRECT] 
2025-12-17 11:29:59,137 [ERROR] LogOutputStream:75 - [STDERR_REDIRECT] [Fatal Error] :1:1: Premature end of file.
2025-12-17 11:29:59,137 [ERROR] LogOutputStream:75 - [STDERR_REDIRECT] 
2025-12-17 11:30:00,137 [ERROR] LogOutputStream:75 - [STDERR_REDIRECT] [Fatal Error] :1:1: Premature end of file.
2025-12-17 11:30:00,138 [ERROR] LogOutputStream:75 - [STDERR_REDIRECT] 
2025-12-17 11:30:01,139 [ERROR] LogOutputStream:75 - [STDERR_REDIRECT] [Fatal Error] :1:1: Premature end of file.
2025-12-17 11:30:01,139 [ERROR] LogOutputStream:75 - [STDERR_REDIRECT] 
2025-12-17 11:30:02,138 [ERROR] LogOutputStream:75 - [STDERR_REDIRECT] [Fatal Error] :1:1: Premature end of file.
2025-12-17 11:30:02,138 [ERROR] LogOutputStream:75 - [STDERR_REDIRECT] 
2025-12-17 11:30:03,139 [ERROR] LogOutputStream:75 - [STDERR_REDIRECT] [Fatal Error] :1:1: Premature end of file.
2025-12-17 11:30:03,139 [ERROR] LogOutputStream:75 - [STDERR_REDIRECT] 
2025-12-17 11:30:04,140 [ERROR] LogOutputStream:75 - [STDERR_REDIRECT] [Fatal Error] :1:1: Premature end of file.
2025-12-17 11:30:04,140 [ERROR] LogOutputStream:75 - [STDERR_REDIRECT] 
2025-12-17 11:30:05,139 [ERROR] LogOutputStream:75 - [STDERR_REDIRECT] [Fatal Error] :1:1: Premature end of file.
2025-12-17 11:30:05,139 [ERROR] LogOutputStream:75 - [STDERR_REDIRECT] 
2025-12-17 11:30:06,141 [ERROR] LogOutputStream:75 - [STDERR_REDIRECT] [Fatal Error] :1:1: Premature end of file.
2025-12-17 11:30:06,141 [ERROR] LogOutputStream:75 - [STDERR_REDIRECT] 
2025-12-17 11:30:07,140 [ERROR] LogOutputStream:75 - [STDERR_REDIRECT] [Fatal Error] :1:1: Premature end of file.
2025-12-17 11:30:07,140 [ERROR] LogOutputStream:75 - [STDERR_REDIRECT] 
2025-12-17 11:30:08,139 [ERROR] LogOutputStream:75 - [STDERR_REDIRECT] [Fatal Error] :1:1: Premature end of file.
2025-12-17 11:30:08,139 [ERROR] LogOutputStream:75 - [STDERR_REDIRECT] 
2025-12-17 11:30:09,139 [ERROR] LogOutputStream:75 - [STDERR_REDIRECT] [Fatal Error] :1:1: Premature end of file.
2025-12-17 11:30:09,139 [ERROR] LogOutputStream:75 - [STDERR_REDIRECT] 
2025-12-17 11:30:10,138 [ERROR] LogOutputStream:75 - [STDERR_REDIRECT] [Fatal Error] :1:1: Premature end of file.
2025-12-17 11:30:10,138 [ERROR] LogOutputStream:75 - [STDERR_REDIRECT] 
2025-12-17 11:30:11,138 [ERROR] LogOutputStream:75 - [STDERR_REDIRECT] [Fatal Error] :1:1: Premature end of file.
2025-12-17 11:30:11,138 [ERROR] LogOutputStream:75 - [STDERR_REDIRECT] 
2025-12-17 11:30:12,138 [ERROR] LogOutputStream:75 - [STDERR_REDIRECT] [Fatal Error] :1:1: Premature end of file.
2025-12-17 11:30:12,138 [ERROR] LogOutputStream:75 - [STDERR_REDIRECT] 
2025-12-17 11:30:13,138 [ERROR] LogOutputStream:75 - [STDERR_REDIRECT] [Fatal Error] :1:1: Premature end of file.
2025-12-17 11:30:13,138 [ERROR] LogOutputStream:75 - [STDERR_REDIRECT] 
2025-12-17 11:30:14,142 [ERROR] LogOutputStream:75 - [STDERR_REDIRECT] [Fatal Error] :1:1: Premature end of file.
2025-12-17 11:30:14,142 [ERROR] LogOutputStream:75 - [STDERR_REDIRECT] 
2025-12-17 11:30:15,140 [ERROR] LogOutputStream:75 - [STDERR_REDIRECT] [Fatal Error] :1:1: Premature end of file.
2025-12-17 11:30:15,140 [ERROR] LogOutputStream:75 - [STDERR_REDIRECT] 
2025-12-17 11:30:16,138 [ERROR] LogOutputStream:75 - [STDERR_REDIRECT] [Fatal Error] :1:1: Premature end of file.
2025-12-17 11:30:16,138 [ERROR] LogOutputStream:75 - [STDERR_REDIRECT] 
2025-12-17 11:30:17,137 [ERROR] LogOutputStream:75 - [STDERR_REDIRECT] [Fatal Error] :1:1: Premature end of file.
2025-12-17 11:30:17,137 [ERROR] LogOutputStream:75 - [STDERR_REDIRECT] 
2025-12-17 11:30:18,139 [ERROR] LogOutputStream:75 - [STDERR_REDIRECT] [Fatal Error] :1:1: Premature end of file.
2025-12-17 11:30:18,139 [ERROR] LogOutputStream:75 - [STDERR_REDIRECT] 
2025-12-17 11:30:19,138 [ERROR] LogOutputStream:75 - [STDERR_REDIRECT] [Fatal Error] :1:1: Premature end of file.
2025-12-17 11:30:19,139 [ERROR] LogOutputStream:75 - [STDERR_REDIRECT] 
2025-12-17 11:30:20,138 [ERROR] LogOutputStream:75 - [STDERR_REDIRECT] [Fatal Error] :1:1: Premature end of file.
2025-12-17 11:30:20,138 [ERROR] LogOutputStream:75 - [STDERR_REDIRECT] 
2025-12-17 11:30:21,141 [ERROR] LogOutputStream:75 - [STDERR_REDIRECT] [Fatal Error] :1:1: Premature end of file.
2025-12-17 11:30:21,141 [ERROR] LogOutputStream:75 - [STDERR_REDIRECT] 
2025-12-17 11:30:22,139 [ERROR] LogOutputStream:75 - [STDERR_REDIRECT] [Fatal Error] :1:1: Premature end of file.
2025-12-17 11:30:22,139 [ERROR] LogOutputStream:75 - [STDERR_REDIRECT] 
2025-12-17 11:30:23,136 [ERROR] LogOutputStream:75 - [STDERR_REDIRECT] [Fatal Error] :1:1: Premature end of file.
2025-12-17 11:30:23,138 [ERROR] LogOutputStream:75 - [STDERR_REDIRECT] 
2025-12-17 11:30:24,139 [ERROR] LogOutputStream:75 - [STDERR_REDIRECT] [Fatal Error] :1:1: Premature end of file.
2025-12-17 11:30:24,139 [ERROR] LogOutputStream:75 - [STDERR_REDIRECT] 
2025-12-17 11:30:25,138 [ERROR] LogOutputStream:75 - [STDERR_REDIRECT] [Fatal Error] :1:1: Premature end of file.
2025-12-17 11:30:25,138 [ERROR] LogOutputStream:75 - [STDERR_REDIRECT] 
2025-12-17 11:30:26,140 [ERROR] LogOutputStream:75 - [STDERR_REDIRECT] [Fatal Error] :1:1: Premature end of file.
2025-12-17 11:30:26,140 [ERROR] LogOutputStream:75 - [STDERR_REDIRECT] 
2025-12-17 11:30:27,140 [ERROR] LogOutputStream:75 - [STDERR_REDIRECT] [Fatal Error] :1:1: Premature end of file.
2025-12-17 11:30:27,140 [ERROR] LogOutputStream:75 - [STDERR_REDIRECT] 
2025-12-17 11:30:28,141 [ERROR] LogOutputStream:75 - [STDERR_REDIRECT] [Fatal Error] :1:1: Premature end of file.
2025-12-17 11:30:28,141 [ERROR] LogOutputStream:75 - [STDERR_REDIRECT] 
2025-12-17 11:30:29,141 [ERROR] LogOutputStream:75 - [STDERR_REDIRECT] [Fatal Error] :1:1: Premature end of file.
2025-12-17 11:30:29,141 [ERROR] LogOutputStream:75 - [STDERR_REDIRECT] 
2025-12-17 11:30:30,150 [ERROR] LogOutputStream:75 - [STDERR_REDIRECT] [Fatal Error] :1:1: Premature end of file.
2025-12-17 11:30:30,151 [ERROR] LogOutputStream:75 - [STDERR_REDIRECT] 
2025-12-17 11:30:31,151 [ERROR] LogOutputStream:75 - [STDERR_REDIRECT] [Fatal Error] :1:1: Premature end of file.
2025-12-17 11:30:31,151 [ERROR] LogOutputStream:75 - [STDERR_REDIRECT] 
2025-12-17 11:30:32,154 [ERROR] LogOutputStream:75 - [STDERR_REDIRECT] [Fatal Error] :1:1: Premature end of file.
2025-12-17 11:30:32,154 [ERROR] LogOutputStream:75 - [STDERR_REDIRECT] 
2025-12-17 11:30:33,155 [ERROR] LogOutputStream:75 - [STDERR_REDIRECT] [Fatal Error] :1:1: Premature end of file.
2025-12-17 11:30:33,155 [ERROR] LogOutputStream:75 - [STDERR_REDIRECT] 
2025-12-17 11:30:34,142 [ERROR] LogOutputStream:75 - [STDERR_REDIRECT] [Fatal Error] :1:1: Premature end of file.
2025-12-17 11:30:34,143 [ERROR] LogOutputStream:75 - [STDERR_REDIRECT] 
2025-12-17 11:30:35,153 [ERROR] LogOutputStream:75 - [STDERR_REDIRECT] [Fatal Error] :1:1: Premature end of file.
2025-12-17 11:30:35,153 [ERROR] LogOutputStream:75 - [STDERR_REDIRECT] 
2025-12-17 11:30:36,148 [ERROR] LogOutputStream:75 - [STDERR_REDIRECT] [Fatal Error] :1:1: Premature end of file.
2025-12-17 11:30:36,149 [ERROR] LogOutputStream:75 - [STDERR_REDIRECT] 
2025-12-17 11:30:37,142 [ERROR] LogOutputStream:75 - [STDERR_REDIRECT] [Fatal Error] :1:1: Premature end of file.
2025-12-17 11:30:37,142 [ERROR] LogOutputStream:75 - [STDERR_REDIRECT] 
2025-12-17 11:30:38,149 [ERROR] LogOutputStream:75 - [STDERR_REDIRECT] [Fatal Error] :1:1: Premature end of file.
2025-12-17 11:30:38,149 [ERROR] LogOutputStream:75 - [STDERR_REDIRECT] 
2025-12-17 11:30:39,143 [ERROR] LogOutputStream:75 - [STDERR_REDIRECT] [Fatal Error] :1:1: Premature end of file.
2025-12-17 11:30:39,143 [ERROR] LogOutputStream:75 - [STDERR_REDIRECT] 
2025-12-17 11:30:40,154 [ERROR] LogOutputStream:75 - [STDERR_REDIRECT] [Fatal Error] :1:1: Premature end of file.
2025-12-17 11:30:40,154 [ERROR] LogOutputStream:75 - [STDERR_REDIRECT] 
2025-12-17 11:30:41,150 [ERROR] LogOutputStream:75 - [STDERR_REDIRECT] [Fatal Error] :1:1: Premature end of file.
2025-12-17 11:30:41,150 [ERROR] LogOutputStream:75 - [STDERR_REDIRECT] 
2025-12-17 11:30:42,143 [ERROR] LogOutputStream:75 - [STDERR_REDIRECT] [Fatal Error] :1:1: Premature end of file.
2025-12-17 11:30:42,143 [ERROR] LogOutputStream:75 - [STDERR_REDIRECT] 
2025-12-17 11:30:43,150 [ERROR] LogOutputStream:75 - [STDERR_REDIRECT] [Fatal Error] :1:1: Premature end of file.
2025-12-17 11:30:43,150 [ERROR] LogOutputStream:75 - [STDERR_REDIRECT] 
2025-12-17 11:30:44,152 [ERROR] LogOutputStream:75 - [STDERR_REDIRECT] [Fatal Error] :1:1: Premature end of file.
2025-12-17 11:30:44,152 [ERROR] LogOutputStream:75 - [STDERR_REDIRECT] 
2025-12-17 11:30:45,144 [ERROR] LogOutputStream:75 - [STDERR_REDIRECT] [Fatal Error] :1:1: Premature end of file.
2025-12-17 11:30:45,144 [ERROR] LogOutputStream:75 - [STDERR_REDIRECT] 
2025-12-17 11:30:46,145 [ERROR] LogOutputStream:75 - [STDERR_REDIRECT] [Fatal Error] :1:1: Premature end of file.
2025-12-17 11:30:46,145 [ERROR] LogOutputStream:75 - [STDERR_REDIRECT] 
2025-12-17 11:30:47,150 [ERROR] LogOutputStream:75 - [STDERR_REDIRECT] [Fatal Error] :1:1: Premature end of file.
2025-12-17 11:30:47,150 [ERROR] LogOutputStream:75 - [STDERR_REDIRECT] 
2025-12-17 11:30:48,144 [ERROR] LogOutputStream:75 - [STDERR_REDIRECT] [Fatal Error] :1:1: Premature end of file.
2025-12-17 11:30:48,144 [ERROR] LogOutputStream:75 - [STDERR_REDIRECT] 
2025-12-17 11:30:49,141 [ERROR] LogOutputStream:75 - [STDERR_REDIRECT] [Fatal Error] :1:1: Premature end of file.
2025-12-17 11:30:49,141 [ERROR] LogOutputStream:75 - [STDERR_REDIRECT] 
2025-12-17 11:30:50,160 [ERROR] LogOutputStream:75 - [STDERR_REDIRECT] [Fatal Error] :1:1: Premature end of file.
2025-12-17 11:30:50,160 [ERROR] LogOutputStream:75 - [STDERR_REDIRECT] 
2025-12-17 11:30:51,153 [ERROR] LogOutputStream:75 - [STDERR_REDIRECT] [Fatal Error] :1:1: Premature end of file.
2025-12-17 11:30:51,153 [ERROR] LogOutputStream:75 - [STDERR_REDIRECT] 
2025-12-17 11:30:52,149 [ERROR] LogOutputStream:75 - [STDERR_REDIRECT] [Fatal Error] :1:1: Premature end of file.
2025-12-17 11:30:52,149 [ERROR] LogOutputStream:75 - [STDERR_REDIRECT] 
2025-12-17 11:30:53,144 [ERROR] LogOutputStream:75 - [STDERR_REDIRECT] [Fatal Error] :1:1: Premature end of file.
2025-12-17 11:30:53,144 [ERROR] LogOutputStream:75 - [STDERR_REDIRECT] 
2025-12-17 11:30:54,145 [ERROR] LogOutputStream:75 - [STDERR_REDIRECT] [Fatal Error] :1:1: Premature end of file.
2025-12-17 11:30:54,145 [ERROR] LogOutputStream:75 - [STDERR_REDIRECT] 
2025-12-17 11:30:55,153 [ERROR] LogOutputStream:75 - [STDERR_REDIRECT] [Fatal Error] :1:1: Premature end of file.
2025-12-17 11:30:55,153 [ERROR] LogOutputStream:75 - [STDERR_REDIRECT] 
2025-12-17 11:30:56,147 [ERROR] LogOutputStream:75 - [STDERR_REDIRECT] [Fatal Error] :1:1: Premature end of file.
2025-12-17 11:30:56,147 [ERROR] LogOutputStream:75 - [STDERR_REDIRECT] 
2025-12-17 11:30:57,147 [ERROR] LogOutputStream:75 - [STDERR_REDIRECT] [Fatal Error] :1:1: Premature end of file.
2025-12-17 11:30:57,147 [ERROR] LogOutputStream:75 - [STDERR_REDIRECT] 
2025-12-17 11:30:58,156 [ERROR] LogOutputStream:75 - [STDERR_REDIRECT] [Fatal Error] :1:1: Premature end of file.
2025-12-17 11:30:58,156 [ERROR] LogOutputStream:75 - [STDERR_REDIRECT] 
2025-12-17 11:30:59,146 [ERROR] LogOutputStream:75 - [STDERR_REDIRECT] [Fatal Error] :1:1: Premature end of file.
2025-12-17 11:30:59,146 [ERROR] LogOutputStream:75 - [STDERR_REDIRECT] 
2025-12-17 11:31:00,144 [ERROR] LogOutputStream:75 - [STDERR_REDIRECT] [Fatal Error] :1:1: Premature end of file.
2025-12-17 11:31:00,144 [ERROR] LogOutputStream:75 - [STDERR_REDIRECT] 
2025-12-17 11:31:01,153 [ERROR] LogOutputStream:75 - [STDERR_REDIRECT] [Fatal Error] :1:1: Premature end of file.
2025-12-17 11:31:01,154 [ERROR] LogOutputStream:75 - [STDERR_REDIRECT] 
2025-12-17 11:31:02,150 [ERROR] LogOutputStream:75 - [STDERR_REDIRECT] [Fatal Error] :1:1: Premature end of file.
2025-12-17 11:31:02,150 [ERROR] LogOutputStream:75 - [STDERR_REDIRECT] 
2025-12-17 11:31:03,158 [ERROR] LogOutputStream:75 - [STDERR_REDIRECT] [Fatal Error] :1:1: Premature end of file.
2025-12-17 11:31:03,158 [ERROR] LogOutputStream:75 - [STDERR_REDIRECT] 
2025-12-17 11:31:04,150 [ERROR] LogOutputStream:75 - [STDERR_REDIRECT] [Fatal Error] :1:1: Premature end of file.
2025-12-17 11:31:04,150 [ERROR] LogOutputStream:75 - [STDERR_REDIRECT] 
2025-12-17 11:31:05,142 [ERROR] LogOutputStream:75 - [STDERR_REDIRECT] [Fatal Error] :1:1: Premature end of file.
2025-12-17 11:31:05,142 [ERROR] LogOutputStream:75 - [STDERR_REDIRECT] 
2025-12-17 11:31:06,155 [ERROR] LogOutputStream:75 - [STDERR_REDIRECT] [Fatal Error] :1:1: Premature end of file.
2025-12-17 11:31:06,156 [ERROR] LogOutputStream:75 - [STDERR_REDIRECT] 
2025-12-17 11:31:07,150 [ERROR] LogOutputStream:75 - [STDERR_REDIRECT] [Fatal Error] :1:1: Premature end of file.
2025-12-17 11:31:07,150 [ERROR] LogOutputStream:75 - [STDERR_REDIRECT] 
2025-12-17 11:31:08,148 [ERROR] LogOutputStream:75 - [STDERR_REDIRECT] [Fatal Error] :1:1: Premature end of file.
2025-12-17 11:31:08,148 [ERROR] LogOutputStream:75 - [STDERR_REDIRECT] 
2025-12-17 11:31:09,146 [ERROR] LogOutputStream:75 - [STDERR_REDIRECT] [Fatal Error] :1:1: Premature end of file.
2025-12-17 11:31:09,146 [ERROR] LogOutputStream:75 - [STDERR_REDIRECT] 
2025-12-17 11:31:10,138 [ERROR] LogOutputStream:75 - [STDERR_REDIRECT] [Fatal Error] :1:1: Premature end of file.
2025-12-17 11:31:10,138 [ERROR] LogOutputStream:75 - [STDERR_REDIRECT] 
2025-12-17 11:31:11,150 [ERROR] LogOutputStream:75 - [STDERR_REDIRECT] [Fatal Error] :1:1: Premature end of file.
2025-12-17 11:31:11,150 [ERROR] LogOutputStream:75 - [STDERR_REDIRECT] 
2025-12-17 11:31:12,141 [ERROR] LogOutputStream:75 - [STDERR_REDIRECT] [Fatal Error] :1:1: Premature end of file.
2025-12-17 11:31:12,141 [ERROR] LogOutputStream:75 - [STDERR_REDIRECT] 
2025-12-17 11:31:13,144 [ERROR] LogOutputStream:75 - [STDERR_REDIRECT] [Fatal Error] :1:1: Premature end of file.
2025-12-17 11:31:13,145 [ERROR] LogOutputStream:75 - [STDERR_REDIRECT] 
2025-12-17 11:31:14,148 [ERROR] LogOutputStream:75 - [STDERR_REDIRECT] [Fatal Error] :1:1: Premature end of file.
2025-12-17 11:31:14,148 [ERROR] LogOutputStream:75 - [STDERR_REDIRECT] 
2025-12-17 11:31:15,145 [ERROR] LogOutputStream:75 - [STDERR_REDIRECT] [Fatal Error] :1:1: Premature end of file.
2025-12-17 11:31:15,145 [ERROR] LogOutputStream:75 - [STDERR_REDIRECT] 
2025-12-17 11:31:16,153 [ERROR] LogOutputStream:75 - [STDERR_REDIRECT] [Fatal Error] :1:1: Premature end of file.
2025-12-17 11:31:16,153 [ERROR] LogOutputStream:75 - [STDERR_REDIRECT] 
2025-12-17 11:31:17,152 [ERROR] LogOutputStream:75 - [STDERR_REDIRECT] [Fatal Error] :1:1: Premature end of file.
2025-12-17 11:31:17,152 [ERROR] LogOutputStream:75 - [STDERR_REDIRECT] 
2025-12-17 11:31:18,142 [ERROR] LogOutputStream:75 - [STDERR_REDIRECT] [Fatal Error] :1:1: Premature end of file.
2025-12-17 11:31:18,143 [ERROR] LogOutputStream:75 - [STDERR_REDIRECT] 
2025-12-17 11:31:19,151 [ERROR] LogOutputStream:75 - [STDERR_REDIRECT] [Fatal Error] :1:1: Premature end of file.
2025-12-17 11:31:19,151 [ERROR] LogOutputStream:75 - [STDERR_REDIRECT] 
2025-12-17 11:31:20,142 [ERROR] LogOutputStream:75 - [STDERR_REDIRECT] [Fatal Error] :1:1: Premature end of file.
2025-12-17 11:31:20,143 [ERROR] LogOutputStream:75 - [STDERR_REDIRECT] 
2025-12-17 11:31:21,151 [ERROR] LogOutputStream:75 - [STDERR_REDIRECT] [Fatal Error] :1:1: Premature end of file.
2025-12-17 11:31:21,151 [ERROR] LogOutputStream:75 - [STDERR_REDIRECT] 
2025-12-17 11:31:22,150 [ERROR] LogOutputStream:75 - [STDERR_REDIRECT] [Fatal Error] :1:1: Premature end of file.
2025-12-17 11:31:22,150 [ERROR] LogOutputStream:75 - [STDERR_REDIRECT] 
2025-12-17 11:31:23,146 [ERROR] LogOutputStream:75 - [STDERR_REDIRECT] [Fatal Error] :1:1: Premature end of file.
2025-12-17 11:31:23,146 [ERROR] LogOutputStream:75 - [STDERR_REDIRECT] 
2025-12-17 11:31:24,144 [ERROR] LogOutputStream:75 - [STDERR_REDIRECT] [Fatal Error] :1:1: Premature end of file.
2025-12-17 11:31:24,144 [ERROR] LogOutputStream:75 - [STDERR_REDIRECT] 
2025-12-17 11:31:25,141 [ERROR] LogOutputStream:75 - [STDERR_REDIRECT] [Fatal Error] :1:1: Premature end of file.
2025-12-17 11:31:25,141 [ERROR] LogOutputStream:75 - [STDERR_REDIRECT] 
2025-12-17 11:31:26,154 [ERROR] LogOutputStream:75 - [STDERR_REDIRECT] [Fatal Error] :1:1: Premature end of file.
2025-12-17 11:31:26,154 [ERROR] LogOutputStream:75 - [STDERR_REDIRECT] 
2025-12-17 11:31:27,144 [ERROR] LogOutputStream:75 - [STDERR_REDIRECT] [Fatal Error] :1:1: Premature end of file.
2025-12-17 11:31:27,144 [ERROR] LogOutputStream:75 - [STDERR_REDIRECT] 
2025-12-17 11:31:28,151 [ERROR] LogOutputStream:75 - [STDERR_REDIRECT] [Fatal Error] :1:1: Premature end of file.
2025-12-17 11:31:28,151 [ERROR] LogOutputStream:75 - [STDERR_REDIRECT] 
2025-12-17 11:31:29,148 [ERROR] LogOutputStream:75 - [STDERR_REDIRECT] [Fatal Error] :1:1: Premature end of file.
2025-12-17 11:31:29,148 [ERROR] LogOutputStream:75 - [STDERR_REDIRECT] 
2025-12-17 11:31:30,142 [ERROR] LogOutputStream:75 - [STDERR_REDIRECT] [Fatal Error] :1:1: Premature end of file.
2025-12-17 11:31:30,142 [ERROR] LogOutputStream:75 - [STDERR_REDIRECT] 
2025-12-17 11:31:31,151 [ERROR] LogOutputStream:75 - [STDERR_REDIRECT] [Fatal Error] :1:1: Premature end of file.
2025-12-17 11:31:31,151 [ERROR] LogOutputStream:75 - [STDERR_REDIRECT] 
2025-12-17 11:31:32,144 [ERROR] LogOutputStream:75 - [STDERR_REDIRECT] [Fatal Error] :1:1: Premature end of file.
2025-12-17 11:31:32,144 [ERROR] LogOutputStream:75 - [STDERR_REDIRECT] 
2025-12-17 11:31:33,155 [ERROR] LogOutputStream:75 - [STDERR_REDIRECT] [Fatal Error] :1:1: Premature end of file.
2025-12-17 11:31:33,155 [ERROR] LogOutputStream:75 - [STDERR_REDIRECT] 
2025-12-17 11:31:34,144 [ERROR] LogOutputStream:75 - [STDERR_REDIRECT] [Fatal Error] :1:1: Premature end of file.
2025-12-17 11:31:34,144 [ERROR] LogOutputStream:75 - [STDERR_REDIRECT] 
2025-12-17 11:31:35,153 [ERROR] LogOutputStream:75 - [STDERR_REDIRECT] [Fatal Error] :1:1: Premature end of file.
2025-12-17 11:31:35,153 [ERROR] LogOutputStream:75 - [STDERR_REDIRECT] 
2025-12-17 11:31:36,148 [ERROR] LogOutputStream:75 - [STDERR_REDIRECT] [Fatal Error] :1:1: Premature end of file.
2025-12-17 11:31:36,148 [ERROR] LogOutputStream:75 - [STDERR_REDIRECT] 
2025-12-17 11:31:37,142 [ERROR] LogOutputStream:75 - [STDERR_REDIRECT] [Fatal Error] :1:1: Premature end of file.
2025-12-17 11:31:37,142 [ERROR] LogOutputStream:75 - [STDERR_REDIRECT] 
2025-12-17 11:31:38,149 [ERROR] LogOutputStream:75 - [STDERR_REDIRECT] [Fatal Error] :1:1: Premature end of file.
2025-12-17 11:31:38,149 [ERROR] LogOutputStream:75 - [STDERR_REDIRECT] 
2025-12-17 11:31:39,139 [ERROR] LogOutputStream:75 - [STDERR_REDIRECT] [Fatal Error] :1:1: Premature end of file.
2025-12-17 11:31:39,139 [ERROR] LogOutputStream:75 - [STDERR_REDIRECT] 
2025-12-17 11:31:40,147 [ERROR] LogOutputStream:75 - [STDERR_REDIRECT] [Fatal Error] :1:1: Premature end of file.
2025-12-17 11:31:40,149 [ERROR] LogOutputStream:75 - [STDERR_REDIRECT] 
2025-12-17 11:31:41,138 [ERROR] LogOutputStream:75 - [STDERR_REDIRECT] [Fatal Error] :1:1: Premature end of file.
2025-12-17 11:31:41,138 [ERROR] LogOutputStream:75 - [STDERR_REDIRECT] 
2025-12-17 11:31:42,153 [ERROR] LogOutputStream:75 - [STDERR_REDIRECT] [Fatal Error] :1:1: Premature end of file.
2025-12-17 11:31:42,153 [ERROR] LogOutputStream:75 - [STDERR_REDIRECT] 
2025-12-17 11:31:43,145 [ERROR] LogOutputStream:75 - [STDERR_REDIRECT] [Fatal Error] :1:1: Premature end of file.
2025-12-17 11:31:43,145 [ERROR] LogOutputStream:75 - [STDERR_REDIRECT] 
2025-12-17 11:31:44,150 [ERROR] LogOutputStream:75 - [STDERR_REDIRECT] [Fatal Error] :1:1: Premature end of file.
2025-12-17 11:31:44,150 [ERROR] LogOutputStream:75 - [STDERR_REDIRECT] 
2025-12-17 11:31:45,144 [ERROR] LogOutputStream:75 - [STDERR_REDIRECT] [Fatal Error] :1:1: Premature end of file.
2025-12-17 11:31:45,145 [ERROR] LogOutputStream:75 - [STDERR_REDIRECT] 
2025-12-17 11:31:46,153 [ERROR] LogOutputStream:75 - [STDERR_REDIRECT] [Fatal Error] :1:1: Premature end of file.
2025-12-17 11:31:46,153 [ERROR] LogOutputStream:75 - [STDERR_REDIRECT] 
2025-12-17 11:31:47,143 [ERROR] LogOutputStream:75 - [STDERR_REDIRECT] [Fatal Error] :1:1: Premature end of file.
2025-12-17 11:31:47,143 [ERROR] LogOutputStream:75 - [STDERR_REDIRECT] 
2025-12-17 11:31:48,142 [ERROR] LogOutputStream:75 - [STDERR_REDIRECT] [Fatal Error] :1:1: Premature end of file.
2025-12-17 11:31:48,142 [ERROR] LogOutputStream:75 - [STDERR_REDIRECT] 
2025-12-17 11:31:49,145 [ERROR] LogOutputStream:75 - [STDERR_REDIRECT] [Fatal Error] :1:1: Premature end of file.
2025-12-17 11:31:49,145 [ERROR] LogOutputStream:75 - [STDERR_REDIRECT] 
2025-12-17 11:31:50,145 [ERROR] LogOutputStream:75 - [STDERR_REDIRECT] [Fatal Error] :1:1: Premature end of file.
2025-12-17 11:31:50,147 [ERROR] LogOutputStream:75 - [STDERR_REDIRECT] 
2025-12-17 11:31:51,148 [ERROR] LogOutputStream:75 - [STDERR_REDIRECT] [Fatal Error] :1:1: Premature end of file.
2025-12-17 11:31:51,148 [ERROR] LogOutputStream:75 - [STDERR_REDIRECT] 
2025-12-17 11:31:52,144 [ERROR] LogOutputStream:75 - [STDERR_REDIRECT] [Fatal Error] :1:1: Premature end of file.
2025-12-17 11:31:52,144 [ERROR] LogOutputStream:75 - [STDERR_REDIRECT] 
2025-12-17 11:31:53,152 [ERROR] LogOutputStream:75 - [STDERR_REDIRECT] [Fatal Error] :1:1: Premature end of file.
2025-12-17 11:31:53,152 [ERROR] LogOutputStream:75 - [STDERR_REDIRECT] 
2025-12-17 11:31:54,146 [ERROR] LogOutputStream:75 - [STDERR_REDIRECT] [Fatal Error] :1:1: Premature end of file.
2025-12-17 11:31:54,146 [ERROR] LogOutputStream:75 - [STDERR_REDIRECT] 
2025-12-17 11:31:55,142 [ERROR] LogOutputStream:75 - [STDERR_REDIRECT] [Fatal Error] :1:1: Premature end of file.
2025-12-17 11:31:55,142 [ERROR] LogOutputStream:75 - [STDERR_REDIRECT] 
2025-12-17 11:31:56,154 [ERROR] LogOutputStream:75 - [STDERR_REDIRECT] [Fatal Error] :1:1: Premature end of file.
2025-12-17 11:31:56,154 [ERROR] LogOutputStream:75 - [STDERR_REDIRECT] 
2025-12-17 11:31:57,147 [ERROR] LogOutputStream:75 - [STDERR_REDIRECT] [Fatal Error] :1:1: Premature end of file.
2025-12-17 11:31:57,147 [ERROR] LogOutputStream:75 - [STDERR_REDIRECT] 
2025-12-17 11:31:58,140 [ERROR] LogOutputStream:75 - [STDERR_REDIRECT] [Fatal Error] :1:1: Premature end of file.
2025-12-17 11:31:58,140 [ERROR] LogOutputStream:75 - [STDERR_REDIRECT] 
2025-12-17 11:31:59,146 [ERROR] LogOutputStream:75 - [STDERR_REDIRECT] [Fatal Error] :1:1: Premature end of file.
2025-12-17 11:31:59,147 [ERROR] LogOutputStream:75 - [STDERR_REDIRECT] 
2025-12-17 11:32:00,150 [ERROR] LogOutputStream:75 - [STDERR_REDIRECT] [Fatal Error] :1:1: Premature end of file.
2025-12-17 11:32:00,150 [ERROR] LogOutputStream:75 - [STDERR_REDIRECT] 
2025-12-17 11:32:01,146 [ERROR] LogOutputStream:75 - [STDERR_REDIRECT] [Fatal Error] :1:1: Premature end of file.
2025-12-17 11:32:01,147 [ERROR] LogOutputStream:75 - [STDERR_REDIRECT] 
2025-12-17 11:32:02,141 [ERROR] LogOutputStream:75 - [STDERR_REDIRECT] [Fatal Error] :1:1: Premature end of file.
2025-12-17 11:32:02,141 [ERROR] LogOutputStream:75 - [STDERR_REDIRECT] 
2025-12-17 11:32:03,149 [ERROR] LogOutputStream:75 - [STDERR_REDIRECT] [Fatal Error] :1:1: Premature end of file.
2025-12-17 11:32:03,149 [ERROR] LogOutputStream:75 - [STDERR_REDIRECT] 
2025-12-17 11:32:04,146 [ERROR] LogOutputStream:75 - [STDERR_REDIRECT] [Fatal Error] :1:1: Premature end of file.
2025-12-17 11:32:04,146 [ERROR] LogOutputStream:75 - [STDERR_REDIRECT] 
2025-12-17 11:32:05,143 [ERROR] LogOutputStream:75 - [STDERR_REDIRECT] [Fatal Error] :1:1: Premature end of file.
2025-12-17 11:32:05,143 [ERROR] LogOutputStream:75 - [STDERR_REDIRECT] 
2025-12-17 11:32:06,150 [ERROR] LogOutputStream:75 - [STDERR_REDIRECT] [Fatal Error] :1:1: Premature end of file.
2025-12-17 11:32:06,150 [ERROR] LogOutputStream:75 - [STDERR_REDIRECT] 
2025-12-17 11:32:07,148 [ERROR] LogOutputStream:75 - [STDERR_REDIRECT] [Fatal Error] :1:1: Premature end of file.
2025-12-17 11:32:07,148 [ERROR] LogOutputStream:75 - [STDERR_REDIRECT] 
2025-12-17 11:32:08,143 [ERROR] LogOutputStream:75 - [STDERR_REDIRECT] [Fatal Error] :1:1: Premature end of file.
2025-12-17 11:32:08,143 [ERROR] LogOutputStream:75 - [STDERR_REDIRECT] 
2025-12-17 11:32:09,151 [ERROR] LogOutputStream:75 - [STDERR_REDIRECT] [Fatal Error] :1:1: Premature end of file.
2025-12-17 11:32:09,151 [ERROR] LogOutputStream:75 - [STDERR_REDIRECT] 
2025-12-17 11:32:10,142 [ERROR] LogOutputStream:75 - [STDERR_REDIRECT] [Fatal Error] :1:1: Premature end of file.
2025-12-17 11:32:10,143 [ERROR] LogOutputStream:75 - [STDERR_REDIRECT] 
2025-12-17 11:32:11,138 [ERROR] LogOutputStream:75 - [STDERR_REDIRECT] [Fatal Error] :1:1: Premature end of file.
2025-12-17 11:32:11,138 [ERROR] LogOutputStream:75 - [STDERR_REDIRECT] 
2025-12-17 11:32:12,147 [ERROR] LogOutputStream:75 - [STDERR_REDIRECT] [Fatal Error] :1:1: Premature end of file.
2025-12-17 11:32:12,147 [ERROR] LogOutputStream:75 - [STDERR_REDIRECT] 
2025-12-17 11:32:13,143 [ERROR] LogOutputStream:75 - [STDERR_REDIRECT] [Fatal Error] :1:1: Premature end of file.
2025-12-17 11:32:13,143 [ERROR] LogOutputStream:75 - [STDERR_REDIRECT] 
2025-12-17 11:32:14,147 [ERROR] LogOutputStream:75 - [STDERR_REDIRECT] [Fatal Error] :1:1: Premature end of file.
2025-12-17 11:32:14,148 [ERROR] LogOutputStream:75 - [STDERR_REDIRECT] 
2025-12-17 11:32:15,153 [ERROR] LogOutputStream:75 - [STDERR_REDIRECT] [Fatal Error] :1:1: Premature end of file.
2025-12-17 11:32:15,153 [ERROR] LogOutputStream:75 - [STDERR_REDIRECT] 
2025-12-17 11:32:16,145 [ERROR] LogOutputStream:75 - [STDERR_REDIRECT] [Fatal Error] :1:1: Premature end of file.
2025-12-17 11:32:16,145 [ERROR] LogOutputStream:75 - [STDERR_REDIRECT] 
2025-12-17 11:32:17,139 [ERROR] LogOutputStream:75 - [STDERR_REDIRECT] [Fatal Error] :1:1: Premature end of file.
2025-12-17 11:32:17,139 [ERROR] LogOutputStream:75 - [STDERR_REDIRECT] 
2025-12-17 11:32:18,149 [ERROR] LogOutputStream:75 - [STDERR_REDIRECT] [Fatal Error] :1:1: Premature end of file.
2025-12-17 11:32:18,149 [ERROR] LogOutputStream:75 - [STDERR_REDIRECT] 
2025-12-17 11:32:19,144 [ERROR] LogOutputStream:75 - [STDERR_REDIRECT] [Fatal Error] :1:1: Premature end of file.
2025-12-17 11:32:19,144 [ERROR] LogOutputStream:75 - [STDERR_REDIRECT] 
2025-12-17 11:32:20,154 [ERROR] LogOutputStream:75 - [STDERR_REDIRECT] [Fatal Error] :1:1: Premature end of file.
2025-12-17 11:32:20,154 [ERROR] LogOutputStream:75 - [STDERR_REDIRECT] 
2025-12-17 11:32:21,149 [ERROR] LogOutputStream:75 - [STDERR_REDIRECT] [Fatal Error] :1:1: Premature end of file.
2025-12-17 11:32:21,149 [ERROR] LogOutputStream:75 - [STDERR_REDIRECT] 
2025-12-17 11:32:22,145 [ERROR] LogOutputStream:75 - [STDERR_REDIRECT] [Fatal Error] :1:1: Premature end of file.
2025-12-17 11:32:22,145 [ERROR] LogOutputStream:75 - [STDERR_REDIRECT] 
2025-12-17 11:32:23,150 [ERROR] LogOutputStream:75 - [STDERR_REDIRECT] [Fatal Error] :1:1: Premature end of file.
2025-12-17 11:32:23,150 [ERROR] LogOutputStream:75 - [STDERR_REDIRECT] 
2025-12-17 11:32:24,148 [ERROR] LogOutputStream:75 - [STDERR_REDIRECT] [Fatal Error] :1:1: Premature end of file.
2025-12-17 11:32:24,149 [ERROR] LogOutputStream:75 - [STDERR_REDIRECT] 
2025-12-17 11:32:25,147 [ERROR] LogOutputStream:75 - [STDERR_REDIRECT] [Fatal Error] :1:1: Premature end of file.
2025-12-17 11:32:25,148 [ERROR] LogOutputStream:75 - [STDERR_REDIRECT] 
2025-12-17 11:32:26,147 [ERROR] LogOutputStream:75 - [STDERR_REDIRECT] [Fatal Error] :1:1: Premature end of file.
2025-12-17 11:32:26,147 [ERROR] LogOutputStream:75 - [STDERR_REDIRECT] 
2025-12-17 11:32:27,144 [ERROR] LogOutputStream:75 - [STDERR_REDIRECT] [Fatal Error] :1:1: Premature end of file.
2025-12-17 11:32:27,144 [ERROR] LogOutputStream:75 - [STDERR_REDIRECT] 
2025-12-17 11:32:28,148 [ERROR] LogOutputStream:75 - [STDERR_REDIRECT] [Fatal Error] :1:1: Premature end of file.
2025-12-17 11:32:28,148 [ERROR] LogOutputStream:75 - [STDERR_REDIRECT] 
2025-12-17 11:32:29,140 [ERROR] LogOutputStream:75 - [STDERR_REDIRECT] [Fatal Error] :1:1: Premature end of file.
2025-12-17 11:32:29,141 [ERROR] LogOutputStream:75 - [STDERR_REDIRECT] 
2025-12-17 11:32:30,145 [ERROR] LogOutputStream:75 - [STDERR_REDIRECT] [Fatal Error] :1:1: Premature end of file.
2025-12-17 11:32:30,145 [ERROR] LogOutputStream:75 - [STDERR_REDIRECT] 
2025-12-17 11:32:31,154 [ERROR] LogOutputStream:75 - [STDERR_REDIRECT] [Fatal Error] :1:1: Premature end of file.
2025-12-17 11:32:31,154 [ERROR] LogOutputStream:75 - [STDERR_REDIRECT] 
2025-12-17 11:32:32,153 [ERROR] LogOutputStream:75 - [STDERR_REDIRECT] [Fatal Error] :1:1: Premature end of file.
2025-12-17 11:32:32,154 [ERROR] LogOutputStream:75 - [STDERR_REDIRECT] 
2025-12-17 11:32:33,143 [ERROR] LogOutputStream:75 - [STDERR_REDIRECT] [Fatal Error] :1:1: Premature end of file.
2025-12-17 11:32:33,143 [ERROR] LogOutputStream:75 - [STDERR_REDIRECT] 
2025-12-17 11:32:34,140 [ERROR] LogOutputStream:75 - [STDERR_REDIRECT] [Fatal Error] :1:1: Premature end of file.
2025-12-17 11:32:34,140 [ERROR] LogOutputStream:75 - [STDERR_REDIRECT] 
2025-12-17 11:32:35,152 [ERROR] LogOutputStream:75 - [STDERR_REDIRECT] [Fatal Error] :1:1: Premature end of file.
2025-12-17 11:32:35,152 [ERROR] LogOutputStream:75 - [STDERR_REDIRECT] 
2025-12-17 11:32:36,143 [ERROR] LogOutputStream:75 - [STDERR_REDIRECT] [Fatal Error] :1:1: Premature end of file.
2025-12-17 11:32:36,143 [ERROR] LogOutputStream:75 - [STDERR_REDIRECT] 
2025-12-17 11:32:37,153 [ERROR] LogOutputStream:75 - [STDERR_REDIRECT] [Fatal Error] :1:1: Premature end of file.
2025-12-17 11:32:37,153 [ERROR] LogOutputStream:75 - [STDERR_REDIRECT] 
2025-12-17 11:32:38,145 [ERROR] LogOutputStream:75 - [STDERR_REDIRECT] [Fatal Error] :1:1: Premature end of file.
2025-12-17 11:32:38,145 [ERROR] LogOutputStream:75 - [STDERR_REDIRECT] 
2025-12-17 11:32:39,152 [ERROR] LogOutputStream:75 - [STDERR_REDIRECT] [Fatal Error] :1:1: Premature end of file.
2025-12-17 11:32:39,152 [ERROR] LogOutputStream:75 - [STDERR_REDIRECT] 
2025-12-17 11:32:40,151 [ERROR] LogOutputStream:75 - [STDERR_REDIRECT] [Fatal Error] :1:1: Premature end of file.
2025-12-17 11:32:40,151 [ERROR] LogOutputStream:75 - [STDERR_REDIRECT] 
2025-12-17 11:32:41,147 [ERROR] LogOutputStream:75 - [STDERR_REDIRECT] [Fatal Error] :1:1: Premature end of file.
2025-12-17 11:32:41,147 [ERROR] LogOutputStream:75 - [STDERR_REDIRECT] 
2025-12-17 11:32:42,140 [ERROR] LogOutputStream:75 - [STDERR_REDIRECT] [Fatal Error] :1:1: Premature end of file.
2025-12-17 11:32:42,140 [ERROR] LogOutputStream:75 - [STDERR_REDIRECT] 
2025-12-17 11:32:43,150 [ERROR] LogOutputStream:75 - [STDERR_REDIRECT] [Fatal Error] :1:1: Premature end of file.
2025-12-17 11:32:43,150 [ERROR] LogOutputStream:75 - [STDERR_REDIRECT] 
2025-12-17 11:32:44,141 [ERROR] LogOutputStream:75 - [STDERR_REDIRECT] [Fatal Error] :1:1: Premature end of file.
2025-12-17 11:32:44,141 [ERROR] LogOutputStream:75 - [STDERR_REDIRECT] 
2025-12-17 11:32:45,149 [ERROR] LogOutputStream:75 - [STDERR_REDIRECT] [Fatal Error] :1:1: Premature end of file.
2025-12-17 11:32:45,150 [ERROR] LogOutputStream:75 - [STDERR_REDIRECT] 
2025-12-17 11:32:46,140 [ERROR] LogOutputStream:75 - [STDERR_REDIRECT] [Fatal Error] :1:1: Premature end of file.
2025-12-17 11:32:46,140 [ERROR] LogOutputStream:75 - [STDERR_REDIRECT] 
2025-12-17 11:32:47,138 [ERROR] LogOutputStream:75 - [STDERR_REDIRECT] [Fatal Error] :1:1: Premature end of file.
2025-12-17 11:32:47,139 [ERROR] LogOutputStream:75 - [STDERR_REDIRECT] 
2025-12-17 11:32:48,143 [ERROR] LogOutputStream:75 - [STDERR_REDIRECT] [Fatal Error] :1:1: Premature end of file.
2025-12-17 11:32:48,143 [ERROR] LogOutputStream:75 - [STDERR_REDIRECT] 
2025-12-17 11:32:49,153 [ERROR] LogOutputStream:75 - [STDERR_REDIRECT] [Fatal Error] :1:1: Premature end of file.
2025-12-17 11:32:49,153 [ERROR] LogOutputStream:75 - [STDERR_REDIRECT] 
2025-12-17 11:32:50,149 [ERROR] LogOutputStream:75 - [STDERR_REDIRECT] [Fatal Error] :1:1: Premature end of file.
2025-12-17 11:32:50,149 [ERROR] LogOutputStream:75 - [STDERR_REDIRECT] 
2025-12-17 11:32:51,146 [ERROR] LogOutputStream:75 - [STDERR_REDIRECT] [Fatal Error] :1:1: Premature end of file.
2025-12-17 11:32:51,148 [ERROR] LogOutputStream:75 - [STDERR_REDIRECT] 
2025-12-17 11:32:52,139 [ERROR] LogOutputStream:75 - [STDERR_REDIRECT] [Fatal Error] :1:1: Premature end of file.
2025-12-17 11:32:52,139 [ERROR] LogOutputStream:75 - [STDERR_REDIRECT] 
2025-12-17 11:32:53,138 [ERROR] LogOutputStream:75 - [STDERR_REDIRECT] [Fatal Error] :1:1: Premature end of file.
2025-12-17 11:32:53,138 [ERROR] LogOutputStream:75 - [STDERR_REDIRECT] 
2025-12-17 11:32:54,140 [ERROR] LogOutputStream:75 - [STDERR_REDIRECT] [Fatal Error] :1:1: Premature end of file.
2025-12-17 11:32:54,140 [ERROR] LogOutputStream:75 - [STDERR_REDIRECT] 
2025-12-17 11:32:55,139 [ERROR] LogOutputStream:75 - [STDERR_REDIRECT] [Fatal Error] :1:1: Premature end of file.
2025-12-17 11:32:55,139 [ERROR] LogOutputStream:75 - [STDERR_REDIRECT] 
2025-12-17 11:32:56,139 [ERROR] LogOutputStream:75 - [STDERR_REDIRECT] [Fatal Error] :1:1: Premature end of file.
2025-12-17 11:32:56,139 [ERROR] LogOutputStream:75 - [STDERR_REDIRECT] 
2025-12-17 11:32:57,138 [ERROR] LogOutputStream:75 - [STDERR_REDIRECT] [Fatal Error] :1:1: Premature end of file.
2025-12-17 11:32:57,138 [ERROR] LogOutputStream:75 - [STDERR_REDIRECT] 
2025-12-17 11:32:58,138 [ERROR] LogOutputStream:75 - [STDERR_REDIRECT] [Fatal Error] :1:1: Premature end of file.
2025-12-17 11:32:58,138 [ERROR] LogOutputStream:75 - [STDERR_REDIRECT] 
2025-12-17 11:32:59,137 [ERROR] LogOutputStream:75 - [STDERR_REDIRECT] [Fatal Error] :1:1: Premature end of file.
2025-12-17 11:32:59,137 [ERROR] LogOutputStream:75 - [STDERR_REDIRECT] 
2025-12-17 11:33:00,137 [ERROR] LogOutputStream:75 - [STDERR_REDIRECT] [Fatal Error] :1:1: Premature end of file.
2025-12-17 11:33:00,137 [ERROR] LogOutputStream:75 - [STDERR_REDIRECT] 
2025-12-17 11:33:01,136 [ERROR] LogOutputStream:75 - [STDERR_REDIRECT] [Fatal Error] :1:1: Premature end of file.
2025-12-17 11:33:01,137 [ERROR] LogOutputStream:75 - [STDERR_REDIRECT] 
2025-12-17 11:33:02,137 [ERROR] LogOutputStream:75 - [STDERR_REDIRECT] [Fatal Error] :1:1: Premature end of file.
2025-12-17 11:33:02,137 [ERROR] LogOutputStream:75 - [STDERR_REDIRECT] 
2025-12-17 11:33:03,137 [ERROR] LogOutputStream:75 - [STDERR_REDIRECT] [Fatal Error] :1:1: Premature end of file.
2025-12-17 11:33:03,137 [ERROR] LogOutputStream:75 - [STDERR_REDIRECT] 
2025-12-17 11:33:04,137 [ERROR] LogOutputStream:75 - [STDERR_REDIRECT] [Fatal Error] :1:1: Premature end of file.
2025-12-17 11:33:04,137 [ERROR] LogOutputStream:75 - [STDERR_REDIRECT] 
2025-12-17 11:33:05,137 [ERROR] LogOutputStream:75 - [STDERR_REDIRECT] [Fatal Error] :1:1: Premature end of file.
2025-12-17 11:33:05,137 [ERROR] LogOutputStream:75 - [STDERR_REDIRECT] 
2025-12-17 11:33:06,137 [ERROR] LogOutputStream:75 - [STDERR_REDIRECT] [Fatal Error] :1:1: Premature end of file.
2025-12-17 11:33:06,137 [ERROR] LogOutputStream:75 - [STDERR_REDIRECT] 
2025-12-17 11:33:07,139 [ERROR] LogOutputStream:75 - [STDERR_REDIRECT] [Fatal Error] :1:1: Premature end of file.
2025-12-17 11:33:07,139 [ERROR] LogOutputStream:75 - [STDERR_REDIRECT] 
2025-12-17 11:33:08,138 [ERROR] LogOutputStream:75 - [STDERR_REDIRECT] [Fatal Error] :1:1: Premature end of file.
2025-12-17 11:33:08,138 [ERROR] LogOutputStream:75 - [STDERR_REDIRECT] 
2025-12-17 11:33:09,136 [ERROR] LogOutputStream:75 - [STDERR_REDIRECT] [Fatal Error] :1:1: Premature end of file.
2025-12-17 11:33:09,138 [ERROR] LogOutputStream:75 - [STDERR_REDIRECT] 
2025-12-17 11:33:10,139 [ERROR] LogOutputStream:75 - [STDERR_REDIRECT] [Fatal Error] :1:1: Premature end of file.
2025-12-17 11:33:10,139 [ERROR] LogOutputStream:75 - [STDERR_REDIRECT] 
2025-12-17 11:33:11,138 [ERROR] LogOutputStream:75 - [STDERR_REDIRECT] [Fatal Error] :1:1: Premature end of file.
2025-12-17 11:33:11,138 [ERROR] LogOutputStream:75 - [STDERR_REDIRECT] 
2025-12-17 11:33:12,138 [ERROR] LogOutputStream:75 - [STDERR_REDIRECT] [Fatal Error] :1:1: Premature end of file.
2025-12-17 11:33:12,139 [ERROR] LogOutputStream:75 - [STDERR_REDIRECT] 
2025-12-17 11:33:13,137 [ERROR] LogOutputStream:75 - [STDERR_REDIRECT] [Fatal Error] :1:1: Premature end of file.
2025-12-17 11:33:13,137 [ERROR] LogOutputStream:75 - [STDERR_REDIRECT] 
2025-12-17 11:33:14,139 [ERROR] LogOutputStream:75 - [STDERR_REDIRECT] [Fatal Error] :1:1: Premature end of file.
2025-12-17 11:33:14,139 [ERROR] LogOutputStream:75 - [STDERR_REDIRECT] 
2025-12-17 11:33:15,139 [ERROR] LogOutputStream:75 - [STDERR_REDIRECT] [Fatal Error] :1:1: Premature end of file.
2025-12-17 11:33:15,139 [ERROR] LogOutputStream:75 - [STDERR_REDIRECT] 
2025-12-17 11:33:16,139 [ERROR] LogOutputStream:75 - [STDERR_REDIRECT] [Fatal Error] :1:1: Premature end of file.
2025-12-17 11:33:16,139 [ERROR] LogOutputStream:75 - [STDERR_REDIRECT] 
2025-12-17 11:33:17,138 [ERROR] LogOutputStream:75 - [STDERR_REDIRECT] [Fatal Error] :1:1: Premature end of file.
2025-12-17 11:33:17,138 [ERROR] LogOutputStream:75 - [STDERR_REDIRECT] 
2025-12-17 11:33:18,139 [ERROR] LogOutputStream:75 - [STDERR_REDIRECT] [Fatal Error] :1:1: Premature end of file.
2025-12-17 11:33:18,139 [ERROR] LogOutputStream:75 - [STDERR_REDIRECT] 
2025-12-17 11:33:19,138 [ERROR] LogOutputStream:75 - [STDERR_REDIRECT] [Fatal Error] :1:1: Premature end of file.
2025-12-17 11:33:19,138 [ERROR] LogOutputStream:75 - [STDERR_REDIRECT] 
2025-12-17 11:33:20,137 [ERROR] LogOutputStream:75 - [STDERR_REDIRECT] [Fatal Error] :1:1: Premature end of file.
2025-12-17 11:33:20,137 [ERROR] LogOutputStream:75 - [STDERR_REDIRECT] 
2025-12-17 11:33:21,136 [ERROR] LogOutputStream:75 - [STDERR_REDIRECT] [Fatal Error] :1:1: Premature end of file.
2025-12-17 11:33:21,137 [ERROR] LogOutputStream:75 - [STDERR_REDIRECT] 
2025-12-17 11:33:22,138 [ERROR] LogOutputStream:75 - [STDERR_REDIRECT] [Fatal Error] :1:1: Premature end of file.
2025-12-17 11:33:22,138 [ERROR] LogOutputStream:75 - [STDERR_REDIRECT] 
2025-12-17 11:33:23,137 [ERROR] LogOutputStream:75 - [STDERR_REDIRECT] [Fatal Error] :1:1: Premature end of file.
2025-12-17 11:33:23,137 [ERROR] LogOutputStream:75 - [STDERR_REDIRECT] 
2025-12-17 11:33:24,138 [ERROR] LogOutputStream:75 - [STDERR_REDIRECT] [Fatal Error] :1:1: Premature end of file.
2025-12-17 11:33:24,138 [ERROR] LogOutputStream:75 - [STDERR_REDIRECT] 
2025-12-17 11:33:25,143 [ERROR] LogOutputStream:75 - [STDERR_REDIRECT] [Fatal Error] :1:1: Premature end of file.
2025-12-17 11:33:25,143 [ERROR] LogOutputStream:75 - [STDERR_REDIRECT] 
2025-12-17 11:33:26,137 [ERROR] LogOutputStream:75 - [STDERR_REDIRECT] [Fatal Error] :1:1: Premature end of file.
2025-12-17 11:33:26,137 [ERROR] LogOutputStream:75 - [STDERR_REDIRECT] 
2025-12-17 11:33:27,138 [ERROR] LogOutputStream:75 - [STDERR_REDIRECT] [Fatal Error] :1:1: Premature end of file.
2025-12-17 11:33:27,138 [ERROR] LogOutputStream:75 - [STDERR_REDIRECT] 
2025-12-17 11:33:28,138 [ERROR] LogOutputStream:75 - [STDERR_REDIRECT] [Fatal Error] :1:1: Premature end of file.
2025-12-17 11:33:28,138 [ERROR] LogOutputStream:75 - [STDERR_REDIRECT] 
2025-12-17 11:33:29,138 [ERROR] LogOutputStream:75 - [STDERR_REDIRECT] [Fatal Error] :1:1: Premature end of file.
2025-12-17 11:33:29,138 [ERROR] LogOutputStream:75 - [STDERR_REDIRECT] 
2025-12-17 11:33:30,136 [ERROR] LogOutputStream:75 - [STDERR_REDIRECT] [Fatal Error] :1:1: Premature end of file.
2025-12-17 11:33:30,136 [ERROR] LogOutputStream:75 - [STDERR_REDIRECT] 
2025-12-17 11:33:31,138 [ERROR] LogOutputStream:75 - [STDERR_REDIRECT] [Fatal Error] :1:1: Premature end of file.
2025-12-17 11:33:31,138 [ERROR] LogOutputStream:75 - [STDERR_REDIRECT] 
2025-12-17 11:33:32,157 [ERROR] LogOutputStream:75 - [STDERR_REDIRECT] [Fatal Error] :1:1: Premature end of file.
2025-12-17 11:33:32,157 [ERROR] LogOutputStream:75 - [STDERR_REDIRECT] 
2025-12-17 11:33:33,139 [ERROR] LogOutputStream:75 - [STDERR_REDIRECT] [Fatal Error] :1:1: Premature end of file.
2025-12-17 11:33:33,139 [ERROR] LogOutputStream:75 - [STDERR_REDIRECT] 
2025-12-17 11:33:34,137 [ERROR] LogOutputStream:75 - [STDERR_REDIRECT] [Fatal Error] :1:1: Premature end of file.
2025-12-17 11:33:34,137 [ERROR] LogOutputStream:75 - [STDERR_REDIRECT] 
2025-12-17 11:33:35,138 [ERROR] LogOutputStream:75 - [STDERR_REDIRECT] [Fatal Error] :1:1: Premature end of file.
2025-12-17 11:33:35,138 [ERROR] LogOutputStream:75 - [STDERR_REDIRECT] 
2025-12-17 11:33:36,137 [ERROR] LogOutputStream:75 - [STDERR_REDIRECT] [Fatal Error] :1:1: Premature end of file.
2025-12-17 11:33:36,137 [ERROR] LogOutputStream:75 - [STDERR_REDIRECT] 
2025-12-17 11:33:37,138 [ERROR] LogOutputStream:75 - [STDERR_REDIRECT] [Fatal Error] :1:1: Premature end of file.
2025-12-17 11:33:37,138 [ERROR] LogOutputStream:75 - [STDERR_REDIRECT] 
2025-12-17 11:33:38,139 [ERROR] LogOutputStream:75 - [STDERR_REDIRECT] [Fatal Error] :1:1: Premature end of file.
2025-12-17 11:33:38,139 [ERROR] LogOutputStream:75 - [STDERR_REDIRECT] 
2025-12-17 11:33:39,139 [ERROR] LogOutputStream:75 - [STDERR_REDIRECT] [Fatal Error] :1:1: Premature end of file.
2025-12-17 11:33:39,139 [ERROR] LogOutputStream:75 - [STDERR_REDIRECT] 
2025-12-17 11:33:40,139 [ERROR] LogOutputStream:75 - [STDERR_REDIRECT] [Fatal Error] :1:1: Premature end of file.
2025-12-17 11:33:40,139 [ERROR] LogOutputStream:75 - [STDERR_REDIRECT] 
2025-12-17 11:33:41,137 [ERROR] LogOutputStream:75 - [STDERR_REDIRECT] [Fatal Error] :1:1: Premature end of file.
2025-12-17 11:33:41,138 [ERROR] LogOutputStream:75 - [STDERR_REDIRECT] 
2025-12-17 11:33:42,142 [ERROR] LogOutputStream:75 - [STDERR_REDIRECT] [Fatal Error] :1:1: Premature end of file.
2025-12-17 11:33:42,142 [ERROR] LogOutputStream:75 - [STDERR_REDIRECT] 
2025-12-17 11:33:43,139 [ERROR] LogOutputStream:75 - [STDERR_REDIRECT] [Fatal Error] :1:1: Premature end of file.
2025-12-17 11:33:43,139 [ERROR] LogOutputStream:75 - [STDERR_REDIRECT] 
2025-12-17 11:33:44,138 [ERROR] LogOutputStream:75 - [STDERR_REDIRECT] [Fatal Error] :1:1: Premature end of file.
2025-12-17 11:33:44,138 [ERROR] LogOutputStream:75 - [STDERR_REDIRECT] 
2025-12-17 11:33:45,137 [ERROR] LogOutputStream:75 - [STDERR_REDIRECT] [Fatal Error] :1:1: Premature end of file.
2025-12-17 11:33:45,137 [ERROR] LogOutputStream:75 - [STDERR_REDIRECT] 
2025-12-17 11:33:46,138 [ERROR] LogOutputStream:75 - [STDERR_REDIRECT] [Fatal Error] :1:1: Premature end of file.
2025-12-17 11:33:46,138 [ERROR] LogOutputStream:75 - [STDERR_REDIRECT] 
2025-12-17 11:33:47,137 [ERROR] LogOutputStream:75 - [STDERR_REDIRECT] [Fatal Error] :1:1: Premature end of file.
2025-12-17 11:33:47,137 [ERROR] LogOutputStream:75 - [STDERR_REDIRECT] 
2025-12-17 11:33:48,138 [ERROR] LogOutputStream:75 - [STDERR_REDIRECT] [Fatal Error] :1:1: Premature end of file.
2025-12-17 11:33:48,139 [ERROR] LogOutputStream:75 - [STDERR_REDIRECT] 
2025-12-17 11:33:49,137 [ERROR] LogOutputStream:75 - [STDERR_REDIRECT] [Fatal Error] :1:1: Premature end of file.
2025-12-17 11:33:49,138 [ERROR] LogOutputStream:75 - [STDERR_REDIRECT] 
2025-12-17 11:33:50,138 [ERROR] LogOutputStream:75 - [STDERR_REDIRECT] [Fatal Error] :1:1: Premature end of file.
2025-12-17 11:33:50,138 [ERROR] LogOutputStream:75 - [STDERR_REDIRECT] 
2025-12-17 11:33:51,138 [ERROR] LogOutputStream:75 - [STDERR_REDIRECT] [Fatal Error] :1:1: Premature end of file.
2025-12-17 11:33:51,138 [ERROR] LogOutputStream:75 - [STDERR_REDIRECT] 
2025-12-17 11:33:52,137 [ERROR] LogOutputStream:75 - [STDERR_REDIRECT] [Fatal Error] :1:1: Premature end of file.
2025-12-17 11:33:52,138 [ERROR] LogOutputStream:75 - [STDERR_REDIRECT] 
2025-12-17 11:33:53,137 [ERROR] LogOutputStream:75 - [STDERR_REDIRECT] [Fatal Error] :1:1: Premature end of file.
2025-12-17 11:33:53,138 [ERROR] LogOutputStream:75 - [STDERR_REDIRECT] 
2025-12-17 11:33:54,137 [ERROR] LogOutputStream:75 - [STDERR_REDIRECT] [Fatal Error] :1:1: Premature end of file.
2025-12-17 11:33:54,139 [ERROR] LogOutputStream:75 - [STDERR_REDIRECT] 
2025-12-17 11:33:55,136 [ERROR] LogOutputStream:75 - [STDERR_REDIRECT] [Fatal Error] :1:1: Premature end of file.
2025-12-17 11:33:55,137 [ERROR] LogOutputStream:75 - [STDERR_REDIRECT] 
2025-12-17 11:33:56,137 [ERROR] LogOutputStream:75 - [STDERR_REDIRECT] [Fatal Error] :1:1: Premature end of file.
2025-12-17 11:33:56,138 [ERROR] LogOutputStream:75 - [STDERR_REDIRECT] 
2025-12-17 11:33:57,139 [ERROR] LogOutputStream:75 - [STDERR_REDIRECT] [Fatal Error] :1:1: Premature end of file.
2025-12-17 11:33:57,139 [ERROR] LogOutputStream:75 - [STDERR_REDIRECT] 
2025-12-17 11:33:58,136 [ERROR] LogOutputStream:75 - [STDERR_REDIRECT] [Fatal Error] :1:1: Premature end of file.
2025-12-17 11:33:58,136 [ERROR] LogOutputStream:75 - [STDERR_REDIRECT] 
2025-12-17 11:33:59,138 [ERROR] LogOutputStream:75 - [STDERR_REDIRECT] [Fatal Error] :1:1: Premature end of file.
2025-12-17 11:33:59,138 [ERROR] LogOutputStream:75 - [STDERR_REDIRECT] 
2025-12-17 11:34:00,137 [ERROR] LogOutputStream:75 - [STDERR_REDIRECT] [Fatal Error] :1:1: Premature end of file.
2025-12-17 11:34:00,137 [ERROR] LogOutputStream:75 - [STDERR_REDIRECT] 
2025-12-17 11:34:01,138 [ERROR] LogOutputStream:75 - [STDERR_REDIRECT] [Fatal Error] :1:1: Premature end of file.
2025-12-17 11:34:01,139 [ERROR] LogOutputStream:75 - [STDERR_REDIRECT] 
2025-12-17 11:34:02,141 [ERROR] LogOutputStream:75 - [STDERR_REDIRECT] [Fatal Error] :1:1: Premature end of file.
2025-12-17 11:34:02,141 [ERROR] LogOutputStream:75 - [STDERR_REDIRECT] 
2025-12-17 11:34:03,138 [ERROR] LogOutputStream:75 - [STDERR_REDIRECT] [Fatal Error] :1:1: Premature end of file.
2025-12-17 11:34:03,138 [ERROR] LogOutputStream:75 - [STDERR_REDIRECT] 
2025-12-17 11:34:04,137 [ERROR] LogOutputStream:75 - [STDERR_REDIRECT] [Fatal Error] :1:1: Premature end of file.
2025-12-17 11:34:04,138 [ERROR] LogOutputStream:75 - [STDERR_REDIRECT] 
2025-12-17 11:34:05,139 [ERROR] LogOutputStream:75 - [STDERR_REDIRECT] [Fatal Error] :1:1: Premature end of file.
2025-12-17 11:34:05,139 [ERROR] LogOutputStream:75 - [STDERR_REDIRECT] 
2025-12-17 11:34:06,136 [ERROR] LogOutputStream:75 - [STDERR_REDIRECT] [Fatal Error] :1:1: Premature end of file.
2025-12-17 11:34:06,136 [ERROR] LogOutputStream:75 - [STDERR_REDIRECT] 
2025-12-17 11:34:07,137 [ERROR] LogOutputStream:75 - [STDERR_REDIRECT] [Fatal Error] :1:1: Premature end of file.
2025-12-17 11:34:07,138 [ERROR] LogOutputStream:75 - [STDERR_REDIRECT] 
2025-12-17 11:34:08,137 [ERROR] LogOutputStream:75 - [STDERR_REDIRECT] [Fatal Error] :1:1: Premature end of file.
2025-12-17 11:34:08,137 [ERROR] LogOutputStream:75 - [STDERR_REDIRECT] 
2025-12-17 11:34:09,138 [ERROR] LogOutputStream:75 - [STDERR_REDIRECT] [Fatal Error] :1:1: Premature end of file.
2025-12-17 11:34:09,138 [ERROR] LogOutputStream:75 - [STDERR_REDIRECT] 
2025-12-17 11:34:10,138 [ERROR] LogOutputStream:75 - [STDERR_REDIRECT] [Fatal Error] :1:1: Premature end of file.
2025-12-17 11:34:10,138 [ERROR] LogOutputStream:75 - [STDERR_REDIRECT] 
2025-12-17 11:34:11,138 [ERROR] LogOutputStream:75 - [STDERR_REDIRECT] [Fatal Error] :1:1: Premature end of file.
2025-12-17 11:34:11,138 [ERROR] LogOutputStream:75 - [STDERR_REDIRECT] 
2025-12-17 11:34:12,138 [ERROR] LogOutputStream:75 - [STDERR_REDIRECT] [Fatal Error] :1:1: Premature end of file.
2025-12-17 11:34:12,138 [ERROR] LogOutputStream:75 - [STDERR_REDIRECT] 
2025-12-17 11:34:13,136 [ERROR] LogOutputStream:75 - [STDERR_REDIRECT] [Fatal Error] :1:1: Premature end of file.
2025-12-17 11:34:13,138 [ERROR] LogOutputStream:75 - [STDERR_REDIRECT] 
2025-12-17 11:34:14,137 [ERROR] LogOutputStream:75 - [STDERR_REDIRECT] [Fatal Error] :1:1: Premature end of file.
2025-12-17 11:34:14,137 [ERROR] LogOutputStream:75 - [STDERR_REDIRECT] 
2025-12-17 11:34:15,136 [ERROR] LogOutputStream:75 - [STDERR_REDIRECT] [Fatal Error] :1:1: Premature end of file.
2025-12-17 11:34:15,136 [ERROR] LogOutputStream:75 - [STDERR_REDIRECT] 
2025-12-17 11:34:16,138 [ERROR] LogOutputStream:75 - [STDERR_REDIRECT] [Fatal Error] :1:1: Premature end of file.
2025-12-17 11:34:16,138 [ERROR] LogOutputStream:75 - [STDERR_REDIRECT] 
2025-12-17 11:34:17,137 [ERROR] LogOutputStream:75 - [STDERR_REDIRECT] [Fatal Error] :1:1: Premature end of file.
2025-12-17 11:34:17,137 [ERROR] LogOutputStream:75 - [STDERR_REDIRECT] 
2025-12-17 11:34:18,137 [ERROR] LogOutputStream:75 - [STDERR_REDIRECT] [Fatal Error] :1:1: Premature end of file.
2025-12-17 11:34:18,137 [ERROR] LogOutputStream:75 - [STDERR_REDIRECT] 
2025-12-17 11:34:19,137 [ERROR] LogOutputStream:75 - [STDERR_REDIRECT] [Fatal Error] :1:1: Premature end of file.
2025-12-17 11:34:19,138 [ERROR] LogOutputStream:75 - [STDERR_REDIRECT] 
2025-12-17 11:34:20,137 [ERROR] LogOutputStream:75 - [STDERR_REDIRECT] [Fatal Error] :1:1: Premature end of file.
2025-12-17 11:34:20,137 [ERROR] LogOutputStream:75 - [STDERR_REDIRECT] 
2025-12-17 11:34:21,137 [ERROR] LogOutputStream:75 - [STDERR_REDIRECT] [Fatal Error] :1:1: Premature end of file.
2025-12-17 11:34:21,137 [ERROR] LogOutputStream:75 - [STDERR_REDIRECT] 
2025-12-17 11:34:22,138 [ERROR] LogOutputStream:75 - [STDERR_REDIRECT] [Fatal Error] :1:1: Premature end of file.
2025-12-17 11:34:22,138 [ERROR] LogOutputStream:75 - [STDERR_REDIRECT] 
2025-12-17 11:34:23,136 [ERROR] LogOutputStream:75 - [STDERR_REDIRECT] [Fatal Error] :1:1: Premature end of file.
2025-12-17 11:34:23,136 [ERROR] LogOutputStream:75 - [STDERR_REDIRECT] 
2025-12-17 11:34:24,136 [ERROR] LogOutputStream:75 - [STDERR_REDIRECT] [Fatal Error] :1:1: Premature end of file.
2025-12-17 11:34:24,138 [ERROR] LogOutputStream:75 - [STDERR_REDIRECT] 
2025-12-17 11:34:25,138 [ERROR] LogOutputStream:75 - [STDERR_REDIRECT] [Fatal Error] :1:1: Premature end of file.
2025-12-17 11:34:25,138 [ERROR] LogOutputStream:75 - [STDERR_REDIRECT] 
2025-12-17 11:34:26,137 [ERROR] LogOutputStream:75 - [STDERR_REDIRECT] [Fatal Error] :1:1: Premature end of file.
2025-12-17 11:34:26,137 [ERROR] LogOutputStream:75 - [STDERR_REDIRECT] 
2025-12-17 11:34:27,137 [ERROR] LogOutputStream:75 - [STDERR_REDIRECT] [Fatal Error] :1:1: Premature end of file.
2025-12-17 11:34:27,137 [ERROR] LogOutputStream:75 - [STDERR_REDIRECT] 
2025-12-17 11:34:28,138 [ERROR] LogOutputStream:75 - [STDERR_REDIRECT] [Fatal Error] :1:1: Premature end of file.
2025-12-17 11:34:28,138 [ERROR] LogOutputStream:75 - [STDERR_REDIRECT] 
2025-12-17 11:34:28,690 [ERROR] LogOutputStream:75 - [STDERR_REDIRECT] 
2025-12-17 11:34:28,691 [ERROR] LogOutputStream:75 - [STDERR_REDIRECT] 
2025-12-17 11:34:37,465 [INFO] Activator:176 - 


2025-12-17 11:34:37,467 [INFO] Activator:177 - !SESSION log4j initialized
2025-12-17 11:34:41,622 [INFO] LogOutputStream:77 - [STDOUT_REDIRECT] 
2025-12-17 11:34:42,349 [INFO] ApplicationProperties:184 - Using Application install path: C:\ST\STM32CubeIDE_1.19.0\STM32CubeIDE\plugins\com.st.stm32cube.common.mx_6.15.0.202507011659
2025-12-17 11:34:42,362 [INFO] DbMcusXml:78 - Set database path to: C:\ST\STM32CubeIDE_1.19.0\STM32CubeIDE\plugins\com.st.stm32cube.common.mx_6.15.0.202507011659\\db\/mcu/
2025-12-17 11:34:42,362 [INFO] ApiDb:274 - Set plugin database path to: C:\ST\STM32CubeIDE_1.19.0\STM32CubeIDE\plugins\com.st.stm32cube.common.mx_6.15.0.202507011659\\db\/plugins/boardmanager/
2025-12-17 11:34:42,362 [WARN] ApiDb:259 - Overriding images path with different value:  => C:\ST\STM32CubeIDE_1.19.0\STM32CubeIDE\plugins\com.st.stm32cube.common.mx_6.15.0.202507011659\\db\/plugins/mcufinder/images/
2025-12-17 11:34:42,366 [INFO] ApiDb:250 - Set database path to: C:\Users\brajo\.stmcufinder\plugins\mcufinder//mcu/
2025-12-17 11:34:42,367 [INFO] DbMcusAds:125 - Set database path to: C:\Users\brajo\.stmcufinder\plugins\mcufinder//mcu/
2025-12-17 11:34:42,368 [INFO] CrossReferenceDbSqlite:203 - Set database path to: C:\Users\brajo\.stmcufinder\plugins\mcufinder//mcu/cs/
2025-12-17 11:34:42,451 [INFO] RulesReader:64 - Compatibility file has been processed (317 Rules)
2025-12-17 11:34:42,512 [INFO] DbMcusXml:78 - Set database path to: C:\ST\STM32CubeIDE_1.19.0\STM32CubeIDE\plugins\com.st.stm32cube.common.mx_6.15.0.202507011659\\db\/mcu/
2025-12-17 11:34:42,512 [INFO] ApiDb:274 - Set plugin database path to: C:\ST\STM32CubeIDE_1.19.0\STM32CubeIDE\plugins\com.st.stm32cube.common.mx_6.15.0.202507011659\\db\/plugins/boardmanager/
2025-12-17 11:34:42,512 [INFO] ApiDb:261 - Set plugin images path to: C:\ST\STM32CubeIDE_1.19.0\STM32CubeIDE\plugins\com.st.stm32cube.common.mx_6.15.0.202507011659\\db\/plugins/mcufinder/images/
2025-12-17 11:34:42,512 [WARN] DbFile:41 - Overriding database path with different value: C:\Users\brajo\.stmcufinder\plugins\mcufinder/ => C:\Users\brajo\.stmcufinder\plugins\mcufinder
2025-12-17 11:34:42,512 [INFO] ApiDb:250 - Set database path to: C:\Users\brajo\.stmcufinder\plugins\mcufinder//mcu/
2025-12-17 11:34:42,512 [WARN] DbFile:41 - Overriding database path with different value: C:\Users\brajo\.stmcufinder\plugins\mcufinder/ => C:\Users\brajo\.stmcufinder\plugins\mcufinder
2025-12-17 11:34:42,512 [INFO] DbMcusAds:125 - Set database path to: C:\Users\brajo\.stmcufinder\plugins\mcufinder//mcu/
2025-12-17 11:34:42,512 [WARN] DbFile:41 - Overriding database path with different value: C:\Users\brajo\.stmcufinder\plugins\mcufinder/ => C:\Users\brajo\.stmcufinder\plugins\mcufinder
2025-12-17 11:34:42,512 [WARN] DbFile:41 - Overriding database path with different value: C:\Users\brajo\.stmcufinder\plugins\mcufinder/ => C:\Users\brajo\.stmcufinder\plugins\mcufinder
2025-12-17 11:34:42,513 [INFO] CrossReferenceDbSqlite:203 - Set database path to: C:\Users\brajo\.stmcufinder\plugins\mcufinder//mcu/cs/
2025-12-17 11:34:42,569 [INFO] MainPanel:274 - HeapMemory: 268435456
2025-12-17 11:34:42,633 [INFO] DbMcusXml:78 - Set database path to: C:\ST\STM32CubeIDE_1.19.0\STM32CubeIDE\plugins\com.st.stm32cube.common.mx_6.15.0.202507011659\\db\/mcu/
2025-12-17 11:34:42,633 [INFO] ApiDb:274 - Set plugin database path to: C:\ST\STM32CubeIDE_1.19.0\STM32CubeIDE\plugins\com.st.stm32cube.common.mx_6.15.0.202507011659\\db\/plugins/boardmanager/
2025-12-17 11:34:42,633 [INFO] ApiDb:261 - Set plugin images path to: C:\ST\STM32CubeIDE_1.19.0\STM32CubeIDE\plugins\com.st.stm32cube.common.mx_6.15.0.202507011659\\db\/plugins/mcufinder/images/
2025-12-17 11:34:42,633 [WARN] DbFile:41 - Overriding database path with different value: C:\Users\brajo\.stmcufinder\plugins\mcufinder/ => C:\Users\brajo\.stmcufinder\plugins\mcufinder
2025-12-17 11:34:42,633 [INFO] ApiDb:250 - Set database path to: C:\Users\brajo\.stmcufinder\plugins\mcufinder//mcu/
2025-12-17 11:34:42,633 [WARN] DbFile:41 - Overriding database path with different value: C:\Users\brajo\.stmcufinder\plugins\mcufinder/ => C:\Users\brajo\.stmcufinder\plugins\mcufinder
2025-12-17 11:34:42,633 [INFO] DbMcusAds:125 - Set database path to: C:\Users\brajo\.stmcufinder\plugins\mcufinder//mcu/
2025-12-17 11:34:42,633 [WARN] DbFile:41 - Overriding database path with different value: C:\Users\brajo\.stmcufinder\plugins\mcufinder/ => C:\Users\brajo\.stmcufinder\plugins\mcufinder
2025-12-17 11:34:42,633 [WARN] DbFile:41 - Overriding database path with different value: C:\Users\brajo\.stmcufinder\plugins\mcufinder/ => C:\Users\brajo\.stmcufinder\plugins\mcufinder
2025-12-17 11:34:42,633 [INFO] CrossReferenceDbSqlite:203 - Set database path to: C:\Users\brajo\.stmcufinder\plugins\mcufinder//mcu/cs/
2025-12-17 11:34:42,648 [INFO] ApplicationProperties:184 - Using Application install path: C:\ST\STM32CubeIDE_1.19.0\STM32CubeIDE\plugins\com.st.stm32cube.common.mx_6.15.0.202507011659
2025-12-17 11:34:42,649 [INFO] PluginManage:196 - Search for loadable plugins [exclusion list=, ]
2025-12-17 11:34:42,650 [INFO] PluginManage:310 - Check plugin analytics
2025-12-17 11:34:42,801 [INFO] AnalyticsPlugin:253 - Accepted Software Licenses: 
2025-12-17 11:34:42,801 [INFO] AnalyticsPlugin:255 - Accepted CMSIS Pack Licenses: 
2025-12-17 11:34:42,801 [INFO] AnalyticsPlugin:257 - Accepted Firmware Licenses: 
2025-12-17 11:34:42,803 [INFO] PluginManage:359 - Loaded plugin analytics (category:tool,tabindex:-1)
2025-12-17 11:34:42,804 [INFO] PluginManage:310 - Check plugin cadmodel
2025-12-17 11:34:42,807 [INFO] CADModel:105 - Init CAD model plugin
2025-12-17 11:34:42,807 [INFO] PluginManage:359 - Loaded plugin cadmodel (category:power,tabindex:5)
2025-12-17 11:34:42,807 [INFO] PluginManage:310 - Check plugin clock
2025-12-17 11:34:42,814 [INFO] PluginManage:359 - Loaded plugin clock (category:base,tabindex:2)
2025-12-17 11:34:42,814 [INFO] PluginManage:310 - Check plugin ddr
2025-12-17 11:34:42,816 [INFO] PluginManage:359 - Loaded plugin ddr (category:tool,tabindex:6)
2025-12-17 11:34:42,816 [INFO] PluginManage:310 - Check plugin filemanager
2025-12-17 11:34:42,926 [INFO] PluginManage:359 - Loaded plugin filemanager (category:base,tabindex:10)
2025-12-17 11:34:42,926 [INFO] PluginManage:310 - Check plugin ipmanager
2025-12-17 11:34:42,932 [INFO] PluginManage:359 - Loaded plugin ipmanager (category:base,tabindex:5)
2025-12-17 11:34:42,932 [INFO] PluginManage:310 - Check plugin lpbam
2025-12-17 11:34:42,938 [INFO] PluginManage:359 - Loaded plugin lpbam (category:base,tabindex:0)
2025-12-17 11:34:42,938 [INFO] PluginManage:310 - Check plugin memorymap
2025-12-17 11:34:42,946 [INFO] PluginManage:359 - Loaded plugin memorymap (category:base,tabindex:4)
2025-12-17 11:34:42,946 [INFO] PluginManage:310 - Check plugin pinoutandconfiguration
2025-12-17 11:34:42,951 [INFO] PluginManage:359 - Loaded plugin pinoutandconfiguration (category:base,tabindex:1)
2025-12-17 11:34:42,951 [INFO] PluginManage:310 - Check plugin pinoutconfig
2025-12-17 11:34:43,016 [WARN] SupportedApi:132 - Cannot load RTOS API schema: s4s-elt-must-match.1: The content of 'definitions' must match (annotation?, (simpleType | complexType)?, (unique | key | keyref)*)). A problem was found starting at: attribute.
2025-12-17 11:34:43,115 [INFO] PluginManage:359 - Loaded plugin pinoutconfig (category:base,tabindex:0)
2025-12-17 11:34:43,115 [INFO] PluginManage:310 - Check plugin power
2025-12-17 11:34:43,121 [INFO] PluginManage:359 - Loaded plugin power (category:power,tabindex:4)
2025-12-17 11:34:43,121 [INFO] PluginManage:310 - Check plugin projectmanager
2025-12-17 11:34:43,133 [INFO] PluginManage:359 - Loaded plugin projectmanager (category:projectmanager,tabindex:4)
2025-12-17 11:34:43,133 [INFO] PluginManage:310 - Check plugin rif
2025-12-17 11:34:43,140 [INFO] PluginManage:359 - Loaded plugin rif (category:base,tabindex:3)
2025-12-17 11:34:43,140 [INFO] PluginManage:310 - Check plugin thirdparty
2025-12-17 11:34:43,244 [INFO] PluginManage:359 - Loaded plugin thirdparty (category:base,tabindex:-1)
2025-12-17 11:34:43,244 [WARN] IntegrityCheckThread:84 - waiting for thirdparty lock release [integrity check]
2025-12-17 11:34:43,244 [INFO] PluginManage:310 - Check plugin tools
2025-12-17 11:34:43,244 [INFO] IntegrityCheckThread:86 - entering critical section [integrity check]
2025-12-17 11:34:43,244 [INFO] ThirdPartyUpdaterWithRetryManager:70 - Updater plugin not ready yet. [1/15]
2025-12-17 11:34:43,246 [INFO] PluginManage:359 - Loaded plugin tools (category:base,tabindex:7)
2025-12-17 11:34:43,246 [INFO] PluginManage:310 - Check plugin tutovideos
2025-12-17 11:34:43,394 [INFO] PluginManage:359 - Loaded plugin tutovideos (category:base,tabindex:-1)
2025-12-17 11:34:43,394 [INFO] PluginManage:310 - Check plugin updater
2025-12-17 11:34:43,410 [INFO] PluginManage:359 - Loaded plugin updater (category:base,tabindex:12)
2025-12-17 11:34:43,410 [INFO] PluginManage:310 - Check plugin userauth
2025-12-17 11:34:43,413 [INFO] UserAuth:118 - Init User Auth plugin
2025-12-17 11:34:43,414 [INFO] PluginManage:359 - Loaded plugin userauth (category:base,tabindex:14)
2025-12-17 11:34:43,414 [INFO] PluginManage:283 - PluginManage : Loaded plugins [18]
2025-12-17 11:34:43,586 [INFO] PinOutPanel:1589 - setPackage(No Configuration,No Configuration)
2025-12-17 11:34:43,656 [INFO] CADModel:165 - CPN selected for project level
2025-12-17 11:34:43,656 [INFO] CADModel:114 - Register for checkConnection events
2025-12-17 11:34:43,672 [INFO] IPUIPlugin:80 - create IPUIPlugin
2025-12-17 11:34:43,672 [INFO] PluginManager:220 - loadIPPluginJar : add adc
2025-12-17 11:34:43,674 [INFO] IPUIPlugin:80 - create IPUIPlugin
2025-12-17 11:34:43,674 [INFO] PluginManager:220 - loadIPPluginJar : add aes
2025-12-17 11:34:43,676 [INFO] IPUIPlugin:80 - create IPUIPlugin
2025-12-17 11:34:43,676 [INFO] PluginManager:220 - loadIPPluginJar : add can
2025-12-17 11:34:43,677 [INFO] IPUIPlugin:80 - create IPUIPlugin
2025-12-17 11:34:43,677 [INFO] PluginManager:220 - loadIPPluginJar : add comp
2025-12-17 11:34:43,680 [INFO] IPUIPlugin:80 - create IPUIPlugin
2025-12-17 11:34:43,680 [INFO] PluginManager:220 - loadIPPluginJar : add cryp
2025-12-17 11:34:43,681 [INFO] IPUIPlugin:80 - create IPUIPlugin
2025-12-17 11:34:43,681 [INFO] PluginManager:220 - loadIPPluginJar : add ddr_ctrl_phy
2025-12-17 11:34:43,683 [INFO] IPUIPlugin:80 - create IPUIPlugin
2025-12-17 11:34:43,683 [INFO] PluginManager:220 - loadIPPluginJar : add dfsdm
2025-12-17 11:34:43,688 [INFO] IPUIPlugin:80 - create IPUIPlugin
2025-12-17 11:34:43,688 [INFO] PluginManager:220 - loadIPPluginJar : add dma
2025-12-17 11:34:43,690 [INFO] IPUIPlugin:80 - create IPUIPlugin
2025-12-17 11:34:43,690 [INFO] PluginManager:220 - loadIPPluginJar : add dma3
2025-12-17 11:34:43,692 [INFO] IPUIPlugin:80 - create IPUIPlugin
2025-12-17 11:34:43,692 [INFO] PluginManager:220 - loadIPPluginJar : add extmemmanager
2025-12-17 11:34:43,693 [INFO] IPUIPlugin:80 - create IPUIPlugin
2025-12-17 11:34:43,693 [INFO] PluginManager:220 - loadIPPluginJar : add fatfs
2025-12-17 11:34:43,696 [INFO] IPUIPlugin:80 - create IPUIPlugin
2025-12-17 11:34:43,696 [INFO] PluginManager:220 - loadIPPluginJar : add fmc
2025-12-17 11:34:43,700 [INFO] IPUIPlugin:80 - create IPUIPlugin
2025-12-17 11:34:43,700 [INFO] PluginManager:220 - loadIPPluginJar : add freertos
2025-12-17 11:34:43,701 [INFO] IPUIPlugin:80 - create IPUIPlugin
2025-12-17 11:34:43,701 [INFO] PluginManager:220 - loadIPPluginJar : add genericplugin
2025-12-17 11:34:43,702 [INFO] IPUIPlugin:80 - create IPUIPlugin
2025-12-17 11:34:43,703 [INFO] PluginManager:220 - loadIPPluginJar : add gfxmmu
2025-12-17 11:34:43,706 [INFO] IPUIPlugin:80 - create IPUIPlugin
2025-12-17 11:34:43,706 [INFO] PluginManager:220 - loadIPPluginJar : add gic
2025-12-17 11:34:43,709 [INFO] IPUIPlugin:80 - create IPUIPlugin
2025-12-17 11:34:43,709 [INFO] PluginManager:220 - loadIPPluginJar : add gpio
2025-12-17 11:34:43,710 [INFO] IPUIPlugin:80 - create IPUIPlugin
2025-12-17 11:34:43,711 [INFO] PluginManager:220 - loadIPPluginJar : add gtzc
2025-12-17 11:34:43,712 [INFO] IPUIPlugin:80 - create IPUIPlugin
2025-12-17 11:34:43,712 [INFO] PluginManager:220 - loadIPPluginJar : add hash
2025-12-17 11:34:43,714 [INFO] IPUIPlugin:80 - create IPUIPlugin
2025-12-17 11:34:43,714 [INFO] PluginManager:220 - loadIPPluginJar : add i2c
2025-12-17 11:34:43,715 [INFO] IPUIPlugin:80 - create IPUIPlugin
2025-12-17 11:34:43,715 [INFO] PluginManager:220 - loadIPPluginJar : add i2s
2025-12-17 11:34:43,718 [INFO] IPUIPlugin:80 - create IPUIPlugin
2025-12-17 11:34:43,718 [INFO] PluginManager:220 - loadIPPluginJar : add i3c
2025-12-17 11:34:43,720 [INFO] IPUIPlugin:80 - create IPUIPlugin
2025-12-17 11:34:43,720 [INFO] PluginManager:220 - loadIPPluginJar : add ipddr
2025-12-17 11:34:43,726 [INFO] IPUIPlugin:80 - create IPUIPlugin
2025-12-17 11:34:43,726 [INFO] PluginManager:220 - loadIPPluginJar : add linkedlist
2025-12-17 11:34:43,728 [INFO] IPUIPlugin:80 - create IPUIPlugin
2025-12-17 11:34:43,728 [INFO] PluginManager:220 - loadIPPluginJar : add lorawan
2025-12-17 11:34:43,729 [INFO] IPUIPlugin:80 - create IPUIPlugin
2025-12-17 11:34:43,729 [INFO] PluginManager:220 - loadIPPluginJar : add ltdc
2025-12-17 11:34:43,733 [INFO] IPUIPlugin:80 - create IPUIPlugin
2025-12-17 11:34:43,734 [INFO] PluginManager:220 - loadIPPluginJar : add mdma
2025-12-17 11:34:43,736 [INFO] IPUIPlugin:80 - create IPUIPlugin
2025-12-17 11:34:43,736 [INFO] PluginManager:220 - loadIPPluginJar : add nvic
2025-12-17 11:34:43,739 [INFO] IPUIPlugin:80 - create IPUIPlugin
2025-12-17 11:34:43,739 [INFO] PluginManager:220 - loadIPPluginJar : add opamp
2025-12-17 11:34:43,741 [INFO] IPUIPlugin:80 - create IPUIPlugin
2025-12-17 11:34:43,741 [INFO] PluginManager:220 - loadIPPluginJar : add openamp
2025-12-17 11:34:43,744 [INFO] IPUIPlugin:80 - create IPUIPlugin
2025-12-17 11:34:43,745 [INFO] PluginManager:220 - loadIPPluginJar : add pdm2pcm
2025-12-17 11:34:43,749 [INFO] IPUIPlugin:80 - create IPUIPlugin
2025-12-17 11:34:43,751 [INFO] PluginManager:220 - loadIPPluginJar : add plateformsettings
2025-12-17 11:34:43,753 [INFO] IPUIPlugin:80 - create IPUIPlugin
2025-12-17 11:34:43,753 [INFO] PluginManager:220 - loadIPPluginJar : add quadspi
2025-12-17 11:34:43,755 [INFO] IPUIPlugin:80 - create IPUIPlugin
2025-12-17 11:34:43,755 [INFO] PluginManager:220 - loadIPPluginJar : add radio
2025-12-17 11:34:43,758 [INFO] IPUIPlugin:80 - create IPUIPlugin
2025-12-17 11:34:43,758 [INFO] PluginManager:220 - loadIPPluginJar : add resmgrutility
2025-12-17 11:34:43,761 [INFO] IPUIPlugin:80 - create IPUIPlugin
2025-12-17 11:34:43,761 [INFO] PluginManager:220 - loadIPPluginJar : add sai
2025-12-17 11:34:43,763 [INFO] IPUIPlugin:80 - create IPUIPlugin
2025-12-17 11:34:43,763 [INFO] PluginManager:220 - loadIPPluginJar : add spi
2025-12-17 11:34:43,768 [INFO] IPUIPlugin:80 - create IPUIPlugin
2025-12-17 11:34:43,768 [INFO] PluginManager:220 - loadIPPluginJar : add stm32_wpan
2025-12-17 11:34:43,770 [INFO] IPUIPlugin:80 - create IPUIPlugin
2025-12-17 11:34:43,770 [INFO] PluginManager:220 - loadIPPluginJar : add tim
2025-12-17 11:34:43,773 [INFO] IPUIPlugin:80 - create IPUIPlugin
2025-12-17 11:34:43,773 [INFO] PluginManager:220 - loadIPPluginJar : add touchsensing
2025-12-17 11:34:43,774 [INFO] IPUIPlugin:80 - create IPUIPlugin
2025-12-17 11:34:43,774 [INFO] PluginManager:220 - loadIPPluginJar : add tracer_emb
2025-12-17 11:34:43,776 [INFO] IPUIPlugin:80 - create IPUIPlugin
2025-12-17 11:34:43,776 [INFO] PluginManager:220 - loadIPPluginJar : add ts
2025-12-17 11:34:43,777 [INFO] IPUIPlugin:80 - create IPUIPlugin
2025-12-17 11:34:43,777 [INFO] PluginManager:220 - loadIPPluginJar : add tsc
2025-12-17 11:34:43,778 [INFO] IPUIPlugin:80 - create IPUIPlugin
2025-12-17 11:34:43,779 [INFO] PluginManager:220 - loadIPPluginJar : add ucpd
2025-12-17 11:34:43,782 [INFO] IPUIPlugin:80 - create IPUIPlugin
2025-12-17 11:34:43,782 [INFO] PluginManager:220 - loadIPPluginJar : add usart
2025-12-17 11:34:43,784 [INFO] IPUIPlugin:80 - create IPUIPlugin
2025-12-17 11:34:43,784 [INFO] PluginManager:220 - loadIPPluginJar : add usbx
2025-12-17 11:34:43,903 [FATAL] Updater:351 - Updater called before beeing initialized
2025-12-17 11:34:43,922 [INFO] RulesReader:64 - Compatibility file has been processed (317 Rules)
2025-12-17 11:34:43,933 [INFO] RulesReader:64 - Compatibility file has been processed (317 Rules)
2025-12-17 11:34:43,940 [INFO] CADModel:165 - CPN selected for project level
2025-12-17 11:34:43,947 [INFO] CADModel:114 - Register for checkConnection events
2025-12-17 11:34:43,947 [FATAL] Updater:351 - Updater called before beeing initialized
2025-12-17 11:34:43,949 [ERROR] CADModel:125 - Updater not yet initialized, retry later 
2025-12-17 11:34:44,070 [FATAL] Updater:351 - Updater called before beeing initialized
2025-12-17 11:34:44,071 [INFO] CADModel:165 - CPN selected for project level
2025-12-17 11:34:44,071 [INFO] CADModel:114 - Register for checkConnection events
2025-12-17 11:34:44,071 [FATAL] Updater:351 - Updater called before beeing initialized
2025-12-17 11:34:44,071 [ERROR] CADModel:125 - Updater not yet initialized, retry later 
2025-12-17 11:34:44,073 [FATAL] Updater:351 - Updater called before beeing initialized
2025-12-17 11:34:44,164 [FATAL] Updater:351 - Updater called before beeing initialized
2025-12-17 11:34:44,167 [INFO] DbMcusAds:53 - JSON generation date=Tue Dec 16 04:41:46 IST 2025 (1765840306612)
2025-12-17 11:34:44,167 [FATAL] Updater:351 - Updater called before beeing initialized
2025-12-17 11:34:44,192 [WARN] DetailPanel:346 - Failed to get advertising image, set to default
2025-12-17 11:34:44,261 [FATAL] Updater:351 - Updater called before beeing initialized
2025-12-17 11:34:44,262 [FATAL] Updater:351 - Updater called before beeing initialized
2025-12-17 11:34:44,262 [FATAL] Updater:351 - Updater called before beeing initialized
2025-12-17 11:34:44,262 [WARN] DetailPanel:346 - Failed to get advertising image, set to default
2025-12-17 11:34:44,263 [FATAL] Updater:351 - Updater called before beeing initialized
2025-12-17 11:34:44,298 [ERROR] Updater:1198 - MainUpdater not yet initialized. External WinMGr cannot be set.
2025-12-17 11:34:44,300 [INFO] Updater:1134 - Updater Version found : 6.15.0
2025-12-17 11:34:44,313 [INFO] ApplicationProperties:184 - Using Application install path: C:\ST\STM32CubeIDE_1.19.0\STM32CubeIDE\plugins\com.st.stm32cube.common.mx_6.15.0.202507011659
2025-12-17 11:34:45,882 [ERROR] LogOutputStream:75 - [STDERR_REDIRECT] Dec 17, 2025 11:34:45 AM java.util.prefs.WindowsPreferences <init>
2025-12-17 11:34:45,883 [ERROR] LogOutputStream:75 - [STDERR_REDIRECT] WARNING: Could not open/create prefs root node Software\JavaSoft\Prefs at root 0xffffffff80000002. Windows RegCreateKeyEx(...) returned error code 5.
2025-12-17 11:34:45,883 [ERROR] LogOutputStream:75 - [STDERR_REDIRECT] 
2025-12-17 11:34:46,244 [INFO] ThirdPartyUpdaterWithRetryManager:70 - Updater plugin not ready yet. [2/15]
2025-12-17 11:34:46,980 [INFO] MainUpdater:2872 - connection check result : 10
2025-12-17 11:34:46,981 [INFO] MainUpdater:289 - Updater Check For Update Now.
2025-12-17 11:34:46,981 [INFO] MicroXplorer:498 - Change Database Version : DB.6.0.150
2025-12-17 11:34:46,986 [INFO] McuFinderGlobals:63 - Set McuFinder mode to 2 (CubeIDE integrated)
2025-12-17 11:34:46,986 [INFO] UserAuth:171 - activating auth plugin
2025-12-17 11:34:46,989 [INFO] UserAuth:487 - Internet connection configuration mode: 1
2025-12-17 11:34:47,005 [INFO] JxBrowserEngine:152 - Initiate JxBrowser Engine with user profile folder
2025-12-17 11:34:47,148 [INFO] CheckServerUpdateThread:120 - End of CheckServer Thread
2025-12-17 11:34:47,461 [INFO] WebApp:169 - Instantiating new browser for Auth
2025-12-17 11:34:48,021 [INFO] WebApp:463 - Apply proxy settings
2025-12-17 11:34:48,021 [INFO] WebApp:548 - Chromium requires no authentication
2025-12-17 11:34:48,027 [INFO] WebApp:491 - Direct internet connection detected
2025-12-17 11:34:48,043 [INFO] WebApp:900 - Register for checkConnection events
2025-12-17 11:34:48,043 [INFO] WebApp:463 - Apply proxy settings
2025-12-17 11:34:48,043 [INFO] WebApp:548 - Chromium requires no authentication
2025-12-17 11:34:48,044 [INFO] WebApp:491 - Direct internet connection detected
2025-12-17 11:34:48,160 [INFO] WebApp:225 - Starting web application
2025-12-17 11:34:48,160 [INFO] WebApp:593 - Web application path used C:\ST\STM32CubeIDE_1.19.0\STM32CubeIDE\plugins\com.st.stm32cube.common.mx_6.15.0.202507011659\db\plugins\mcufinder\reactClient1\index.html
2025-12-17 11:34:48,333 [INFO] WebApp:191 - Connection restablished
2025-12-17 11:34:48,555 [ERROR] LogOutputStream:75 - [STDERR_REDIRECT] [Fatal Error] :1:1: Premature end of file.
2025-12-17 11:34:48,556 [ERROR] LogOutputStream:75 - [STDERR_REDIRECT] 
2025-12-17 11:34:49,322 [ERROR] LogOutputStream:75 - [STDERR_REDIRECT] [Fatal Error] :1:1: Premature end of file.
2025-12-17 11:34:49,323 [ERROR] LogOutputStream:75 - [STDERR_REDIRECT] 
2025-12-17 11:34:49,450 [WARN] PackLoader:240 - Cannot read IP mode file for STMicroelectronics.FP-SNS-MOTENVWB1.1.4.0
2025-12-17 11:34:49,458 [WARN] PackLoader:240 - Cannot read IP mode file for STMicroelectronics.FP-ATR-ASTRA1.2.0.2
2025-12-17 11:34:49,467 [WARN] PackLoader:240 - Cannot read IP mode file for STMicroelectronics.X-CUBE-SMBUS.2.1.0
2025-12-17 11:34:49,496 [WARN] PackLoader:240 - Cannot read IP mode file for STMicroelectronics.X-CUBE-AZRTOS-F7.1.1.0
2025-12-17 11:34:49,523 [WARN] PackLoader:240 - Cannot read IP mode file for STMicroelectronics.FP-SNS-MOTENV1.5.1.0
2025-12-17 11:34:49,535 [WARN] PackLoader:240 - Cannot read IP mode file for WES.I-CUBE-Cesium.1.4.0
2025-12-17 11:34:49,559 [WARN] PackLoader:240 - Cannot read IP mode file for STMicroelectronics.X-CUBE-AZRTOS-H7.3.4.0
2025-12-17 11:34:49,569 [WARN] PackLoader:240 - Cannot read IP mode file for STMicroelectronics.X-CUBE-DISPLAY.3.0.0
2025-12-17 11:34:49,580 [WARN] PackLoader:240 - Cannot read IP mode file for STMicroelectronics.X-CUBE-NFC10.1.0.0
2025-12-17 11:34:49,586 [WARN] PackLoader:240 - Cannot read IP mode file for STMicroelectronics.X-CUBE-ST60.1.1.0
2025-12-17 11:34:49,593 [WARN] PackLoader:240 - Cannot read IP mode file for emotas.I-CUBE-CANOPEN.1.3.0
2025-12-17 11:34:49,599 [WARN] PackLoader:240 - Cannot read IP mode file for STMicroelectronics.X-CUBE-GNSS1.7.1.0
2025-12-17 11:34:49,605 [WARN] PackLoader:240 - Cannot read IP mode file for STMicroelectronics.FP-SNS-STBOX1.2.1.0
2025-12-17 11:34:49,613 [WARN] PackLoader:240 - Cannot read IP mode file for STMicroelectronics.FP-SNS-SMARTAG2.1.2.0
2025-12-17 11:34:49,617 [WARN] PackLoader:240 - Cannot read IP mode file for STMicroelectronics.FP-SNS-FLIGHT1.5.1.0
2025-12-17 11:34:49,626 [INFO] LogOutputStream:77 - [STDOUT_REDIRECT] 1 : Invalid condition id : UX_CORESTACK_Condition cause : null
2025-12-17 11:34:49,627 [INFO] LogOutputStream:77 - [STDOUT_REDIRECT] 1 : Invalid condition id : UX_CORESTACK_Condition cause : null
2025-12-17 11:34:49,628 [INFO] LogOutputStream:77 - [STDOUT_REDIRECT] 1 : Invalid condition id : UX_CORESTACK_Condition cause : null
2025-12-17 11:34:49,628 [INFO] LogOutputStream:77 - [STDOUT_REDIRECT] 1 : Invalid condition id : UX_CORESTACK_Condition cause : null
2025-12-17 11:34:49,629 [INFO] LogOutputStream:77 - [STDOUT_REDIRECT] 1 : Invalid condition id : UX_CORESTACK_Condition cause : null
2025-12-17 11:34:49,632 [WARN] PackLoader:240 - Cannot read IP mode file for STMicroelectronics.X-CUBE-AZRTOS-WL.2.0.0
2025-12-17 11:34:49,649 [WARN] PackLoader:240 - Cannot read IP mode file for STMicroelectronics.X-CUBE-AZRTOS-H7RS.1.2.0
2025-12-17 11:34:49,657 [WARN] PackLoader:240 - Cannot read IP mode file for STMicroelectronics.X-CUBE-BLE2.3.3.0
2025-12-17 11:34:49,672 [WARN] PackLoader:240 - Cannot read IP mode file for Infineon.AIROC-Wi-Fi-Bluetooth-STM32.1.8.0
2025-12-17 11:34:49,682 [WARN] PackLoader:240 - Cannot read IP mode file for STMicroelectronics.X-CUBE-NFC9.1.0.0
2025-12-17 11:34:49,688 [WARN] PackLoader:240 - Cannot read IP mode file for wolfSSL.I-CUBE-wolfSSL.5.8.2
2025-12-17 11:34:49,694 [WARN] PackLoader:240 - Cannot read IP mode file for STMicroelectronics.X-CUBE-BLE1.7.1.0
2025-12-17 11:34:49,698 [WARN] PackLoader:240 - Cannot read IP mode file for wolfSSL.I-CUBE-wolfMQTT.1.19.2
2025-12-17 11:34:49,704 [WARN] PackLoader:240 - Cannot read IP mode file for STMicroelectronics.X-CUBE-FREERTOS.1.4.0
2025-12-17 11:34:49,711 [WARN] PackLoader:240 - Cannot read IP mode file for STMicroelectronics.X-CUBE-EEPRMA1.5.2.0
2025-12-17 11:34:49,716 [WARN] PackLoader:240 - Cannot read IP mode file for Cesanta.I-CUBE-Mongoose.7.20.0
2025-12-17 11:34:49,722 [WARN] PackLoader:240 - Cannot read IP mode file for STMicroelectronics.X-CUBE-ST67W61.1.1.0
2025-12-17 11:34:49,752 [WARN] PackLoader:240 - Cannot read IP mode file for STMicroelectronics.X-CUBE-MEMS1.12.0.0
2025-12-17 11:34:49,887 [WARN] PackLoader:240 - Cannot read IP mode file for STMicroelectronics.X-CUBE-AZRTOS-G0.1.1.0
2025-12-17 11:34:49,932 [WARN] PackLoader:240 - Cannot read IP mode file for STMicroelectronics.X-CUBE-NFC4.3.0.0
2025-12-17 11:34:49,945 [WARN] PackLoader:240 - Cannot read IP mode file for EmbeddedOffice.I-CUBE-FS-RTOS.1.0.1
2025-12-17 11:34:49,953 [WARN] PackLoader:240 - Cannot read IP mode file for STMicroelectronics.X-CUBE-WB05N.2.0.0
2025-12-17 11:34:49,959 [WARN] PackLoader:240 - Cannot read IP mode file for wolfSSL.I-CUBE-wolfTPM.3.8.0
2025-12-17 11:34:49,968 [WARN] PackLoader:240 - Cannot read IP mode file for STMicroelectronics.X-CUBE-TCPP.4.2.0
2025-12-17 11:34:49,975 [WARN] PackLoader:240 - Cannot read IP mode file for RealThread.X-CUBE-RT-Thread_Nano.4.1.1
2025-12-17 11:34:49,981 [WARN] PackLoader:240 - Cannot read IP mode file for STMicroelectronics.FP-ATR-SIGFOX1.3.2.0
2025-12-17 11:34:49,988 [WARN] PackLoader:240 - Cannot read IP mode file for ITTIA_DB.I-CUBE-ITTIADB.8.9.0
2025-12-17 11:34:49,995 [WARN] PackLoader:240 - Cannot read IP mode file for STMicroelectronics.X-CUBE-AI.10.2.0
2025-12-17 11:34:50,026 [WARN] PackLoader:240 - Cannot read IP mode file for SEGGER.I-CUBE-embOS.1.3.1
2025-12-17 11:34:50,072 [WARN] PackLoader:240 - Cannot read IP mode file for STMicroelectronics.X-CUBE-ALGOBUILD.1.4.0
2025-12-17 11:34:50,079 [WARN] PackLoader:240 - Cannot read IP mode file for STMicroelectronics.X-CUBE-PM33A1.1.0.0
2025-12-17 11:34:50,094 [WARN] PackLoader:240 - Cannot read IP mode file for STMicroelectronics.X-CUBE-AZRTOS-F4.1.1.0
2025-12-17 11:34:50,101 [WARN] PackLoader:240 - Cannot read IP mode file for STMicroelectronics.X-CUBE-ISPU.2.1.0
2025-12-17 11:34:50,112 [WARN] PackLoader:240 - Cannot read IP mode file for STMicroelectronics.X-CUBE-IPS.3.2.0
2025-12-17 11:34:50,131 [WARN] PackLoader:240 - Cannot read IP mode file for STMicroelectronics.X-CUBE-NFC12.1.0.0
2025-12-17 11:34:50,144 [WARN] PackLoader:240 - Cannot read IP mode file for STMicroelectronics.X-CUBE-AZRTOS-L5.2.0.0
2025-12-17 11:34:50,152 [WARN] PackLoader:240 - Cannot read IP mode file for STMicroelectronics.X-CUBE-NFC6.3.1.0
2025-12-17 11:34:50,158 [WARN] PackLoader:240 - Cannot read IP mode file for STMicroelectronics.X-CUBE-TOUCHGFX.4.26.0
2025-12-17 11:34:50,163 [WARN] PackLoader:240 - Cannot read IP mode file for STMicroelectronics.FP-SNS-STAIOTCFT.1.0.0
2025-12-17 11:34:50,168 [WARN] PackLoader:240 - Cannot read IP mode file for STMicroelectronics.X-CUBE-DPower.1.3.0
2025-12-17 11:34:50,179 [WARN] ConditionMgr:438 - getConditionDescription Invalid condition id : LAN8742 Phy interface Condition cause : null
2025-12-17 11:34:50,179 [WARN] PackLoader:240 - Cannot read IP mode file for STMicroelectronics.X-CUBE-AZRTOS-L4.2.0.0
2025-12-17 11:34:50,181 [WARN] ConditionMgr:1044 - genDependencies : Invalid condition id : LAN8742 Phy interface Condition cause : null
2025-12-17 11:34:50,182 [WARN] ConditionMgr:1044 - genDependencies : Invalid condition id : LAN8742 Phy interface Condition cause : null
2025-12-17 11:34:50,182 [WARN] ConditionMgr:1044 - genDependencies : Invalid condition id : LAN8742 Phy interface Condition cause : null
2025-12-17 11:34:50,188 [WARN] PackLoader:240 - Cannot read IP mode file for STMicroelectronics.X-CUBE-SFXS2LP1.4.0.0
2025-12-17 11:34:50,197 [WARN] PackLoader:240 - Cannot read IP mode file for STMicroelectronics.X-CUBE-BLEMGR.4.1.0
2025-12-17 11:34:50,209 [WARN] ConditionMgr:438 - getConditionDescription Invalid condition id : UX DEVICE CLASS RTOS Condition cause : null
2025-12-17 11:34:50,209 [WARN] ConditionMgr:438 - getConditionDescription Invalid condition id : UX DEVICE CLASS RTOS Condition cause : null
2025-12-17 11:34:50,210 [WARN] PackLoader:240 - Cannot read IP mode file for STMicroelectronics.X-CUBE-AZRTOS-WB.2.0.0
2025-12-17 11:34:50,210 [WARN] ConditionMgr:1044 - genDependencies : Invalid condition id : UX DEVICE CLASS RTOS Condition cause : null
2025-12-17 11:34:50,210 [WARN] ConditionMgr:1044 - genDependencies : Invalid condition id : UX DEVICE CLASS RTOS Condition cause : null
2025-12-17 11:34:50,210 [WARN] ConditionMgr:1044 - genDependencies : Invalid condition id : UX DEVICE CLASS RTOS Condition cause : null
2025-12-17 11:34:50,211 [WARN] ConditionMgr:1044 - genDependencies : Invalid condition id : UX DEVICE CLASS RTOS Condition cause : null
2025-12-17 11:34:50,211 [WARN] ConditionMgr:1044 - genDependencies : Invalid condition id : UX DEVICE CLASS RTOS Condition cause : null
2025-12-17 11:34:50,217 [WARN] ConditionMgr:438 - getConditionDescription Invalid condition id : Cortex-A Device cause : null
2025-12-17 11:34:50,234 [WARN] ConditionMgr:1044 - genDependencies : Invalid condition id : Cortex-A Device cause : null
2025-12-17 11:34:50,234 [WARN] ConditionMgr:1044 - genDependencies : Invalid condition id : Cortex-A Device cause : null
2025-12-17 11:34:50,234 [WARN] ConditionMgr:1044 - genDependencies : Invalid condition id : Cortex-A Device cause : null
2025-12-17 11:34:50,242 [WARN] PackLoader:240 - Cannot read IP mode file for STMicroelectronics.X-CUBE-SUBG2.5.0.0
2025-12-17 11:34:50,254 [WARN] PackLoader:240 - Cannot read IP mode file for STMicroelectronics.X-CUBE-AZRTOS-G4.2.0.0
2025-12-17 11:34:50,260 [WARN] PackLoader:240 - Cannot read IP mode file for wolfSSL.I-CUBE-wolfSSH.1.4.20
2025-12-17 11:34:50,264 [WARN] PackLoader:240 - Cannot read IP mode file for STMicroelectronics.X-CUBE-NFC7.2.0.0
2025-12-17 11:34:50,269 [WARN] PackLoader:240 - Cannot read IP mode file for STMicroelectronics.X-CUBE-ALS.1.0.2
2025-12-17 11:34:50,274 [WARN] PackLoader:240 - Cannot read IP mode file for STMicroelectronics.X-CUBE-STSE01.1.0.0
2025-12-17 11:34:50,283 [WARN] PackLoader:240 - Cannot read IP mode file for STMicroelectronics.X-CUBE-TOF1.3.4.3
2025-12-17 11:34:50,290 [INFO] ThirdParty:978 - Integrity check success = true
2025-12-17 11:34:50,290 [INFO] IntegrityCheckThread:100 - exiting critical section [integrity check]
2025-12-17 11:34:50,290 [INFO] IntegrityCheckThread:103 - End integrity checks thread
2025-12-17 11:34:50,323 [ERROR] LogOutputStream:75 - [STDERR_REDIRECT] [Fatal Error] :1:1: Premature end of file.
2025-12-17 11:34:50,324 [ERROR] LogOutputStream:75 - [STDERR_REDIRECT] 
2025-12-17 11:34:51,313 [ERROR] LogOutputStream:75 - [STDERR_REDIRECT] [Fatal Error] :1:1: Premature end of file.
2025-12-17 11:34:51,313 [ERROR] LogOutputStream:75 - [STDERR_REDIRECT] 
2025-12-17 11:34:52,309 [ERROR] LogOutputStream:75 - [STDERR_REDIRECT] [Fatal Error] :1:1: Premature end of file.
2025-12-17 11:34:52,309 [ERROR] LogOutputStream:75 - [STDERR_REDIRECT] 
2025-12-17 11:34:53,309 [ERROR] LogOutputStream:75 - [STDERR_REDIRECT] [Fatal Error] :1:1: Premature end of file.
2025-12-17 11:34:53,309 [ERROR] LogOutputStream:75 - [STDERR_REDIRECT] 
2025-12-17 11:34:54,308 [ERROR] LogOutputStream:75 - [STDERR_REDIRECT] [Fatal Error] :1:1: Premature end of file.
2025-12-17 11:34:54,308 [ERROR] LogOutputStream:75 - [STDERR_REDIRECT] 
2025-12-17 11:34:55,309 [ERROR] LogOutputStream:75 - [STDERR_REDIRECT] [Fatal Error] :1:1: Premature end of file.
2025-12-17 11:34:55,309 [ERROR] LogOutputStream:75 - [STDERR_REDIRECT] 
2025-12-17 11:34:56,308 [ERROR] LogOutputStream:75 - [STDERR_REDIRECT] [Fatal Error] :1:1: Premature end of file.
2025-12-17 11:34:56,308 [ERROR] LogOutputStream:75 - [STDERR_REDIRECT] 
2025-12-17 11:34:57,308 [ERROR] LogOutputStream:75 - [STDERR_REDIRECT] [Fatal Error] :1:1: Premature end of file.
2025-12-17 11:34:57,308 [ERROR] LogOutputStream:75 - [STDERR_REDIRECT] 
2025-12-17 11:34:58,309 [ERROR] LogOutputStream:75 - [STDERR_REDIRECT] [Fatal Error] :1:1: Premature end of file.
2025-12-17 11:34:58,309 [ERROR] LogOutputStream:75 - [STDERR_REDIRECT] 
2025-12-17 11:34:59,309 [ERROR] LogOutputStream:75 - [STDERR_REDIRECT] [Fatal Error] :1:1: Premature end of file.
2025-12-17 11:34:59,309 [ERROR] LogOutputStream:75 - [STDERR_REDIRECT] 
2025-12-17 11:35:00,307 [ERROR] LogOutputStream:75 - [STDERR_REDIRECT] [Fatal Error] :1:1: Premature end of file.
2025-12-17 11:35:00,308 [ERROR] LogOutputStream:75 - [STDERR_REDIRECT] 
2025-12-17 11:35:01,309 [ERROR] LogOutputStream:75 - [STDERR_REDIRECT] [Fatal Error] :1:1: Premature end of file.
2025-12-17 11:35:01,309 [ERROR] LogOutputStream:75 - [STDERR_REDIRECT] 
2025-12-17 11:35:02,308 [ERROR] LogOutputStream:75 - [STDERR_REDIRECT] [Fatal Error] :1:1: Premature end of file.
2025-12-17 11:35:02,308 [ERROR] LogOutputStream:75 - [STDERR_REDIRECT] 
2025-12-17 11:35:03,310 [ERROR] LogOutputStream:75 - [STDERR_REDIRECT] [Fatal Error] :1:1: Premature end of file.
2025-12-17 11:35:03,310 [ERROR] LogOutputStream:75 - [STDERR_REDIRECT] 
2025-12-17 11:35:04,307 [ERROR] LogOutputStream:75 - [STDERR_REDIRECT] [Fatal Error] :1:1: Premature end of file.
2025-12-17 11:35:04,307 [ERROR] LogOutputStream:75 - [STDERR_REDIRECT] 
2025-12-17 11:35:05,309 [ERROR] LogOutputStream:75 - [STDERR_REDIRECT] [Fatal Error] :1:1: Premature end of file.
2025-12-17 11:35:05,309 [ERROR] LogOutputStream:75 - [STDERR_REDIRECT] 
2025-12-17 11:35:06,308 [ERROR] LogOutputStream:75 - [STDERR_REDIRECT] [Fatal Error] :1:1: Premature end of file.
2025-12-17 11:35:06,308 [ERROR] LogOutputStream:75 - [STDERR_REDIRECT] 
2025-12-17 11:35:07,310 [ERROR] LogOutputStream:75 - [STDERR_REDIRECT] [Fatal Error] :1:1: Premature end of file.
2025-12-17 11:35:07,310 [ERROR] LogOutputStream:75 - [STDERR_REDIRECT] 
2025-12-17 11:35:08,309 [ERROR] LogOutputStream:75 - [STDERR_REDIRECT] [Fatal Error] :1:1: Premature end of file.
2025-12-17 11:35:08,309 [ERROR] LogOutputStream:75 - [STDERR_REDIRECT] 
2025-12-17 11:35:09,310 [ERROR] LogOutputStream:75 - [STDERR_REDIRECT] [Fatal Error] :1:1: Premature end of file.
2025-12-17 11:35:09,310 [ERROR] LogOutputStream:75 - [STDERR_REDIRECT] 
2025-12-17 11:35:10,308 [ERROR] LogOutputStream:75 - [STDERR_REDIRECT] [Fatal Error] :1:1: Premature end of file.
2025-12-17 11:35:10,308 [ERROR] LogOutputStream:75 - [STDERR_REDIRECT] 
2025-12-17 11:35:11,310 [ERROR] LogOutputStream:75 - [STDERR_REDIRECT] [Fatal Error] :1:1: Premature end of file.
2025-12-17 11:35:11,310 [ERROR] LogOutputStream:75 - [STDERR_REDIRECT] 
2025-12-17 11:35:12,324 [ERROR] LogOutputStream:75 - [STDERR_REDIRECT] [Fatal Error] :1:1: Premature end of file.
2025-12-17 11:35:12,325 [ERROR] LogOutputStream:75 - [STDERR_REDIRECT] 
2025-12-17 11:35:13,318 [ERROR] LogOutputStream:75 - [STDERR_REDIRECT] [Fatal Error] :1:1: Premature end of file.
2025-12-17 11:35:13,318 [ERROR] LogOutputStream:75 - [STDERR_REDIRECT] 
2025-12-17 11:35:14,328 [ERROR] LogOutputStream:75 - [STDERR_REDIRECT] [Fatal Error] :1:1: Premature end of file.
2025-12-17 11:35:14,328 [ERROR] LogOutputStream:75 - [STDERR_REDIRECT] 
2025-12-17 11:35:15,319 [ERROR] LogOutputStream:75 - [STDERR_REDIRECT] [Fatal Error] :1:1: Premature end of file.
2025-12-17 11:35:15,319 [ERROR] LogOutputStream:75 - [STDERR_REDIRECT] 
2025-12-17 11:35:16,326 [ERROR] LogOutputStream:75 - [STDERR_REDIRECT] [Fatal Error] :1:1: Premature end of file.
2025-12-17 11:35:16,326 [ERROR] LogOutputStream:75 - [STDERR_REDIRECT] 
2025-12-17 11:35:17,328 [ERROR] LogOutputStream:75 - [STDERR_REDIRECT] [Fatal Error] :1:1: Premature end of file.
2025-12-17 11:35:17,328 [ERROR] LogOutputStream:75 - [STDERR_REDIRECT] 
2025-12-17 11:35:18,333 [ERROR] LogOutputStream:75 - [STDERR_REDIRECT] [Fatal Error] :1:1: Premature end of file.
2025-12-17 11:35:18,333 [ERROR] LogOutputStream:75 - [STDERR_REDIRECT] 
2025-12-17 11:35:19,328 [ERROR] LogOutputStream:75 - [STDERR_REDIRECT] [Fatal Error] :1:1: Premature end of file.
2025-12-17 11:35:19,329 [ERROR] LogOutputStream:75 - [STDERR_REDIRECT] 
2025-12-17 11:35:20,308 [ERROR] LogOutputStream:75 - [STDERR_REDIRECT] [Fatal Error] :1:1: Premature end of file.
2025-12-17 11:35:20,309 [ERROR] LogOutputStream:75 - [STDERR_REDIRECT] 
2025-12-17 11:35:21,309 [ERROR] LogOutputStream:75 - [STDERR_REDIRECT] [Fatal Error] :1:1: Premature end of file.
2025-12-17 11:35:21,309 [ERROR] LogOutputStream:75 - [STDERR_REDIRECT] 
2025-12-17 11:35:22,309 [ERROR] LogOutputStream:75 - [STDERR_REDIRECT] [Fatal Error] :1:1: Premature end of file.
2025-12-17 11:35:22,309 [ERROR] LogOutputStream:75 - [STDERR_REDIRECT] 
2025-12-17 11:35:23,309 [ERROR] LogOutputStream:75 - [STDERR_REDIRECT] [Fatal Error] :1:1: Premature end of file.
2025-12-17 11:35:23,310 [ERROR] LogOutputStream:75 - [STDERR_REDIRECT] 
2025-12-17 11:35:24,309 [ERROR] LogOutputStream:75 - [STDERR_REDIRECT] [Fatal Error] :1:1: Premature end of file.
2025-12-17 11:35:24,309 [ERROR] LogOutputStream:75 - [STDERR_REDIRECT] 
2025-12-17 11:35:25,308 [ERROR] LogOutputStream:75 - [STDERR_REDIRECT] [Fatal Error] :1:1: Premature end of file.
2025-12-17 11:35:25,308 [ERROR] LogOutputStream:75 - [STDERR_REDIRECT] 
2025-12-17 11:35:26,308 [ERROR] LogOutputStream:75 - [STDERR_REDIRECT] [Fatal Error] :1:1: Premature end of file.
2025-12-17 11:35:26,308 [ERROR] LogOutputStream:75 - [STDERR_REDIRECT] 
2025-12-17 11:35:27,307 [ERROR] LogOutputStream:75 - [STDERR_REDIRECT] [Fatal Error] :1:1: Premature end of file.
2025-12-17 11:35:27,307 [ERROR] LogOutputStream:75 - [STDERR_REDIRECT] 
2025-12-17 11:35:28,309 [ERROR] LogOutputStream:75 - [STDERR_REDIRECT] [Fatal Error] :1:1: Premature end of file.
2025-12-17 11:35:28,309 [ERROR] LogOutputStream:75 - [STDERR_REDIRECT] 
2025-12-17 11:35:29,308 [ERROR] LogOutputStream:75 - [STDERR_REDIRECT] [Fatal Error] :1:1: Premature end of file.
2025-12-17 11:35:29,308 [ERROR] LogOutputStream:75 - [STDERR_REDIRECT] 
2025-12-17 11:35:30,315 [ERROR] LogOutputStream:75 - [STDERR_REDIRECT] [Fatal Error] :1:1: Premature end of file.
2025-12-17 11:35:30,315 [ERROR] LogOutputStream:75 - [STDERR_REDIRECT] 
2025-12-17 11:35:31,311 [ERROR] LogOutputStream:75 - [STDERR_REDIRECT] [Fatal Error] :1:1: Premature end of file.
2025-12-17 11:35:31,311 [ERROR] LogOutputStream:75 - [STDERR_REDIRECT] 
2025-12-17 11:35:32,308 [ERROR] LogOutputStream:75 - [STDERR_REDIRECT] [Fatal Error] :1:1: Premature end of file.
2025-12-17 11:35:32,308 [ERROR] LogOutputStream:75 - [STDERR_REDIRECT] 
2025-12-17 11:35:33,307 [ERROR] LogOutputStream:75 - [STDERR_REDIRECT] [Fatal Error] :1:1: Premature end of file.
2025-12-17 11:35:33,307 [ERROR] LogOutputStream:75 - [STDERR_REDIRECT] 
2025-12-17 11:35:34,307 [ERROR] LogOutputStream:75 - [STDERR_REDIRECT] [Fatal Error] :1:1: Premature end of file.
2025-12-17 11:35:34,307 [ERROR] LogOutputStream:75 - [STDERR_REDIRECT] 
2025-12-17 11:35:35,314 [ERROR] LogOutputStream:75 - [STDERR_REDIRECT] [Fatal Error] :1:1: Premature end of file.
2025-12-17 11:35:35,314 [ERROR] LogOutputStream:75 - [STDERR_REDIRECT] 
2025-12-17 11:35:36,309 [ERROR] LogOutputStream:75 - [STDERR_REDIRECT] [Fatal Error] :1:1: Premature end of file.
2025-12-17 11:35:36,309 [ERROR] LogOutputStream:75 - [STDERR_REDIRECT] 
2025-12-17 11:35:37,308 [ERROR] LogOutputStream:75 - [STDERR_REDIRECT] [Fatal Error] :1:1: Premature end of file.
2025-12-17 11:35:37,308 [ERROR] LogOutputStream:75 - [STDERR_REDIRECT] 
2025-12-17 11:35:38,307 [ERROR] LogOutputStream:75 - [STDERR_REDIRECT] [Fatal Error] :1:1: Premature end of file.
2025-12-17 11:35:38,309 [ERROR] LogOutputStream:75 - [STDERR_REDIRECT] 
2025-12-17 11:35:39,310 [ERROR] LogOutputStream:75 - [STDERR_REDIRECT] [Fatal Error] :1:1: Premature end of file.
2025-12-17 11:35:39,310 [ERROR] LogOutputStream:75 - [STDERR_REDIRECT] 
2025-12-17 11:35:40,310 [ERROR] LogOutputStream:75 - [STDERR_REDIRECT] [Fatal Error] :1:1: Premature end of file.
2025-12-17 11:35:40,310 [ERROR] LogOutputStream:75 - [STDERR_REDIRECT] 
2025-12-17 11:35:41,308 [ERROR] LogOutputStream:75 - [STDERR_REDIRECT] [Fatal Error] :1:1: Premature end of file.
2025-12-17 11:35:41,308 [ERROR] LogOutputStream:75 - [STDERR_REDIRECT] 
2025-12-17 11:35:42,314 [ERROR] LogOutputStream:75 - [STDERR_REDIRECT] [Fatal Error] :1:1: Premature end of file.
2025-12-17 11:35:42,315 [ERROR] LogOutputStream:75 - [STDERR_REDIRECT] 
2025-12-17 11:35:43,309 [ERROR] LogOutputStream:75 - [STDERR_REDIRECT] [Fatal Error] :1:1: Premature end of file.
2025-12-17 11:35:43,310 [ERROR] LogOutputStream:75 - [STDERR_REDIRECT] 
2025-12-17 11:35:44,309 [ERROR] LogOutputStream:75 - [STDERR_REDIRECT] [Fatal Error] :1:1: Premature end of file.
2025-12-17 11:35:44,309 [ERROR] LogOutputStream:75 - [STDERR_REDIRECT] 
2025-12-17 11:35:45,309 [ERROR] LogOutputStream:75 - [STDERR_REDIRECT] [Fatal Error] :1:1: Premature end of file.
2025-12-17 11:35:45,309 [ERROR] LogOutputStream:75 - [STDERR_REDIRECT] 
2025-12-17 11:35:46,309 [ERROR] LogOutputStream:75 - [STDERR_REDIRECT] [Fatal Error] :1:1: Premature end of file.
2025-12-17 11:35:46,309 [ERROR] LogOutputStream:75 - [STDERR_REDIRECT] 
2025-12-17 11:35:47,323 [ERROR] LogOutputStream:75 - [STDERR_REDIRECT] [Fatal Error] :1:1: Premature end of file.
2025-12-17 11:35:47,323 [ERROR] LogOutputStream:75 - [STDERR_REDIRECT] 
2025-12-17 11:35:48,309 [ERROR] LogOutputStream:75 - [STDERR_REDIRECT] [Fatal Error] :1:1: Premature end of file.
2025-12-17 11:35:48,309 [ERROR] LogOutputStream:75 - [STDERR_REDIRECT] 
2025-12-17 11:35:49,309 [ERROR] LogOutputStream:75 - [STDERR_REDIRECT] [Fatal Error] :1:1: Premature end of file.
2025-12-17 11:35:49,310 [ERROR] LogOutputStream:75 - [STDERR_REDIRECT] 
2025-12-17 11:35:50,315 [ERROR] LogOutputStream:75 - [STDERR_REDIRECT] [Fatal Error] :1:1: Premature end of file.
2025-12-17 11:35:50,316 [ERROR] LogOutputStream:75 - [STDERR_REDIRECT] 
2025-12-17 11:35:51,308 [ERROR] LogOutputStream:75 - [STDERR_REDIRECT] [Fatal Error] :1:1: Premature end of file.
2025-12-17 11:35:51,308 [ERROR] LogOutputStream:75 - [STDERR_REDIRECT] 
2025-12-17 11:35:52,309 [ERROR] LogOutputStream:75 - [STDERR_REDIRECT] [Fatal Error] :1:1: Premature end of file.
2025-12-17 11:35:52,309 [ERROR] LogOutputStream:75 - [STDERR_REDIRECT] 
2025-12-17 11:35:53,310 [ERROR] LogOutputStream:75 - [STDERR_REDIRECT] [Fatal Error] :1:1: Premature end of file.
2025-12-17 11:35:53,310 [ERROR] LogOutputStream:75 - [STDERR_REDIRECT] 
2025-12-17 11:35:54,307 [ERROR] LogOutputStream:75 - [STDERR_REDIRECT] [Fatal Error] :1:1: Premature end of file.
2025-12-17 11:35:54,307 [ERROR] LogOutputStream:75 - [STDERR_REDIRECT] 
2025-12-17 11:35:55,310 [ERROR] LogOutputStream:75 - [STDERR_REDIRECT] [Fatal Error] :1:1: Premature end of file.
2025-12-17 11:35:55,310 [ERROR] LogOutputStream:75 - [STDERR_REDIRECT] 
2025-12-17 11:35:56,308 [ERROR] LogOutputStream:75 - [STDERR_REDIRECT] [Fatal Error] :1:1: Premature end of file.
2025-12-17 11:35:56,308 [ERROR] LogOutputStream:75 - [STDERR_REDIRECT] 
2025-12-17 11:35:57,309 [ERROR] LogOutputStream:75 - [STDERR_REDIRECT] [Fatal Error] :1:1: Premature end of file.
2025-12-17 11:35:57,309 [ERROR] LogOutputStream:75 - [STDERR_REDIRECT] 
2025-12-17 11:35:58,309 [ERROR] LogOutputStream:75 - [STDERR_REDIRECT] [Fatal Error] :1:1: Premature end of file.
2025-12-17 11:35:58,309 [ERROR] LogOutputStream:75 - [STDERR_REDIRECT] 
2025-12-17 11:35:59,307 [ERROR] LogOutputStream:75 - [STDERR_REDIRECT] [Fatal Error] :1:1: Premature end of file.
2025-12-17 11:35:59,307 [ERROR] LogOutputStream:75 - [STDERR_REDIRECT] 
2025-12-17 11:36:00,308 [ERROR] LogOutputStream:75 - [STDERR_REDIRECT] [Fatal Error] :1:1: Premature end of file.
2025-12-17 11:36:00,308 [ERROR] LogOutputStream:75 - [STDERR_REDIRECT] 
2025-12-17 11:36:01,308 [ERROR] LogOutputStream:75 - [STDERR_REDIRECT] [Fatal Error] :1:1: Premature end of file.
2025-12-17 11:36:01,308 [ERROR] LogOutputStream:75 - [STDERR_REDIRECT] 
2025-12-17 11:36:02,310 [ERROR] LogOutputStream:75 - [STDERR_REDIRECT] [Fatal Error] :1:1: Premature end of file.
2025-12-17 11:36:02,310 [ERROR] LogOutputStream:75 - [STDERR_REDIRECT] 
2025-12-17 11:36:03,309 [ERROR] LogOutputStream:75 - [STDERR_REDIRECT] [Fatal Error] :1:1: Premature end of file.
2025-12-17 11:36:03,309 [ERROR] LogOutputStream:75 - [STDERR_REDIRECT] 
2025-12-17 11:36:04,310 [ERROR] LogOutputStream:75 - [STDERR_REDIRECT] [Fatal Error] :1:1: Premature end of file.
2025-12-17 11:36:04,310 [ERROR] LogOutputStream:75 - [STDERR_REDIRECT] 
2025-12-17 11:36:05,308 [ERROR] LogOutputStream:75 - [STDERR_REDIRECT] [Fatal Error] :1:1: Premature end of file.
2025-12-17 11:36:05,308 [ERROR] LogOutputStream:75 - [STDERR_REDIRECT] 
2025-12-17 11:36:06,309 [ERROR] LogOutputStream:75 - [STDERR_REDIRECT] [Fatal Error] :1:1: Premature end of file.
2025-12-17 11:36:06,310 [ERROR] LogOutputStream:75 - [STDERR_REDIRECT] 
2025-12-17 11:36:07,314 [ERROR] LogOutputStream:75 - [STDERR_REDIRECT] [Fatal Error] :1:1: Premature end of file.
2025-12-17 11:36:07,316 [ERROR] LogOutputStream:75 - [STDERR_REDIRECT] 
2025-12-17 11:36:08,323 [ERROR] LogOutputStream:75 - [STDERR_REDIRECT] [Fatal Error] :1:1: Premature end of file.
2025-12-17 11:36:08,324 [ERROR] LogOutputStream:75 - [STDERR_REDIRECT] 
2025-12-17 11:36:09,311 [ERROR] LogOutputStream:75 - [STDERR_REDIRECT] [Fatal Error] :1:1: Premature end of file.
2025-12-17 11:36:09,311 [ERROR] LogOutputStream:75 - [STDERR_REDIRECT] 
2025-12-17 11:36:10,310 [ERROR] LogOutputStream:75 - [STDERR_REDIRECT] [Fatal Error] :1:1: Premature end of file.
2025-12-17 11:36:10,311 [ERROR] LogOutputStream:75 - [STDERR_REDIRECT] 
2025-12-17 11:36:11,309 [ERROR] LogOutputStream:75 - [STDERR_REDIRECT] [Fatal Error] :1:1: Premature end of file.
2025-12-17 11:36:11,310 [ERROR] LogOutputStream:75 - [STDERR_REDIRECT] 
2025-12-17 11:36:12,309 [ERROR] LogOutputStream:75 - [STDERR_REDIRECT] [Fatal Error] :1:1: Premature end of file.
2025-12-17 11:36:12,309 [ERROR] LogOutputStream:75 - [STDERR_REDIRECT] 
2025-12-17 11:36:13,320 [ERROR] LogOutputStream:75 - [STDERR_REDIRECT] [Fatal Error] :1:1: Premature end of file.
2025-12-17 11:36:13,320 [ERROR] LogOutputStream:75 - [STDERR_REDIRECT] 
2025-12-17 11:36:14,311 [ERROR] LogOutputStream:75 - [STDERR_REDIRECT] [Fatal Error] :1:1: Premature end of file.
2025-12-17 11:36:14,311 [ERROR] LogOutputStream:75 - [STDERR_REDIRECT] 
2025-12-17 11:36:15,307 [ERROR] LogOutputStream:75 - [STDERR_REDIRECT] [Fatal Error] :1:1: Premature end of file.
2025-12-17 11:36:15,308 [ERROR] LogOutputStream:75 - [STDERR_REDIRECT] 
2025-12-17 11:36:16,309 [ERROR] LogOutputStream:75 - [STDERR_REDIRECT] [Fatal Error] :1:1: Premature end of file.
2025-12-17 11:36:16,309 [ERROR] LogOutputStream:75 - [STDERR_REDIRECT] 
2025-12-17 11:36:17,310 [ERROR] LogOutputStream:75 - [STDERR_REDIRECT] [Fatal Error] :1:1: Premature end of file.
2025-12-17 11:36:17,310 [ERROR] LogOutputStream:75 - [STDERR_REDIRECT] 
2025-12-17 11:36:18,308 [ERROR] LogOutputStream:75 - [STDERR_REDIRECT] [Fatal Error] :1:1: Premature end of file.
2025-12-17 11:36:18,308 [ERROR] LogOutputStream:75 - [STDERR_REDIRECT] 
2025-12-17 11:36:19,307 [ERROR] LogOutputStream:75 - [STDERR_REDIRECT] [Fatal Error] :1:1: Premature end of file.
2025-12-17 11:36:19,307 [ERROR] LogOutputStream:75 - [STDERR_REDIRECT] 
2025-12-17 11:36:20,313 [ERROR] LogOutputStream:75 - [STDERR_REDIRECT] [Fatal Error] :1:1: Premature end of file.
2025-12-17 11:36:20,313 [ERROR] LogOutputStream:75 - [STDERR_REDIRECT] 
2025-12-17 11:36:21,307 [ERROR] LogOutputStream:75 - [STDERR_REDIRECT] [Fatal Error] :1:1: Premature end of file.
2025-12-17 11:36:21,307 [ERROR] LogOutputStream:75 - [STDERR_REDIRECT] 
2025-12-17 11:36:22,309 [ERROR] LogOutputStream:75 - [STDERR_REDIRECT] [Fatal Error] :1:1: Premature end of file.
2025-12-17 11:36:22,309 [ERROR] LogOutputStream:75 - [STDERR_REDIRECT] 
2025-12-17 11:36:23,309 [ERROR] LogOutputStream:75 - [STDERR_REDIRECT] [Fatal Error] :1:1: Premature end of file.
2025-12-17 11:36:23,309 [ERROR] LogOutputStream:75 - [STDERR_REDIRECT] 
2025-12-17 11:36:24,307 [ERROR] LogOutputStream:75 - [STDERR_REDIRECT] [Fatal Error] :1:1: Premature end of file.
2025-12-17 11:36:24,307 [ERROR] LogOutputStream:75 - [STDERR_REDIRECT] 
2025-12-17 11:36:25,307 [ERROR] LogOutputStream:75 - [STDERR_REDIRECT] [Fatal Error] :1:1: Premature end of file.
2025-12-17 11:36:25,307 [ERROR] LogOutputStream:75 - [STDERR_REDIRECT] 
2025-12-17 11:36:26,308 [ERROR] LogOutputStream:75 - [STDERR_REDIRECT] [Fatal Error] :1:1: Premature end of file.
2025-12-17 11:36:26,310 [ERROR] LogOutputStream:75 - [STDERR_REDIRECT] 
2025-12-17 11:36:27,308 [ERROR] LogOutputStream:75 - [STDERR_REDIRECT] [Fatal Error] :1:1: Premature end of file.
2025-12-17 11:36:27,308 [ERROR] LogOutputStream:75 - [STDERR_REDIRECT] 
2025-12-17 11:36:28,310 [ERROR] LogOutputStream:75 - [STDERR_REDIRECT] [Fatal Error] :1:1: Premature end of file.
2025-12-17 11:36:28,310 [ERROR] LogOutputStream:75 - [STDERR_REDIRECT] 
2025-12-17 11:36:29,306 [ERROR] LogOutputStream:75 - [STDERR_REDIRECT] [Fatal Error] :1:1: Premature end of file.
2025-12-17 11:36:29,306 [ERROR] LogOutputStream:75 - [STDERR_REDIRECT] 
2025-12-17 11:36:30,308 [ERROR] LogOutputStream:75 - [STDERR_REDIRECT] [Fatal Error] :1:1: Premature end of file.
2025-12-17 11:36:30,308 [ERROR] LogOutputStream:75 - [STDERR_REDIRECT] 
2025-12-17 11:36:31,309 [ERROR] LogOutputStream:75 - [STDERR_REDIRECT] [Fatal Error] :1:1: Premature end of file.
2025-12-17 11:36:31,310 [ERROR] LogOutputStream:75 - [STDERR_REDIRECT] 
2025-12-17 11:36:32,321 [ERROR] LogOutputStream:75 - [STDERR_REDIRECT] [Fatal Error] :1:1: Premature end of file.
2025-12-17 11:36:32,322 [ERROR] LogOutputStream:75 - [STDERR_REDIRECT] 
2025-12-17 11:36:33,321 [ERROR] LogOutputStream:75 - [STDERR_REDIRECT] [Fatal Error] :1:1: Premature end of file.
2025-12-17 11:36:33,321 [ERROR] LogOutputStream:75 - [STDERR_REDIRECT] 
2025-12-17 11:36:34,310 [ERROR] LogOutputStream:75 - [STDERR_REDIRECT] [Fatal Error] :1:1: Premature end of file.
2025-12-17 11:36:34,310 [ERROR] LogOutputStream:75 - [STDERR_REDIRECT] 
2025-12-17 11:36:35,313 [ERROR] LogOutputStream:75 - [STDERR_REDIRECT] [Fatal Error] :1:1: Premature end of file.
2025-12-17 11:36:35,313 [ERROR] LogOutputStream:75 - [STDERR_REDIRECT] 
2025-12-17 11:36:36,309 [ERROR] LogOutputStream:75 - [STDERR_REDIRECT] [Fatal Error] :1:1: Premature end of file.
2025-12-17 11:36:36,309 [ERROR] LogOutputStream:75 - [STDERR_REDIRECT] 
2025-12-17 11:36:37,310 [ERROR] LogOutputStream:75 - [STDERR_REDIRECT] [Fatal Error] :1:1: Premature end of file.
2025-12-17 11:36:37,310 [ERROR] LogOutputStream:75 - [STDERR_REDIRECT] 
2025-12-17 11:36:38,308 [ERROR] LogOutputStream:75 - [STDERR_REDIRECT] [Fatal Error] :1:1: Premature end of file.
2025-12-17 11:36:38,308 [ERROR] LogOutputStream:75 - [STDERR_REDIRECT] 
2025-12-17 11:36:39,309 [ERROR] LogOutputStream:75 - [STDERR_REDIRECT] [Fatal Error] :1:1: Premature end of file.
2025-12-17 11:36:39,309 [ERROR] LogOutputStream:75 - [STDERR_REDIRECT] 
2025-12-17 11:36:40,309 [ERROR] LogOutputStream:75 - [STDERR_REDIRECT] [Fatal Error] :1:1: Premature end of file.
2025-12-17 11:36:40,309 [ERROR] LogOutputStream:75 - [STDERR_REDIRECT] 
2025-12-17 11:36:41,308 [ERROR] LogOutputStream:75 - [STDERR_REDIRECT] [Fatal Error] :1:1: Premature end of file.
2025-12-17 11:36:41,308 [ERROR] LogOutputStream:75 - [STDERR_REDIRECT] 
2025-12-17 11:36:42,309 [ERROR] LogOutputStream:75 - [STDERR_REDIRECT] [Fatal Error] :1:1: Premature end of file.
2025-12-17 11:36:42,309 [ERROR] LogOutputStream:75 - [STDERR_REDIRECT] 
2025-12-17 11:36:43,307 [ERROR] LogOutputStream:75 - [STDERR_REDIRECT] [Fatal Error] :1:1: Premature end of file.
2025-12-17 11:36:43,307 [ERROR] LogOutputStream:75 - [STDERR_REDIRECT] 
2025-12-17 11:36:44,308 [ERROR] LogOutputStream:75 - [STDERR_REDIRECT] [Fatal Error] :1:1: Premature end of file.
2025-12-17 11:36:44,308 [ERROR] LogOutputStream:75 - [STDERR_REDIRECT] 
2025-12-17 11:36:45,308 [ERROR] LogOutputStream:75 - [STDERR_REDIRECT] [Fatal Error] :1:1: Premature end of file.
2025-12-17 11:36:45,308 [ERROR] LogOutputStream:75 - [STDERR_REDIRECT] 
2025-12-17 11:36:46,308 [ERROR] LogOutputStream:75 - [STDERR_REDIRECT] [Fatal Error] :1:1: Premature end of file.
2025-12-17 11:36:46,308 [ERROR] LogOutputStream:75 - [STDERR_REDIRECT] 
2025-12-17 11:36:47,315 [ERROR] LogOutputStream:75 - [STDERR_REDIRECT] [Fatal Error] :1:1: Premature end of file.
2025-12-17 11:36:47,315 [ERROR] LogOutputStream:75 - [STDERR_REDIRECT] 
2025-12-17 11:36:48,308 [ERROR] LogOutputStream:75 - [STDERR_REDIRECT] [Fatal Error] :1:1: Premature end of file.
2025-12-17 11:36:48,308 [ERROR] LogOutputStream:75 - [STDERR_REDIRECT] 
2025-12-17 11:36:49,308 [ERROR] LogOutputStream:75 - [STDERR_REDIRECT] [Fatal Error] :1:1: Premature end of file.
2025-12-17 11:36:49,308 [ERROR] LogOutputStream:75 - [STDERR_REDIRECT] 
2025-12-17 11:36:50,308 [ERROR] LogOutputStream:75 - [STDERR_REDIRECT] [Fatal Error] :1:1: Premature end of file.
2025-12-17 11:36:50,308 [ERROR] LogOutputStream:75 - [STDERR_REDIRECT] 
2025-12-17 11:36:51,309 [ERROR] LogOutputStream:75 - [STDERR_REDIRECT] [Fatal Error] :1:1: Premature end of file.
2025-12-17 11:36:51,309 [ERROR] LogOutputStream:75 - [STDERR_REDIRECT] 
2025-12-17 11:36:52,308 [ERROR] LogOutputStream:75 - [STDERR_REDIRECT] [Fatal Error] :1:1: Premature end of file.
2025-12-17 11:36:52,308 [ERROR] LogOutputStream:75 - [STDERR_REDIRECT] 
2025-12-17 11:36:53,310 [ERROR] LogOutputStream:75 - [STDERR_REDIRECT] [Fatal Error] :1:1: Premature end of file.
2025-12-17 11:36:53,310 [ERROR] LogOutputStream:75 - [STDERR_REDIRECT] 
2025-12-17 11:36:54,318 [ERROR] LogOutputStream:75 - [STDERR_REDIRECT] [Fatal Error] :1:1: Premature end of file.
2025-12-17 11:36:54,318 [ERROR] LogOutputStream:75 - [STDERR_REDIRECT] 
2025-12-17 11:36:55,315 [ERROR] LogOutputStream:75 - [STDERR_REDIRECT] [Fatal Error] :1:1: Premature end of file.
2025-12-17 11:36:55,315 [ERROR] LogOutputStream:75 - [STDERR_REDIRECT] 
2025-12-17 11:36:56,321 [ERROR] LogOutputStream:75 - [STDERR_REDIRECT] [Fatal Error] :1:1: Premature end of file.
2025-12-17 11:36:56,322 [ERROR] LogOutputStream:75 - [STDERR_REDIRECT] 
2025-12-17 11:36:57,310 [ERROR] LogOutputStream:75 - [STDERR_REDIRECT] [Fatal Error] :1:1: Premature end of file.
2025-12-17 11:36:57,311 [ERROR] LogOutputStream:75 - [STDERR_REDIRECT] 
2025-12-17 11:36:58,318 [ERROR] LogOutputStream:75 - [STDERR_REDIRECT] [Fatal Error] :1:1: Premature end of file.
2025-12-17 11:36:58,318 [ERROR] LogOutputStream:75 - [STDERR_REDIRECT] 
2025-12-17 11:36:59,311 [ERROR] LogOutputStream:75 - [STDERR_REDIRECT] [Fatal Error] :1:1: Premature end of file.
2025-12-17 11:36:59,312 [ERROR] LogOutputStream:75 - [STDERR_REDIRECT] 
2025-12-17 11:37:00,318 [ERROR] LogOutputStream:75 - [STDERR_REDIRECT] [Fatal Error] :1:1: Premature end of file.
2025-12-17 11:37:00,318 [ERROR] LogOutputStream:75 - [STDERR_REDIRECT] 
2025-12-17 11:37:01,312 [ERROR] LogOutputStream:75 - [STDERR_REDIRECT] [Fatal Error] :1:1: Premature end of file.
2025-12-17 11:37:01,312 [ERROR] LogOutputStream:75 - [STDERR_REDIRECT] 
2025-12-17 11:37:02,322 [ERROR] LogOutputStream:75 - [STDERR_REDIRECT] [Fatal Error] :1:1: Premature end of file.
2025-12-17 11:37:02,323 [ERROR] LogOutputStream:75 - [STDERR_REDIRECT] 
2025-12-17 11:37:03,320 [ERROR] LogOutputStream:75 - [STDERR_REDIRECT] [Fatal Error] :1:1: Premature end of file.
2025-12-17 11:37:03,320 [ERROR] LogOutputStream:75 - [STDERR_REDIRECT] 
2025-12-17 11:37:04,312 [ERROR] LogOutputStream:75 - [STDERR_REDIRECT] [Fatal Error] :1:1: Premature end of file.
2025-12-17 11:37:04,312 [ERROR] LogOutputStream:75 - [STDERR_REDIRECT] 
2025-12-17 11:37:05,324 [ERROR] LogOutputStream:75 - [STDERR_REDIRECT] [Fatal Error] :1:1: Premature end of file.
2025-12-17 11:37:05,324 [ERROR] LogOutputStream:75 - [STDERR_REDIRECT] 
2025-12-17 11:37:06,318 [ERROR] LogOutputStream:75 - [STDERR_REDIRECT] [Fatal Error] :1:1: Premature end of file.
2025-12-17 11:37:06,319 [ERROR] LogOutputStream:75 - [STDERR_REDIRECT] 
2025-12-17 11:37:07,317 [ERROR] LogOutputStream:75 - [STDERR_REDIRECT] [Fatal Error] :1:1: Premature end of file.
2025-12-17 11:37:07,317 [ERROR] LogOutputStream:75 - [STDERR_REDIRECT] 
2025-12-17 11:37:08,313 [ERROR] LogOutputStream:75 - [STDERR_REDIRECT] [Fatal Error] :1:1: Premature end of file.
2025-12-17 11:37:08,313 [ERROR] LogOutputStream:75 - [STDERR_REDIRECT] 
2025-12-17 11:37:09,318 [ERROR] LogOutputStream:75 - [STDERR_REDIRECT] [Fatal Error] :1:1: Premature end of file.
2025-12-17 11:37:09,318 [ERROR] LogOutputStream:75 - [STDERR_REDIRECT] 
2025-12-17 11:37:10,324 [ERROR] LogOutputStream:75 - [STDERR_REDIRECT] [Fatal Error] :1:1: Premature end of file.
2025-12-17 11:37:10,324 [ERROR] LogOutputStream:75 - [STDERR_REDIRECT] 
2025-12-17 11:37:11,318 [ERROR] LogOutputStream:75 - [STDERR_REDIRECT] [Fatal Error] :1:1: Premature end of file.
2025-12-17 11:37:11,318 [ERROR] LogOutputStream:75 - [STDERR_REDIRECT] 
2025-12-17 11:37:12,314 [ERROR] LogOutputStream:75 - [STDERR_REDIRECT] [Fatal Error] :1:1: Premature end of file.
2025-12-17 11:37:12,315 [ERROR] LogOutputStream:75 - [STDERR_REDIRECT] 
2025-12-17 11:37:13,321 [ERROR] LogOutputStream:75 - [STDERR_REDIRECT] [Fatal Error] :1:1: Premature end of file.
2025-12-17 11:37:13,322 [ERROR] LogOutputStream:75 - [STDERR_REDIRECT] 
2025-12-17 11:37:14,315 [ERROR] LogOutputStream:75 - [STDERR_REDIRECT] [Fatal Error] :1:1: Premature end of file.
2025-12-17 11:37:14,316 [ERROR] LogOutputStream:75 - [STDERR_REDIRECT] 
2025-12-17 11:37:15,309 [ERROR] LogOutputStream:75 - [STDERR_REDIRECT] [Fatal Error] :1:1: Premature end of file.
2025-12-17 11:37:15,309 [ERROR] LogOutputStream:75 - [STDERR_REDIRECT] 
2025-12-17 11:37:16,308 [ERROR] LogOutputStream:75 - [STDERR_REDIRECT] [Fatal Error] :1:1: Premature end of file.
2025-12-17 11:37:16,308 [ERROR] LogOutputStream:75 - [STDERR_REDIRECT] 
2025-12-17 11:37:17,308 [ERROR] LogOutputStream:75 - [STDERR_REDIRECT] [Fatal Error] :1:1: Premature end of file.
2025-12-17 11:37:17,308 [ERROR] LogOutputStream:75 - [STDERR_REDIRECT] 
2025-12-17 11:37:18,315 [ERROR] LogOutputStream:75 - [STDERR_REDIRECT] [Fatal Error] :1:1: Premature end of file.
2025-12-17 11:37:18,315 [ERROR] LogOutputStream:75 - [STDERR_REDIRECT] 
2025-12-17 11:37:19,307 [ERROR] LogOutputStream:75 - [STDERR_REDIRECT] [Fatal Error] :1:1: Premature end of file.
2025-12-17 11:37:19,308 [ERROR] LogOutputStream:75 - [STDERR_REDIRECT] 
2025-12-17 11:37:20,307 [ERROR] LogOutputStream:75 - [STDERR_REDIRECT] [Fatal Error] :1:1: Premature end of file.
2025-12-17 11:37:20,307 [ERROR] LogOutputStream:75 - [STDERR_REDIRECT] 
2025-12-17 11:37:21,313 [ERROR] LogOutputStream:75 - [STDERR_REDIRECT] [Fatal Error] :1:1: Premature end of file.
2025-12-17 11:37:21,313 [ERROR] LogOutputStream:75 - [STDERR_REDIRECT] 
2025-12-17 11:37:22,308 [ERROR] LogOutputStream:75 - [STDERR_REDIRECT] [Fatal Error] :1:1: Premature end of file.
2025-12-17 11:37:22,308 [ERROR] LogOutputStream:75 - [STDERR_REDIRECT] 
2025-12-17 11:37:23,314 [ERROR] LogOutputStream:75 - [STDERR_REDIRECT] [Fatal Error] :1:1: Premature end of file.
2025-12-17 11:37:23,314 [ERROR] LogOutputStream:75 - [STDERR_REDIRECT] 
2025-12-17 11:37:24,308 [ERROR] LogOutputStream:75 - [STDERR_REDIRECT] [Fatal Error] :1:1: Premature end of file.
2025-12-17 11:37:24,308 [ERROR] LogOutputStream:75 - [STDERR_REDIRECT] 
2025-12-17 11:37:25,308 [ERROR] LogOutputStream:75 - [STDERR_REDIRECT] [Fatal Error] :1:1: Premature end of file.
2025-12-17 11:37:25,308 [ERROR] LogOutputStream:75 - [STDERR_REDIRECT] 
2025-12-17 11:37:26,308 [ERROR] LogOutputStream:75 - [STDERR_REDIRECT] [Fatal Error] :1:1: Premature end of file.
2025-12-17 11:37:26,308 [ERROR] LogOutputStream:75 - [STDERR_REDIRECT] 
2025-12-17 11:37:27,309 [ERROR] LogOutputStream:75 - [STDERR_REDIRECT] [Fatal Error] :1:1: Premature end of file.
2025-12-17 11:37:27,309 [ERROR] LogOutputStream:75 - [STDERR_REDIRECT] 
2025-12-17 11:37:28,309 [ERROR] LogOutputStream:75 - [STDERR_REDIRECT] [Fatal Error] :1:1: Premature end of file.
2025-12-17 11:37:28,309 [ERROR] LogOutputStream:75 - [STDERR_REDIRECT] 
2025-12-17 11:37:29,309 [ERROR] LogOutputStream:75 - [STDERR_REDIRECT] [Fatal Error] :1:1: Premature end of file.
2025-12-17 11:37:29,309 [ERROR] LogOutputStream:75 - [STDERR_REDIRECT] 
2025-12-17 11:37:30,320 [ERROR] LogOutputStream:75 - [STDERR_REDIRECT] [Fatal Error] :1:1: Premature end of file.
2025-12-17 11:37:30,321 [ERROR] LogOutputStream:75 - [STDERR_REDIRECT] 
2025-12-17 11:37:31,309 [ERROR] LogOutputStream:75 - [STDERR_REDIRECT] [Fatal Error] :1:1: Premature end of file.
2025-12-17 11:37:31,309 [ERROR] LogOutputStream:75 - [STDERR_REDIRECT] 
2025-12-17 11:37:32,309 [ERROR] LogOutputStream:75 - [STDERR_REDIRECT] [Fatal Error] :1:1: Premature end of file.
2025-12-17 11:37:32,309 [ERROR] LogOutputStream:75 - [STDERR_REDIRECT] 
2025-12-17 11:37:33,309 [ERROR] LogOutputStream:75 - [STDERR_REDIRECT] [Fatal Error] :1:1: Premature end of file.
2025-12-17 11:37:33,309 [ERROR] LogOutputStream:75 - [STDERR_REDIRECT] 
2025-12-17 11:37:34,308 [ERROR] LogOutputStream:75 - [STDERR_REDIRECT] [Fatal Error] :1:1: Premature end of file.
2025-12-17 11:37:34,308 [ERROR] LogOutputStream:75 - [STDERR_REDIRECT] 
2025-12-17 11:37:35,309 [ERROR] LogOutputStream:75 - [STDERR_REDIRECT] [Fatal Error] :1:1: Premature end of file.
2025-12-17 11:37:35,309 [ERROR] LogOutputStream:75 - [STDERR_REDIRECT] 
2025-12-17 11:37:36,314 [ERROR] LogOutputStream:75 - [STDERR_REDIRECT] [Fatal Error] :1:1: Premature end of file.
2025-12-17 11:37:36,314 [ERROR] LogOutputStream:75 - [STDERR_REDIRECT] 
2025-12-17 11:37:37,309 [ERROR] LogOutputStream:75 - [STDERR_REDIRECT] [Fatal Error] :1:1: Premature end of file.
2025-12-17 11:37:37,309 [ERROR] LogOutputStream:75 - [STDERR_REDIRECT] 
2025-12-17 11:37:38,309 [ERROR] LogOutputStream:75 - [STDERR_REDIRECT] [Fatal Error] :1:1: Premature end of file.
2025-12-17 11:37:38,309 [ERROR] LogOutputStream:75 - [STDERR_REDIRECT] 
2025-12-17 11:37:39,307 [ERROR] LogOutputStream:75 - [STDERR_REDIRECT] [Fatal Error] :1:1: Premature end of file.
2025-12-17 11:37:39,307 [ERROR] LogOutputStream:75 - [STDERR_REDIRECT] 
2025-12-17 11:37:40,307 [ERROR] LogOutputStream:75 - [STDERR_REDIRECT] [Fatal Error] :1:1: Premature end of file.
2025-12-17 11:37:40,307 [ERROR] LogOutputStream:75 - [STDERR_REDIRECT] 
2025-12-17 11:37:41,307 [ERROR] LogOutputStream:75 - [STDERR_REDIRECT] [Fatal Error] :1:1: Premature end of file.
2025-12-17 11:37:41,307 [ERROR] LogOutputStream:75 - [STDERR_REDIRECT] 
2025-12-17 11:37:42,307 [ERROR] LogOutputStream:75 - [STDERR_REDIRECT] [Fatal Error] :1:1: Premature end of file.
2025-12-17 11:37:42,307 [ERROR] LogOutputStream:75 - [STDERR_REDIRECT] 
2025-12-17 11:37:43,308 [ERROR] LogOutputStream:75 - [STDERR_REDIRECT] [Fatal Error] :1:1: Premature end of file.
2025-12-17 11:37:43,308 [ERROR] LogOutputStream:75 - [STDERR_REDIRECT] 
2025-12-17 11:37:44,308 [ERROR] LogOutputStream:75 - [STDERR_REDIRECT] [Fatal Error] :1:1: Premature end of file.
2025-12-17 11:37:44,309 [ERROR] LogOutputStream:75 - [STDERR_REDIRECT] 
2025-12-17 11:37:45,307 [ERROR] LogOutputStream:75 - [STDERR_REDIRECT] [Fatal Error] :1:1: Premature end of file.
2025-12-17 11:37:45,308 [ERROR] LogOutputStream:75 - [STDERR_REDIRECT] 
2025-12-17 11:37:46,308 [ERROR] LogOutputStream:75 - [STDERR_REDIRECT] [Fatal Error] :1:1: Premature end of file.
2025-12-17 11:37:46,308 [ERROR] LogOutputStream:75 - [STDERR_REDIRECT] 
2025-12-17 11:37:47,313 [ERROR] LogOutputStream:75 - [STDERR_REDIRECT] [Fatal Error] :1:1: Premature end of file.
2025-12-17 11:37:47,313 [ERROR] LogOutputStream:75 - [STDERR_REDIRECT] 
2025-12-17 11:37:48,307 [ERROR] LogOutputStream:75 - [STDERR_REDIRECT] [Fatal Error] :1:1: Premature end of file.
2025-12-17 11:37:48,307 [ERROR] LogOutputStream:75 - [STDERR_REDIRECT] 
2025-12-17 11:37:49,308 [ERROR] LogOutputStream:75 - [STDERR_REDIRECT] [Fatal Error] :1:1: Premature end of file.
2025-12-17 11:37:49,308 [ERROR] LogOutputStream:75 - [STDERR_REDIRECT] 
2025-12-17 11:37:50,308 [ERROR] LogOutputStream:75 - [STDERR_REDIRECT] [Fatal Error] :1:1: Premature end of file.
2025-12-17 11:37:50,309 [ERROR] LogOutputStream:75 - [STDERR_REDIRECT] 
2025-12-17 11:37:51,307 [ERROR] LogOutputStream:75 - [STDERR_REDIRECT] [Fatal Error] :1:1: Premature end of file.
2025-12-17 11:37:51,307 [ERROR] LogOutputStream:75 - [STDERR_REDIRECT] 
2025-12-17 11:37:52,310 [ERROR] LogOutputStream:75 - [STDERR_REDIRECT] [Fatal Error] :1:1: Premature end of file.
2025-12-17 11:37:52,310 [ERROR] LogOutputStream:75 - [STDERR_REDIRECT] 
2025-12-17 11:37:53,308 [ERROR] LogOutputStream:75 - [STDERR_REDIRECT] [Fatal Error] :1:1: Premature end of file.
2025-12-17 11:37:53,309 [ERROR] LogOutputStream:75 - [STDERR_REDIRECT] 
2025-12-17 11:37:54,310 [ERROR] LogOutputStream:75 - [STDERR_REDIRECT] [Fatal Error] :1:1: Premature end of file.
2025-12-17 11:37:54,310 [ERROR] LogOutputStream:75 - [STDERR_REDIRECT] 
2025-12-17 11:37:55,308 [ERROR] LogOutputStream:75 - [STDERR_REDIRECT] [Fatal Error] :1:1: Premature end of file.
2025-12-17 11:37:55,308 [ERROR] LogOutputStream:75 - [STDERR_REDIRECT] 
2025-12-17 11:37:56,310 [ERROR] LogOutputStream:75 - [STDERR_REDIRECT] [Fatal Error] :1:1: Premature end of file.
2025-12-17 11:37:56,310 [ERROR] LogOutputStream:75 - [STDERR_REDIRECT] 
2025-12-17 11:37:57,311 [ERROR] LogOutputStream:75 - [STDERR_REDIRECT] [Fatal Error] :1:1: Premature end of file.
2025-12-17 11:37:57,311 [ERROR] LogOutputStream:75 - [STDERR_REDIRECT] 
2025-12-17 11:37:58,310 [ERROR] LogOutputStream:75 - [STDERR_REDIRECT] [Fatal Error] :1:1: Premature end of file.
2025-12-17 11:37:58,310 [ERROR] LogOutputStream:75 - [STDERR_REDIRECT] 
2025-12-17 11:37:59,309 [ERROR] LogOutputStream:75 - [STDERR_REDIRECT] [Fatal Error] :1:1: Premature end of file.
2025-12-17 11:37:59,309 [ERROR] LogOutputStream:75 - [STDERR_REDIRECT] 
2025-12-17 11:38:00,308 [ERROR] LogOutputStream:75 - [STDERR_REDIRECT] [Fatal Error] :1:1: Premature end of file.
2025-12-17 11:38:00,308 [ERROR] LogOutputStream:75 - [STDERR_REDIRECT] 
2025-12-17 11:38:01,309 [ERROR] LogOutputStream:75 - [STDERR_REDIRECT] [Fatal Error] :1:1: Premature end of file.
2025-12-17 11:38:01,309 [ERROR] LogOutputStream:75 - [STDERR_REDIRECT] 
2025-12-17 11:38:02,308 [ERROR] LogOutputStream:75 - [STDERR_REDIRECT] [Fatal Error] :1:1: Premature end of file.
2025-12-17 11:38:02,308 [ERROR] LogOutputStream:75 - [STDERR_REDIRECT] 
2025-12-17 11:38:03,309 [ERROR] LogOutputStream:75 - [STDERR_REDIRECT] [Fatal Error] :1:1: Premature end of file.
2025-12-17 11:38:03,309 [ERROR] LogOutputStream:75 - [STDERR_REDIRECT] 
2025-12-17 11:38:04,309 [ERROR] LogOutputStream:75 - [STDERR_REDIRECT] [Fatal Error] :1:1: Premature end of file.
2025-12-17 11:38:04,309 [ERROR] LogOutputStream:75 - [STDERR_REDIRECT] 
2025-12-17 11:38:05,309 [ERROR] LogOutputStream:75 - [STDERR_REDIRECT] [Fatal Error] :1:1: Premature end of file.
2025-12-17 11:38:05,309 [ERROR] LogOutputStream:75 - [STDERR_REDIRECT] 
2025-12-17 11:38:06,315 [ERROR] LogOutputStream:75 - [STDERR_REDIRECT] [Fatal Error] :1:1: Premature end of file.
2025-12-17 11:38:06,315 [ERROR] LogOutputStream:75 - [STDERR_REDIRECT] 
2025-12-17 11:38:07,308 [ERROR] LogOutputStream:75 - [STDERR_REDIRECT] [Fatal Error] :1:1: Premature end of file.
2025-12-17 11:38:07,308 [ERROR] LogOutputStream:75 - [STDERR_REDIRECT] 
2025-12-17 11:38:08,308 [ERROR] LogOutputStream:75 - [STDERR_REDIRECT] [Fatal Error] :1:1: Premature end of file.
2025-12-17 11:38:08,308 [ERROR] LogOutputStream:75 - [STDERR_REDIRECT] 
2025-12-17 11:38:09,307 [ERROR] LogOutputStream:75 - [STDERR_REDIRECT] [Fatal Error] :1:1: Premature end of file.
2025-12-17 11:38:09,308 [ERROR] LogOutputStream:75 - [STDERR_REDIRECT] 
2025-12-17 11:38:10,308 [ERROR] LogOutputStream:75 - [STDERR_REDIRECT] [Fatal Error] :1:1: Premature end of file.
2025-12-17 11:38:10,308 [ERROR] LogOutputStream:75 - [STDERR_REDIRECT] 
2025-12-17 11:38:11,310 [ERROR] LogOutputStream:75 - [STDERR_REDIRECT] [Fatal Error] :1:1: Premature end of file.
2025-12-17 11:38:11,310 [ERROR] LogOutputStream:75 - [STDERR_REDIRECT] 
2025-12-17 11:38:12,313 [ERROR] LogOutputStream:75 - [STDERR_REDIRECT] [Fatal Error] :1:1: Premature end of file.
2025-12-17 11:38:12,313 [ERROR] LogOutputStream:75 - [STDERR_REDIRECT] 
2025-12-17 11:38:13,309 [ERROR] LogOutputStream:75 - [STDERR_REDIRECT] [Fatal Error] :1:1: Premature end of file.
2025-12-17 11:38:13,310 [ERROR] LogOutputStream:75 - [STDERR_REDIRECT] 
2025-12-17 11:38:14,309 [ERROR] LogOutputStream:75 - [STDERR_REDIRECT] [Fatal Error] :1:1: Premature end of file.
2025-12-17 11:38:14,310 [ERROR] LogOutputStream:75 - [STDERR_REDIRECT] 
2025-12-17 11:38:15,310 [ERROR] LogOutputStream:75 - [STDERR_REDIRECT] [Fatal Error] :1:1: Premature end of file.
2025-12-17 11:38:15,311 [ERROR] LogOutputStream:75 - [STDERR_REDIRECT] 
2025-12-17 11:38:16,309 [ERROR] LogOutputStream:75 - [STDERR_REDIRECT] [Fatal Error] :1:1: Premature end of file.
2025-12-17 11:38:16,310 [ERROR] LogOutputStream:75 - [STDERR_REDIRECT] 
2025-12-17 11:38:17,309 [ERROR] LogOutputStream:75 - [STDERR_REDIRECT] [Fatal Error] :1:1: Premature end of file.
2025-12-17 11:38:17,309 [ERROR] LogOutputStream:75 - [STDERR_REDIRECT] 
2025-12-17 11:38:18,312 [ERROR] LogOutputStream:75 - [STDERR_REDIRECT] [Fatal Error] :1:1: Premature end of file.
2025-12-17 11:38:18,312 [ERROR] LogOutputStream:75 - [STDERR_REDIRECT] 
2025-12-17 11:38:19,308 [ERROR] LogOutputStream:75 - [STDERR_REDIRECT] [Fatal Error] :1:1: Premature end of file.
2025-12-17 11:38:19,308 [ERROR] LogOutputStream:75 - [STDERR_REDIRECT] 
2025-12-17 11:38:20,310 [ERROR] LogOutputStream:75 - [STDERR_REDIRECT] [Fatal Error] :1:1: Premature end of file.
2025-12-17 11:38:20,310 [ERROR] LogOutputStream:75 - [STDERR_REDIRECT] 
2025-12-17 11:38:21,310 [ERROR] LogOutputStream:75 - [STDERR_REDIRECT] [Fatal Error] :1:1: Premature end of file.
2025-12-17 11:38:21,310 [ERROR] LogOutputStream:75 - [STDERR_REDIRECT] 
2025-12-17 11:38:22,308 [ERROR] LogOutputStream:75 - [STDERR_REDIRECT] [Fatal Error] :1:1: Premature end of file.
2025-12-17 11:38:22,308 [ERROR] LogOutputStream:75 - [STDERR_REDIRECT] 
2025-12-17 11:38:23,308 [ERROR] LogOutputStream:75 - [STDERR_REDIRECT] [Fatal Error] :1:1: Premature end of file.
2025-12-17 11:38:23,308 [ERROR] LogOutputStream:75 - [STDERR_REDIRECT] 
2025-12-17 11:38:24,308 [ERROR] LogOutputStream:75 - [STDERR_REDIRECT] [Fatal Error] :1:1: Premature end of file.
2025-12-17 11:38:24,309 [ERROR] LogOutputStream:75 - [STDERR_REDIRECT] 
2025-12-17 11:38:25,310 [ERROR] LogOutputStream:75 - [STDERR_REDIRECT] [Fatal Error] :1:1: Premature end of file.
2025-12-17 11:38:25,310 [ERROR] LogOutputStream:75 - [STDERR_REDIRECT] 
2025-12-17 11:38:26,308 [ERROR] LogOutputStream:75 - [STDERR_REDIRECT] [Fatal Error] :1:1: Premature end of file.
2025-12-17 11:38:26,308 [ERROR] LogOutputStream:75 - [STDERR_REDIRECT] 
2025-12-17 11:38:27,308 [ERROR] LogOutputStream:75 - [STDERR_REDIRECT] [Fatal Error] :1:1: Premature end of file.
2025-12-17 11:38:27,308 [ERROR] LogOutputStream:75 - [STDERR_REDIRECT] 
2025-12-17 11:38:28,308 [ERROR] LogOutputStream:75 - [STDERR_REDIRECT] [Fatal Error] :1:1: Premature end of file.
2025-12-17 11:38:28,308 [ERROR] LogOutputStream:75 - [STDERR_REDIRECT] 
2025-12-17 11:38:29,308 [ERROR] LogOutputStream:75 - [STDERR_REDIRECT] [Fatal Error] :1:1: Premature end of file.
2025-12-17 11:38:29,308 [ERROR] LogOutputStream:75 - [STDERR_REDIRECT] 
2025-12-17 11:38:30,309 [ERROR] LogOutputStream:75 - [STDERR_REDIRECT] [Fatal Error] :1:1: Premature end of file.
2025-12-17 11:38:30,309 [ERROR] LogOutputStream:75 - [STDERR_REDIRECT] 
2025-12-17 11:38:31,308 [ERROR] LogOutputStream:75 - [STDERR_REDIRECT] [Fatal Error] :1:1: Premature end of file.
2025-12-17 11:38:31,308 [ERROR] LogOutputStream:75 - [STDERR_REDIRECT] 
2025-12-17 11:38:32,308 [ERROR] LogOutputStream:75 - [STDERR_REDIRECT] [Fatal Error] :1:1: Premature end of file.
2025-12-17 11:38:32,309 [ERROR] LogOutputStream:75 - [STDERR_REDIRECT] 
2025-12-17 11:38:33,307 [ERROR] LogOutputStream:75 - [STDERR_REDIRECT] [Fatal Error] :1:1: Premature end of file.
2025-12-17 11:38:33,307 [ERROR] LogOutputStream:75 - [STDERR_REDIRECT] 
2025-12-17 11:38:34,308 [ERROR] LogOutputStream:75 - [STDERR_REDIRECT] [Fatal Error] :1:1: Premature end of file.
2025-12-17 11:38:34,308 [ERROR] LogOutputStream:75 - [STDERR_REDIRECT] 
2025-12-17 11:38:35,307 [ERROR] LogOutputStream:75 - [STDERR_REDIRECT] [Fatal Error] :1:1: Premature end of file.
2025-12-17 11:38:35,307 [ERROR] LogOutputStream:75 - [STDERR_REDIRECT] 
2025-12-17 11:38:36,308 [ERROR] LogOutputStream:75 - [STDERR_REDIRECT] [Fatal Error] :1:1: Premature end of file.
2025-12-17 11:38:36,308 [ERROR] LogOutputStream:75 - [STDERR_REDIRECT] 
2025-12-17 11:38:37,308 [ERROR] LogOutputStream:75 - [STDERR_REDIRECT] [Fatal Error] :1:1: Premature end of file.
2025-12-17 11:38:37,308 [ERROR] LogOutputStream:75 - [STDERR_REDIRECT] 
2025-12-17 11:38:38,309 [ERROR] LogOutputStream:75 - [STDERR_REDIRECT] [Fatal Error] :1:1: Premature end of file.
2025-12-17 11:38:38,309 [ERROR] LogOutputStream:75 - [STDERR_REDIRECT] 
2025-12-17 11:38:39,307 [ERROR] LogOutputStream:75 - [STDERR_REDIRECT] [Fatal Error] :1:1: Premature end of file.
2025-12-17 11:38:39,307 [ERROR] LogOutputStream:75 - [STDERR_REDIRECT] 
2025-12-17 11:38:40,308 [ERROR] LogOutputStream:75 - [STDERR_REDIRECT] [Fatal Error] :1:1: Premature end of file.
2025-12-17 11:38:40,308 [ERROR] LogOutputStream:75 - [STDERR_REDIRECT] 
2025-12-17 11:38:41,307 [ERROR] LogOutputStream:75 - [STDERR_REDIRECT] [Fatal Error] :1:1: Premature end of file.
2025-12-17 11:38:41,307 [ERROR] LogOutputStream:75 - [STDERR_REDIRECT] 
2025-12-17 11:38:42,308 [ERROR] LogOutputStream:75 - [STDERR_REDIRECT] [Fatal Error] :1:1: Premature end of file.
2025-12-17 11:38:42,308 [ERROR] LogOutputStream:75 - [STDERR_REDIRECT] 
2025-12-17 11:38:43,307 [ERROR] LogOutputStream:75 - [STDERR_REDIRECT] [Fatal Error] :1:1: Premature end of file.
2025-12-17 11:38:43,307 [ERROR] LogOutputStream:75 - [STDERR_REDIRECT] 
2025-12-17 11:38:44,306 [ERROR] LogOutputStream:75 - [STDERR_REDIRECT] [Fatal Error] :1:1: Premature end of file.
2025-12-17 11:38:44,307 [ERROR] LogOutputStream:75 - [STDERR_REDIRECT] 
2025-12-17 11:38:45,306 [ERROR] LogOutputStream:75 - [STDERR_REDIRECT] [Fatal Error] :1:1: Premature end of file.
2025-12-17 11:38:45,306 [ERROR] LogOutputStream:75 - [STDERR_REDIRECT] 
2025-12-17 11:38:46,307 [ERROR] LogOutputStream:75 - [STDERR_REDIRECT] [Fatal Error] :1:1: Premature end of file.
2025-12-17 11:38:46,307 [ERROR] LogOutputStream:75 - [STDERR_REDIRECT] 
2025-12-17 11:38:47,308 [ERROR] LogOutputStream:75 - [STDERR_REDIRECT] [Fatal Error] :1:1: Premature end of file.
2025-12-17 11:38:47,309 [ERROR] LogOutputStream:75 - [STDERR_REDIRECT] 
2025-12-17 11:38:48,315 [ERROR] LogOutputStream:75 - [STDERR_REDIRECT] [Fatal Error] :1:1: Premature end of file.
2025-12-17 11:38:48,315 [ERROR] LogOutputStream:75 - [STDERR_REDIRECT] 
2025-12-17 11:38:49,308 [ERROR] LogOutputStream:75 - [STDERR_REDIRECT] [Fatal Error] :1:1: Premature end of file.
2025-12-17 11:38:49,308 [ERROR] LogOutputStream:75 - [STDERR_REDIRECT] 
2025-12-17 11:38:50,308 [ERROR] LogOutputStream:75 - [STDERR_REDIRECT] [Fatal Error] :1:1: Premature end of file.
2025-12-17 11:38:50,308 [ERROR] LogOutputStream:75 - [STDERR_REDIRECT] 
2025-12-17 11:38:51,309 [ERROR] LogOutputStream:75 - [STDERR_REDIRECT] [Fatal Error] :1:1: Premature end of file.
2025-12-17 11:38:51,309 [ERROR] LogOutputStream:75 - [STDERR_REDIRECT] 
2025-12-17 11:38:52,308 [ERROR] LogOutputStream:75 - [STDERR_REDIRECT] [Fatal Error] :1:1: Premature end of file.
2025-12-17 11:38:52,308 [ERROR] LogOutputStream:75 - [STDERR_REDIRECT] 
2025-12-17 11:38:53,307 [ERROR] LogOutputStream:75 - [STDERR_REDIRECT] [Fatal Error] :1:1: Premature end of file.
2025-12-17 11:38:53,308 [ERROR] LogOutputStream:75 - [STDERR_REDIRECT] 
2025-12-17 11:38:54,309 [ERROR] LogOutputStream:75 - [STDERR_REDIRECT] [Fatal Error] :1:1: Premature end of file.
2025-12-17 11:38:54,309 [ERROR] LogOutputStream:75 - [STDERR_REDIRECT] 
2025-12-17 11:38:55,308 [ERROR] LogOutputStream:75 - [STDERR_REDIRECT] [Fatal Error] :1:1: Premature end of file.
2025-12-17 11:38:55,308 [ERROR] LogOutputStream:75 - [STDERR_REDIRECT] 
2025-12-17 11:38:56,309 [ERROR] LogOutputStream:75 - [STDERR_REDIRECT] [Fatal Error] :1:1: Premature end of file.
2025-12-17 11:38:56,309 [ERROR] LogOutputStream:75 - [STDERR_REDIRECT] 
2025-12-17 11:38:57,308 [ERROR] LogOutputStream:75 - [STDERR_REDIRECT] [Fatal Error] :1:1: Premature end of file.
2025-12-17 11:38:57,308 [ERROR] LogOutputStream:75 - [STDERR_REDIRECT] 
2025-12-17 11:38:58,307 [ERROR] LogOutputStream:75 - [STDERR_REDIRECT] [Fatal Error] :1:1: Premature end of file.
2025-12-17 11:38:58,308 [ERROR] LogOutputStream:75 - [STDERR_REDIRECT] 
2025-12-17 11:38:59,308 [ERROR] LogOutputStream:75 - [STDERR_REDIRECT] [Fatal Error] :1:1: Premature end of file.
2025-12-17 11:38:59,309 [ERROR] LogOutputStream:75 - [STDERR_REDIRECT] 
2025-12-17 11:39:00,309 [ERROR] LogOutputStream:75 - [STDERR_REDIRECT] [Fatal Error] :1:1: Premature end of file.
2025-12-17 11:39:00,309 [ERROR] LogOutputStream:75 - [STDERR_REDIRECT] 
2025-12-17 11:39:01,309 [ERROR] LogOutputStream:75 - [STDERR_REDIRECT] [Fatal Error] :1:1: Premature end of file.
2025-12-17 11:39:01,309 [ERROR] LogOutputStream:75 - [STDERR_REDIRECT] 
2025-12-17 11:39:02,309 [ERROR] LogOutputStream:75 - [STDERR_REDIRECT] [Fatal Error] :1:1: Premature end of file.
2025-12-17 11:39:02,309 [ERROR] LogOutputStream:75 - [STDERR_REDIRECT] 
2025-12-17 11:39:03,309 [ERROR] LogOutputStream:75 - [STDERR_REDIRECT] [Fatal Error] :1:1: Premature end of file.
2025-12-17 11:39:03,309 [ERROR] LogOutputStream:75 - [STDERR_REDIRECT] 
2025-12-17 11:39:04,308 [ERROR] LogOutputStream:75 - [STDERR_REDIRECT] [Fatal Error] :1:1: Premature end of file.
2025-12-17 11:39:04,308 [ERROR] LogOutputStream:75 - [STDERR_REDIRECT] 
2025-12-17 11:39:05,308 [ERROR] LogOutputStream:75 - [STDERR_REDIRECT] [Fatal Error] :1:1: Premature end of file.
2025-12-17 11:39:05,308 [ERROR] LogOutputStream:75 - [STDERR_REDIRECT] 
2025-12-17 11:39:06,307 [ERROR] LogOutputStream:75 - [STDERR_REDIRECT] [Fatal Error] :1:1: Premature end of file.
2025-12-17 11:39:06,307 [ERROR] LogOutputStream:75 - [STDERR_REDIRECT] 
2025-12-17 11:39:07,309 [ERROR] LogOutputStream:75 - [STDERR_REDIRECT] [Fatal Error] :1:1: Premature end of file.
2025-12-17 11:39:07,309 [ERROR] LogOutputStream:75 - [STDERR_REDIRECT] 
2025-12-17 11:39:08,307 [ERROR] LogOutputStream:75 - [STDERR_REDIRECT] [Fatal Error] :1:1: Premature end of file.
2025-12-17 11:39:08,307 [ERROR] LogOutputStream:75 - [STDERR_REDIRECT] 
2025-12-17 11:39:09,307 [ERROR] LogOutputStream:75 - [STDERR_REDIRECT] [Fatal Error] :1:1: Premature end of file.
2025-12-17 11:39:09,308 [ERROR] LogOutputStream:75 - [STDERR_REDIRECT] 
2025-12-17 11:39:10,307 [ERROR] LogOutputStream:75 - [STDERR_REDIRECT] [Fatal Error] :1:1: Premature end of file.
2025-12-17 11:39:10,307 [ERROR] LogOutputStream:75 - [STDERR_REDIRECT] 
2025-12-17 11:39:11,309 [ERROR] LogOutputStream:75 - [STDERR_REDIRECT] [Fatal Error] :1:1: Premature end of file.
2025-12-17 11:39:11,309 [ERROR] LogOutputStream:75 - [STDERR_REDIRECT] 
2025-12-17 11:39:12,306 [ERROR] LogOutputStream:75 - [STDERR_REDIRECT] [Fatal Error] :1:1: Premature end of file.
2025-12-17 11:39:12,306 [ERROR] LogOutputStream:75 - [STDERR_REDIRECT] 
2025-12-17 11:39:13,307 [ERROR] LogOutputStream:75 - [STDERR_REDIRECT] [Fatal Error] :1:1: Premature end of file.
2025-12-17 11:39:13,309 [ERROR] LogOutputStream:75 - [STDERR_REDIRECT] 
2025-12-17 11:39:14,309 [ERROR] LogOutputStream:75 - [STDERR_REDIRECT] [Fatal Error] :1:1: Premature end of file.
2025-12-17 11:39:14,309 [ERROR] LogOutputStream:75 - [STDERR_REDIRECT] 
2025-12-17 11:39:15,308 [ERROR] LogOutputStream:75 - [STDERR_REDIRECT] [Fatal Error] :1:1: Premature end of file.
2025-12-17 11:39:15,308 [ERROR] LogOutputStream:75 - [STDERR_REDIRECT] 
2025-12-17 11:39:16,309 [ERROR] LogOutputStream:75 - [STDERR_REDIRECT] [Fatal Error] :1:1: Premature end of file.
2025-12-17 11:39:16,309 [ERROR] LogOutputStream:75 - [STDERR_REDIRECT] 
2025-12-17 11:39:17,309 [ERROR] LogOutputStream:75 - [STDERR_REDIRECT] [Fatal Error] :1:1: Premature end of file.
2025-12-17 11:39:17,309 [ERROR] LogOutputStream:75 - [STDERR_REDIRECT] 
2025-12-17 11:39:18,308 [ERROR] LogOutputStream:75 - [STDERR_REDIRECT] [Fatal Error] :1:1: Premature end of file.
2025-12-17 11:39:18,308 [ERROR] LogOutputStream:75 - [STDERR_REDIRECT] 
2025-12-17 11:39:19,309 [ERROR] LogOutputStream:75 - [STDERR_REDIRECT] [Fatal Error] :1:1: Premature end of file.
2025-12-17 11:39:19,309 [ERROR] LogOutputStream:75 - [STDERR_REDIRECT] 
2025-12-17 11:39:20,309 [ERROR] LogOutputStream:75 - [STDERR_REDIRECT] [Fatal Error] :1:1: Premature end of file.
2025-12-17 11:39:20,309 [ERROR] LogOutputStream:75 - [STDERR_REDIRECT] 
2025-12-17 11:39:21,310 [ERROR] LogOutputStream:75 - [STDERR_REDIRECT] [Fatal Error] :1:1: Premature end of file.
2025-12-17 11:39:21,310 [ERROR] LogOutputStream:75 - [STDERR_REDIRECT] 
2025-12-17 11:39:22,319 [ERROR] LogOutputStream:75 - [STDERR_REDIRECT] [Fatal Error] :1:1: Premature end of file.
2025-12-17 11:39:22,319 [ERROR] LogOutputStream:75 - [STDERR_REDIRECT] 
2025-12-17 11:39:23,311 [ERROR] LogOutputStream:75 - [STDERR_REDIRECT] [Fatal Error] :1:1: Premature end of file.
2025-12-17 11:39:23,311 [ERROR] LogOutputStream:75 - [STDERR_REDIRECT] 
2025-12-17 11:39:24,320 [ERROR] LogOutputStream:75 - [STDERR_REDIRECT] [Fatal Error] :1:1: Premature end of file.
2025-12-17 11:39:24,320 [ERROR] LogOutputStream:75 - [STDERR_REDIRECT] 
2025-12-17 11:39:25,311 [ERROR] LogOutputStream:75 - [STDERR_REDIRECT] [Fatal Error] :1:1: Premature end of file.
2025-12-17 11:39:25,312 [ERROR] LogOutputStream:75 - [STDERR_REDIRECT] 
2025-12-17 11:39:26,316 [ERROR] LogOutputStream:75 - [STDERR_REDIRECT] [Fatal Error] :1:1: Premature end of file.
2025-12-17 11:39:26,316 [ERROR] LogOutputStream:75 - [STDERR_REDIRECT] 
2025-12-17 11:39:27,311 [ERROR] LogOutputStream:75 - [STDERR_REDIRECT] [Fatal Error] :1:1: Premature end of file.
2025-12-17 11:39:27,311 [ERROR] LogOutputStream:75 - [STDERR_REDIRECT] 
2025-12-17 11:39:28,323 [ERROR] LogOutputStream:75 - [STDERR_REDIRECT] [Fatal Error] :1:1: Premature end of file.
2025-12-17 11:39:28,323 [ERROR] LogOutputStream:75 - [STDERR_REDIRECT] 
2025-12-17 11:39:29,321 [ERROR] LogOutputStream:75 - [STDERR_REDIRECT] [Fatal Error] :1:1: Premature end of file.
2025-12-17 11:39:29,322 [ERROR] LogOutputStream:75 - [STDERR_REDIRECT] 
2025-12-17 11:39:30,320 [ERROR] LogOutputStream:75 - [STDERR_REDIRECT] [Fatal Error] :1:1: Premature end of file.
2025-12-17 11:39:30,320 [ERROR] LogOutputStream:75 - [STDERR_REDIRECT] 
2025-12-17 11:39:31,310 [ERROR] LogOutputStream:75 - [STDERR_REDIRECT] [Fatal Error] :1:1: Premature end of file.
2025-12-17 11:39:31,311 [ERROR] LogOutputStream:75 - [STDERR_REDIRECT] 
2025-12-17 11:39:32,322 [ERROR] LogOutputStream:75 - [STDERR_REDIRECT] [Fatal Error] :1:1: Premature end of file.
2025-12-17 11:39:32,322 [ERROR] LogOutputStream:75 - [STDERR_REDIRECT] 
2025-12-17 11:39:33,315 [ERROR] LogOutputStream:75 - [STDERR_REDIRECT] [Fatal Error] :1:1: Premature end of file.
2025-12-17 11:39:33,315 [ERROR] LogOutputStream:75 - [STDERR_REDIRECT] 
2025-12-17 11:39:34,313 [ERROR] LogOutputStream:75 - [STDERR_REDIRECT] [Fatal Error] :1:1: Premature end of file.
2025-12-17 11:39:34,313 [ERROR] LogOutputStream:75 - [STDERR_REDIRECT] 
2025-12-17 11:39:35,320 [ERROR] LogOutputStream:75 - [STDERR_REDIRECT] [Fatal Error] :1:1: Premature end of file.
2025-12-17 11:39:35,321 [ERROR] LogOutputStream:75 - [STDERR_REDIRECT] 
2025-12-17 11:39:36,320 [ERROR] LogOutputStream:75 - [STDERR_REDIRECT] [Fatal Error] :1:1: Premature end of file.
2025-12-17 11:39:36,321 [ERROR] LogOutputStream:75 - [STDERR_REDIRECT] 
2025-12-17 11:39:37,324 [ERROR] LogOutputStream:75 - [STDERR_REDIRECT] [Fatal Error] :1:1: Premature end of file.
2025-12-17 11:39:37,324 [ERROR] LogOutputStream:75 - [STDERR_REDIRECT] 
2025-12-17 11:39:38,316 [ERROR] LogOutputStream:75 - [STDERR_REDIRECT] [Fatal Error] :1:1: Premature end of file.
2025-12-17 11:39:38,316 [ERROR] LogOutputStream:75 - [STDERR_REDIRECT] 
2025-12-17 11:39:39,312 [ERROR] LogOutputStream:75 - [STDERR_REDIRECT] [Fatal Error] :1:1: Premature end of file.
2025-12-17 11:39:39,312 [ERROR] LogOutputStream:75 - [STDERR_REDIRECT] 
2025-12-17 11:39:40,320 [ERROR] LogOutputStream:75 - [STDERR_REDIRECT] [Fatal Error] :1:1: Premature end of file.
2025-12-17 11:39:40,320 [ERROR] LogOutputStream:75 - [STDERR_REDIRECT] 
2025-12-17 11:39:41,312 [ERROR] LogOutputStream:75 - [STDERR_REDIRECT] [Fatal Error] :1:1: Premature end of file.
2025-12-17 11:39:41,312 [ERROR] LogOutputStream:75 - [STDERR_REDIRECT] 
2025-12-17 11:39:42,323 [ERROR] LogOutputStream:75 - [STDERR_REDIRECT] [Fatal Error] :1:1: Premature end of file.
2025-12-17 11:39:42,324 [ERROR] LogOutputStream:75 - [STDERR_REDIRECT] 
2025-12-17 11:39:43,313 [ERROR] LogOutputStream:75 - [STDERR_REDIRECT] [Fatal Error] :1:1: Premature end of file.
2025-12-17 11:39:43,313 [ERROR] LogOutputStream:75 - [STDERR_REDIRECT] 
2025-12-17 11:39:44,322 [ERROR] LogOutputStream:75 - [STDERR_REDIRECT] [Fatal Error] :1:1: Premature end of file.
2025-12-17 11:39:44,322 [ERROR] LogOutputStream:75 - [STDERR_REDIRECT] 
2025-12-17 11:39:45,318 [ERROR] LogOutputStream:75 - [STDERR_REDIRECT] [Fatal Error] :1:1: Premature end of file.
2025-12-17 11:39:45,318 [ERROR] LogOutputStream:75 - [STDERR_REDIRECT] 
2025-12-17 11:39:46,310 [ERROR] LogOutputStream:75 - [STDERR_REDIRECT] [Fatal Error] :1:1: Premature end of file.
2025-12-17 11:39:46,310 [ERROR] LogOutputStream:75 - [STDERR_REDIRECT] 
2025-12-17 11:39:47,320 [ERROR] LogOutputStream:75 - [STDERR_REDIRECT] [Fatal Error] :1:1: Premature end of file.
2025-12-17 11:39:47,320 [ERROR] LogOutputStream:75 - [STDERR_REDIRECT] 
2025-12-17 11:39:48,308 [ERROR] LogOutputStream:75 - [STDERR_REDIRECT] [Fatal Error] :1:1: Premature end of file.
2025-12-17 11:39:48,309 [ERROR] LogOutputStream:75 - [STDERR_REDIRECT] 
2025-12-17 11:39:49,308 [ERROR] LogOutputStream:75 - [STDERR_REDIRECT] [Fatal Error] :1:1: Premature end of file.
2025-12-17 11:39:49,308 [ERROR] LogOutputStream:75 - [STDERR_REDIRECT] 
2025-12-17 11:39:50,308 [ERROR] LogOutputStream:75 - [STDERR_REDIRECT] [Fatal Error] :1:1: Premature end of file.
2025-12-17 11:39:50,308 [ERROR] LogOutputStream:75 - [STDERR_REDIRECT] 
2025-12-17 11:39:51,319 [ERROR] LogOutputStream:75 - [STDERR_REDIRECT] [Fatal Error] :1:1: Premature end of file.
2025-12-17 11:39:51,319 [ERROR] LogOutputStream:75 - [STDERR_REDIRECT] 
2025-12-17 11:39:52,312 [ERROR] LogOutputStream:75 - [STDERR_REDIRECT] [Fatal Error] :1:1: Premature end of file.
2025-12-17 11:39:52,312 [ERROR] LogOutputStream:75 - [STDERR_REDIRECT] 
2025-12-17 11:39:53,309 [ERROR] LogOutputStream:75 - [STDERR_REDIRECT] [Fatal Error] :1:1: Premature end of file.
2025-12-17 11:39:53,310 [ERROR] LogOutputStream:75 - [STDERR_REDIRECT] 
2025-12-17 11:39:54,308 [ERROR] LogOutputStream:75 - [STDERR_REDIRECT] [Fatal Error] :1:1: Premature end of file.
2025-12-17 11:39:54,308 [ERROR] LogOutputStream:75 - [STDERR_REDIRECT] 
2025-12-17 11:39:55,307 [ERROR] LogOutputStream:75 - [STDERR_REDIRECT] [Fatal Error] :1:1: Premature end of file.
2025-12-17 11:39:55,307 [ERROR] LogOutputStream:75 - [STDERR_REDIRECT] 
2025-12-17 11:39:56,308 [ERROR] LogOutputStream:75 - [STDERR_REDIRECT] [Fatal Error] :1:1: Premature end of file.
2025-12-17 11:39:56,308 [ERROR] LogOutputStream:75 - [STDERR_REDIRECT] 
2025-12-17 11:39:57,308 [ERROR] LogOutputStream:75 - [STDERR_REDIRECT] [Fatal Error] :1:1: Premature end of file.
2025-12-17 11:39:57,308 [ERROR] LogOutputStream:75 - [STDERR_REDIRECT] 
2025-12-17 11:39:58,308 [ERROR] LogOutputStream:75 - [STDERR_REDIRECT] [Fatal Error] :1:1: Premature end of file.
2025-12-17 11:39:58,308 [ERROR] LogOutputStream:75 - [STDERR_REDIRECT] 
2025-12-17 11:39:59,309 [ERROR] LogOutputStream:75 - [STDERR_REDIRECT] [Fatal Error] :1:1: Premature end of file.
2025-12-17 11:39:59,309 [ERROR] LogOutputStream:75 - [STDERR_REDIRECT] 
2025-12-17 11:40:00,307 [ERROR] LogOutputStream:75 - [STDERR_REDIRECT] [Fatal Error] :1:1: Premature end of file.
2025-12-17 11:40:00,307 [ERROR] LogOutputStream:75 - [STDERR_REDIRECT] 
2025-12-17 11:40:01,308 [ERROR] LogOutputStream:75 - [STDERR_REDIRECT] [Fatal Error] :1:1: Premature end of file.
2025-12-17 11:40:01,308 [ERROR] LogOutputStream:75 - [STDERR_REDIRECT] 
2025-12-17 11:40:02,309 [ERROR] LogOutputStream:75 - [STDERR_REDIRECT] [Fatal Error] :1:1: Premature end of file.
2025-12-17 11:40:02,309 [ERROR] LogOutputStream:75 - [STDERR_REDIRECT] 
2025-12-17 11:40:03,307 [ERROR] LogOutputStream:75 - [STDERR_REDIRECT] [Fatal Error] :1:1: Premature end of file.
2025-12-17 11:40:03,307 [ERROR] LogOutputStream:75 - [STDERR_REDIRECT] 
2025-12-17 11:40:04,307 [ERROR] LogOutputStream:75 - [STDERR_REDIRECT] [Fatal Error] :1:1: Premature end of file.
2025-12-17 11:40:04,307 [ERROR] LogOutputStream:75 - [STDERR_REDIRECT] 
2025-12-17 11:40:05,308 [ERROR] LogOutputStream:75 - [STDERR_REDIRECT] [Fatal Error] :1:1: Premature end of file.
2025-12-17 11:40:05,308 [ERROR] LogOutputStream:75 - [STDERR_REDIRECT] 
2025-12-17 11:40:06,308 [ERROR] LogOutputStream:75 - [STDERR_REDIRECT] [Fatal Error] :1:1: Premature end of file.
2025-12-17 11:40:06,308 [ERROR] LogOutputStream:75 - [STDERR_REDIRECT] 
2025-12-17 11:40:07,308 [ERROR] LogOutputStream:75 - [STDERR_REDIRECT] [Fatal Error] :1:1: Premature end of file.
2025-12-17 11:40:07,309 [ERROR] LogOutputStream:75 - [STDERR_REDIRECT] 
2025-12-17 11:40:08,310 [ERROR] LogOutputStream:75 - [STDERR_REDIRECT] [Fatal Error] :1:1: Premature end of file.
2025-12-17 11:40:08,310 [ERROR] LogOutputStream:75 - [STDERR_REDIRECT] 
2025-12-17 11:40:09,315 [ERROR] LogOutputStream:75 - [STDERR_REDIRECT] [Fatal Error] :1:1: Premature end of file.
2025-12-17 11:40:09,315 [ERROR] LogOutputStream:75 - [STDERR_REDIRECT] 
2025-12-17 11:40:10,308 [ERROR] LogOutputStream:75 - [STDERR_REDIRECT] [Fatal Error] :1:1: Premature end of file.
2025-12-17 11:40:10,308 [ERROR] LogOutputStream:75 - [STDERR_REDIRECT] 
2025-12-17 11:40:11,307 [ERROR] LogOutputStream:75 - [STDERR_REDIRECT] [Fatal Error] :1:1: Premature end of file.
2025-12-17 11:40:11,307 [ERROR] LogOutputStream:75 - [STDERR_REDIRECT] 
2025-12-17 11:40:12,308 [ERROR] LogOutputStream:75 - [STDERR_REDIRECT] [Fatal Error] :1:1: Premature end of file.
2025-12-17 11:40:12,308 [ERROR] LogOutputStream:75 - [STDERR_REDIRECT] 
2025-12-17 11:40:13,308 [ERROR] LogOutputStream:75 - [STDERR_REDIRECT] [Fatal Error] :1:1: Premature end of file.
2025-12-17 11:40:13,308 [ERROR] LogOutputStream:75 - [STDERR_REDIRECT] 
2025-12-17 11:40:14,309 [ERROR] LogOutputStream:75 - [STDERR_REDIRECT] [Fatal Error] :1:1: Premature end of file.
2025-12-17 11:40:14,309 [ERROR] LogOutputStream:75 - [STDERR_REDIRECT] 
2025-12-17 11:40:15,308 [ERROR] LogOutputStream:75 - [STDERR_REDIRECT] [Fatal Error] :1:1: Premature end of file.
2025-12-17 11:40:15,309 [ERROR] LogOutputStream:75 - [STDERR_REDIRECT] 
2025-12-17 11:40:16,307 [ERROR] LogOutputStream:75 - [STDERR_REDIRECT] [Fatal Error] :1:1: Premature end of file.
2025-12-17 11:40:16,309 [ERROR] LogOutputStream:75 - [STDERR_REDIRECT] 
2025-12-17 11:40:17,307 [ERROR] LogOutputStream:75 - [STDERR_REDIRECT] [Fatal Error] :1:1: Premature end of file.
2025-12-17 11:40:17,307 [ERROR] LogOutputStream:75 - [STDERR_REDIRECT] 
2025-12-17 11:40:18,307 [ERROR] LogOutputStream:75 - [STDERR_REDIRECT] [Fatal Error] :1:1: Premature end of file.
2025-12-17 11:40:18,308 [ERROR] LogOutputStream:75 - [STDERR_REDIRECT] 
2025-12-17 11:40:19,307 [ERROR] LogOutputStream:75 - [STDERR_REDIRECT] [Fatal Error] :1:1: Premature end of file.
2025-12-17 11:40:19,307 [ERROR] LogOutputStream:75 - [STDERR_REDIRECT] 
2025-12-17 11:40:20,308 [ERROR] LogOutputStream:75 - [STDERR_REDIRECT] [Fatal Error] :1:1: Premature end of file.
2025-12-17 11:40:20,308 [ERROR] LogOutputStream:75 - [STDERR_REDIRECT] 
2025-12-17 11:40:21,311 [ERROR] LogOutputStream:75 - [STDERR_REDIRECT] [Fatal Error] :1:1: Premature end of file.
2025-12-17 11:40:21,311 [ERROR] LogOutputStream:75 - [STDERR_REDIRECT] 
2025-12-17 11:40:22,309 [ERROR] LogOutputStream:75 - [STDERR_REDIRECT] [Fatal Error] :1:1: Premature end of file.
2025-12-17 11:40:22,309 [ERROR] LogOutputStream:75 - [STDERR_REDIRECT] 
2025-12-17 11:40:23,308 [ERROR] LogOutputStream:75 - [STDERR_REDIRECT] [Fatal Error] :1:1: Premature end of file.
2025-12-17 11:40:23,308 [ERROR] LogOutputStream:75 - [STDERR_REDIRECT] 
2025-12-17 11:40:24,308 [ERROR] LogOutputStream:75 - [STDERR_REDIRECT] [Fatal Error] :1:1: Premature end of file.
2025-12-17 11:40:24,308 [ERROR] LogOutputStream:75 - [STDERR_REDIRECT] 
2025-12-17 11:40:25,307 [ERROR] LogOutputStream:75 - [STDERR_REDIRECT] [Fatal Error] :1:1: Premature end of file.
2025-12-17 11:40:25,307 [ERROR] LogOutputStream:75 - [STDERR_REDIRECT] 
2025-12-17 11:40:26,310 [ERROR] LogOutputStream:75 - [STDERR_REDIRECT] [Fatal Error] :1:1: Premature end of file.
2025-12-17 11:40:26,310 [ERROR] LogOutputStream:75 - [STDERR_REDIRECT] 
2025-12-17 11:40:27,307 [ERROR] LogOutputStream:75 - [STDERR_REDIRECT] [Fatal Error] :1:1: Premature end of file.
2025-12-17 11:40:27,308 [ERROR] LogOutputStream:75 - [STDERR_REDIRECT] 
2025-12-17 11:40:28,309 [ERROR] LogOutputStream:75 - [STDERR_REDIRECT] [Fatal Error] :1:1: Premature end of file.
2025-12-17 11:40:28,309 [ERROR] LogOutputStream:75 - [STDERR_REDIRECT] 
2025-12-17 11:40:29,312 [ERROR] LogOutputStream:75 - [STDERR_REDIRECT] [Fatal Error] :1:1: Premature end of file.
2025-12-17 11:40:29,312 [ERROR] LogOutputStream:75 - [STDERR_REDIRECT] 
2025-12-17 11:40:30,308 [ERROR] LogOutputStream:75 - [STDERR_REDIRECT] [Fatal Error] :1:1: Premature end of file.
2025-12-17 11:40:30,308 [ERROR] LogOutputStream:75 - [STDERR_REDIRECT] 
2025-12-17 11:40:31,308 [ERROR] LogOutputStream:75 - [STDERR_REDIRECT] [Fatal Error] :1:1: Premature end of file.
2025-12-17 11:40:31,308 [ERROR] LogOutputStream:75 - [STDERR_REDIRECT] 
2025-12-17 11:40:32,307 [ERROR] LogOutputStream:75 - [STDERR_REDIRECT] [Fatal Error] :1:1: Premature end of file.
2025-12-17 11:40:32,307 [ERROR] LogOutputStream:75 - [STDERR_REDIRECT] 
2025-12-17 11:40:33,313 [ERROR] LogOutputStream:75 - [STDERR_REDIRECT] [Fatal Error] :1:1: Premature end of file.
2025-12-17 11:40:33,313 [ERROR] LogOutputStream:75 - [STDERR_REDIRECT] 
2025-12-17 11:40:34,310 [ERROR] LogOutputStream:75 - [STDERR_REDIRECT] [Fatal Error] :1:1: Premature end of file.
2025-12-17 11:40:34,310 [ERROR] LogOutputStream:75 - [STDERR_REDIRECT] 
2025-12-17 11:40:35,310 [ERROR] LogOutputStream:75 - [STDERR_REDIRECT] [Fatal Error] :1:1: Premature end of file.
2025-12-17 11:40:35,310 [ERROR] LogOutputStream:75 - [STDERR_REDIRECT] 
2025-12-17 11:40:36,308 [ERROR] LogOutputStream:75 - [STDERR_REDIRECT] [Fatal Error] :1:1: Premature end of file.
2025-12-17 11:40:36,309 [ERROR] LogOutputStream:75 - [STDERR_REDIRECT] 
2025-12-17 11:40:37,310 [ERROR] LogOutputStream:75 - [STDERR_REDIRECT] [Fatal Error] :1:1: Premature end of file.
2025-12-17 11:40:37,310 [ERROR] LogOutputStream:75 - [STDERR_REDIRECT] 
2025-12-17 11:40:38,309 [ERROR] LogOutputStream:75 - [STDERR_REDIRECT] [Fatal Error] :1:1: Premature end of file.
2025-12-17 11:40:38,309 [ERROR] LogOutputStream:75 - [STDERR_REDIRECT] 
2025-12-17 11:40:39,309 [ERROR] LogOutputStream:75 - [STDERR_REDIRECT] [Fatal Error] :1:1: Premature end of file.
2025-12-17 11:40:39,310 [ERROR] LogOutputStream:75 - [STDERR_REDIRECT] 
2025-12-17 11:40:40,309 [ERROR] LogOutputStream:75 - [STDERR_REDIRECT] [Fatal Error] :1:1: Premature end of file.
2025-12-17 11:40:40,309 [ERROR] LogOutputStream:75 - [STDERR_REDIRECT] 
2025-12-17 11:40:41,313 [ERROR] LogOutputStream:75 - [STDERR_REDIRECT] [Fatal Error] :1:1: Premature end of file.
2025-12-17 11:40:41,313 [ERROR] LogOutputStream:75 - [STDERR_REDIRECT] 
2025-12-17 11:40:42,308 [ERROR] LogOutputStream:75 - [STDERR_REDIRECT] [Fatal Error] :1:1: Premature end of file.
2025-12-17 11:40:42,308 [ERROR] LogOutputStream:75 - [STDERR_REDIRECT] 
2025-12-17 11:40:43,309 [ERROR] LogOutputStream:75 - [STDERR_REDIRECT] [Fatal Error] :1:1: Premature end of file.
2025-12-17 11:40:43,309 [ERROR] LogOutputStream:75 - [STDERR_REDIRECT] 
2025-12-17 11:40:44,308 [ERROR] LogOutputStream:75 - [STDERR_REDIRECT] [Fatal Error] :1:1: Premature end of file.
2025-12-17 11:40:44,308 [ERROR] LogOutputStream:75 - [STDERR_REDIRECT] 
2025-12-17 11:40:45,309 [ERROR] LogOutputStream:75 - [STDERR_REDIRECT] [Fatal Error] :1:1: Premature end of file.
2025-12-17 11:40:45,309 [ERROR] LogOutputStream:75 - [STDERR_REDIRECT] 
2025-12-17 11:40:46,309 [ERROR] LogOutputStream:75 - [STDERR_REDIRECT] [Fatal Error] :1:1: Premature end of file.
2025-12-17 11:40:46,309 [ERROR] LogOutputStream:75 - [STDERR_REDIRECT] 
2025-12-17 11:40:47,308 [ERROR] LogOutputStream:75 - [STDERR_REDIRECT] [Fatal Error] :1:1: Premature end of file.
2025-12-17 11:40:47,309 [ERROR] LogOutputStream:75 - [STDERR_REDIRECT] 
2025-12-17 11:40:48,308 [ERROR] LogOutputStream:75 - [STDERR_REDIRECT] [Fatal Error] :1:1: Premature end of file.
2025-12-17 11:40:48,308 [ERROR] LogOutputStream:75 - [STDERR_REDIRECT] 
2025-12-17 11:40:49,308 [ERROR] LogOutputStream:75 - [STDERR_REDIRECT] [Fatal Error] :1:1: Premature end of file.
2025-12-17 11:40:49,308 [ERROR] LogOutputStream:75 - [STDERR_REDIRECT] 
2025-12-17 11:40:50,308 [ERROR] LogOutputStream:75 - [STDERR_REDIRECT] [Fatal Error] :1:1: Premature end of file.
2025-12-17 11:40:50,308 [ERROR] LogOutputStream:75 - [STDERR_REDIRECT] 
2025-12-17 11:40:51,310 [ERROR] LogOutputStream:75 - [STDERR_REDIRECT] [Fatal Error] :1:1: Premature end of file.
2025-12-17 11:40:51,310 [ERROR] LogOutputStream:75 - [STDERR_REDIRECT] 
2025-12-17 11:40:52,309 [ERROR] LogOutputStream:75 - [STDERR_REDIRECT] [Fatal Error] :1:1: Premature end of file.
2025-12-17 11:40:52,309 [ERROR] LogOutputStream:75 - [STDERR_REDIRECT] 
2025-12-17 11:40:53,308 [ERROR] LogOutputStream:75 - [STDERR_REDIRECT] [Fatal Error] :1:1: Premature end of file.
2025-12-17 11:40:53,308 [ERROR] LogOutputStream:75 - [STDERR_REDIRECT] 
2025-12-17 11:40:54,309 [ERROR] LogOutputStream:75 - [STDERR_REDIRECT] [Fatal Error] :1:1: Premature end of file.
2025-12-17 11:40:54,309 [ERROR] LogOutputStream:75 - [STDERR_REDIRECT] 
2025-12-17 11:40:55,308 [ERROR] LogOutputStream:75 - [STDERR_REDIRECT] [Fatal Error] :1:1: Premature end of file.
2025-12-17 11:40:55,308 [ERROR] LogOutputStream:75 - [STDERR_REDIRECT] 
2025-12-17 11:40:56,308 [ERROR] LogOutputStream:75 - [STDERR_REDIRECT] [Fatal Error] :1:1: Premature end of file.
2025-12-17 11:40:56,308 [ERROR] LogOutputStream:75 - [STDERR_REDIRECT] 
2025-12-17 11:40:57,308 [ERROR] LogOutputStream:75 - [STDERR_REDIRECT] [Fatal Error] :1:1: Premature end of file.
2025-12-17 11:40:57,308 [ERROR] LogOutputStream:75 - [STDERR_REDIRECT] 
2025-12-17 11:40:58,308 [ERROR] LogOutputStream:75 - [STDERR_REDIRECT] [Fatal Error] :1:1: Premature end of file.
2025-12-17 11:40:58,308 [ERROR] LogOutputStream:75 - [STDERR_REDIRECT] 
2025-12-17 11:40:59,309 [ERROR] LogOutputStream:75 - [STDERR_REDIRECT] [Fatal Error] :1:1: Premature end of file.
2025-12-17 11:40:59,309 [ERROR] LogOutputStream:75 - [STDERR_REDIRECT] 
2025-12-17 11:41:00,308 [ERROR] LogOutputStream:75 - [STDERR_REDIRECT] [Fatal Error] :1:1: Premature end of file.
2025-12-17 11:41:00,308 [ERROR] LogOutputStream:75 - [STDERR_REDIRECT] 
2025-12-17 11:41:01,307 [ERROR] LogOutputStream:75 - [STDERR_REDIRECT] [Fatal Error] :1:1: Premature end of file.
2025-12-17 11:41:01,308 [ERROR] LogOutputStream:75 - [STDERR_REDIRECT] 
2025-12-17 11:41:02,307 [ERROR] LogOutputStream:75 - [STDERR_REDIRECT] [Fatal Error] :1:1: Premature end of file.
2025-12-17 11:41:02,308 [ERROR] LogOutputStream:75 - [STDERR_REDIRECT] 
2025-12-17 11:41:03,309 [ERROR] LogOutputStream:75 - [STDERR_REDIRECT] [Fatal Error] :1:1: Premature end of file.
2025-12-17 11:41:03,310 [ERROR] LogOutputStream:75 - [STDERR_REDIRECT] 
2025-12-17 11:41:04,308 [ERROR] LogOutputStream:75 - [STDERR_REDIRECT] [Fatal Error] :1:1: Premature end of file.
2025-12-17 11:41:04,310 [ERROR] LogOutputStream:75 - [STDERR_REDIRECT] 
2025-12-17 11:41:05,310 [ERROR] LogOutputStream:75 - [STDERR_REDIRECT] [Fatal Error] :1:1: Premature end of file.
2025-12-17 11:41:05,310 [ERROR] LogOutputStream:75 - [STDERR_REDIRECT] 
2025-12-17 11:41:06,308 [ERROR] LogOutputStream:75 - [STDERR_REDIRECT] [Fatal Error] :1:1: Premature end of file.
2025-12-17 11:41:06,308 [ERROR] LogOutputStream:75 - [STDERR_REDIRECT] 
2025-12-17 11:41:07,308 [ERROR] LogOutputStream:75 - [STDERR_REDIRECT] [Fatal Error] :1:1: Premature end of file.
2025-12-17 11:41:07,309 [ERROR] LogOutputStream:75 - [STDERR_REDIRECT] 
2025-12-17 11:41:08,308 [ERROR] LogOutputStream:75 - [STDERR_REDIRECT] [Fatal Error] :1:1: Premature end of file.
2025-12-17 11:41:08,308 [ERROR] LogOutputStream:75 - [STDERR_REDIRECT] 
2025-12-17 11:41:09,308 [ERROR] LogOutputStream:75 - [STDERR_REDIRECT] [Fatal Error] :1:1: Premature end of file.
2025-12-17 11:41:09,308 [ERROR] LogOutputStream:75 - [STDERR_REDIRECT] 
2025-12-17 11:41:10,307 [ERROR] LogOutputStream:75 - [STDERR_REDIRECT] [Fatal Error] :1:1: Premature end of file.
2025-12-17 11:41:10,307 [ERROR] LogOutputStream:75 - [STDERR_REDIRECT] 
2025-12-17 11:41:11,307 [ERROR] LogOutputStream:75 - [STDERR_REDIRECT] [Fatal Error] :1:1: Premature end of file.
2025-12-17 11:41:11,307 [ERROR] LogOutputStream:75 - [STDERR_REDIRECT] 
2025-12-17 11:41:12,308 [ERROR] LogOutputStream:75 - [STDERR_REDIRECT] [Fatal Error] :1:1: Premature end of file.
2025-12-17 11:41:12,308 [ERROR] LogOutputStream:75 - [STDERR_REDIRECT] 
2025-12-17 11:41:13,307 [ERROR] LogOutputStream:75 - [STDERR_REDIRECT] [Fatal Error] :1:1: Premature end of file.
2025-12-17 11:41:13,307 [ERROR] LogOutputStream:75 - [STDERR_REDIRECT] 
2025-12-17 11:41:14,308 [ERROR] LogOutputStream:75 - [STDERR_REDIRECT] [Fatal Error] :1:1: Premature end of file.
2025-12-17 11:41:14,308 [ERROR] LogOutputStream:75 - [STDERR_REDIRECT] 
2025-12-17 11:41:15,308 [ERROR] LogOutputStream:75 - [STDERR_REDIRECT] [Fatal Error] :1:1: Premature end of file.
2025-12-17 11:41:15,308 [ERROR] LogOutputStream:75 - [STDERR_REDIRECT] 
2025-12-17 11:41:16,307 [ERROR] LogOutputStream:75 - [STDERR_REDIRECT] [Fatal Error] :1:1: Premature end of file.
2025-12-17 11:41:16,307 [ERROR] LogOutputStream:75 - [STDERR_REDIRECT] 
2025-12-17 11:41:17,309 [ERROR] LogOutputStream:75 - [STDERR_REDIRECT] [Fatal Error] :1:1: Premature end of file.
2025-12-17 11:41:17,309 [ERROR] LogOutputStream:75 - [STDERR_REDIRECT] 
2025-12-17 11:41:18,307 [ERROR] LogOutputStream:75 - [STDERR_REDIRECT] [Fatal Error] :1:1: Premature end of file.
2025-12-17 11:41:18,308 [ERROR] LogOutputStream:75 - [STDERR_REDIRECT] 
2025-12-17 11:41:19,308 [ERROR] LogOutputStream:75 - [STDERR_REDIRECT] [Fatal Error] :1:1: Premature end of file.
2025-12-17 11:41:19,308 [ERROR] LogOutputStream:75 - [STDERR_REDIRECT] 
2025-12-17 11:41:20,307 [ERROR] LogOutputStream:75 - [STDERR_REDIRECT] [Fatal Error] :1:1: Premature end of file.
2025-12-17 11:41:20,307 [ERROR] LogOutputStream:75 - [STDERR_REDIRECT] 
2025-12-17 11:41:21,308 [ERROR] LogOutputStream:75 - [STDERR_REDIRECT] [Fatal Error] :1:1: Premature end of file.
2025-12-17 11:41:21,308 [ERROR] LogOutputStream:75 - [STDERR_REDIRECT] 
2025-12-17 11:41:22,308 [ERROR] LogOutputStream:75 - [STDERR_REDIRECT] [Fatal Error] :1:1: Premature end of file.
2025-12-17 11:41:22,308 [ERROR] LogOutputStream:75 - [STDERR_REDIRECT] 
2025-12-17 11:41:23,309 [ERROR] LogOutputStream:75 - [STDERR_REDIRECT] [Fatal Error] :1:1: Premature end of file.
2025-12-17 11:41:23,309 [ERROR] LogOutputStream:75 - [STDERR_REDIRECT] 
2025-12-17 11:41:24,307 [ERROR] LogOutputStream:75 - [STDERR_REDIRECT] [Fatal Error] :1:1: Premature end of file.
2025-12-17 11:41:24,307 [ERROR] LogOutputStream:75 - [STDERR_REDIRECT] 
2025-12-17 11:41:25,307 [ERROR] LogOutputStream:75 - [STDERR_REDIRECT] [Fatal Error] :1:1: Premature end of file.
2025-12-17 11:41:25,308 [ERROR] LogOutputStream:75 - [STDERR_REDIRECT] 
2025-12-17 11:41:26,307 [ERROR] LogOutputStream:75 - [STDERR_REDIRECT] [Fatal Error] :1:1: Premature end of file.
2025-12-17 11:41:26,307 [ERROR] LogOutputStream:75 - [STDERR_REDIRECT] 
2025-12-17 11:41:27,308 [ERROR] LogOutputStream:75 - [STDERR_REDIRECT] [Fatal Error] :1:1: Premature end of file.
2025-12-17 11:41:27,309 [ERROR] LogOutputStream:75 - [STDERR_REDIRECT] 
2025-12-17 11:41:28,309 [ERROR] LogOutputStream:75 - [STDERR_REDIRECT] [Fatal Error] :1:1: Premature end of file.
2025-12-17 11:41:28,309 [ERROR] LogOutputStream:75 - [STDERR_REDIRECT] 
2025-12-17 11:41:29,310 [ERROR] LogOutputStream:75 - [STDERR_REDIRECT] [Fatal Error] :1:1: Premature end of file.
2025-12-17 11:41:29,310 [ERROR] LogOutputStream:75 - [STDERR_REDIRECT] 
2025-12-17 11:41:30,309 [ERROR] LogOutputStream:75 - [STDERR_REDIRECT] [Fatal Error] :1:1: Premature end of file.
2025-12-17 11:41:30,309 [ERROR] LogOutputStream:75 - [STDERR_REDIRECT] 
2025-12-17 11:41:31,307 [ERROR] LogOutputStream:75 - [STDERR_REDIRECT] [Fatal Error] :1:1: Premature end of file.
2025-12-17 11:41:31,308 [ERROR] LogOutputStream:75 - [STDERR_REDIRECT] 
2025-12-17 11:41:32,309 [ERROR] LogOutputStream:75 - [STDERR_REDIRECT] [Fatal Error] :1:1: Premature end of file.
2025-12-17 11:41:32,309 [ERROR] LogOutputStream:75 - [STDERR_REDIRECT] 
2025-12-17 11:41:33,309 [ERROR] LogOutputStream:75 - [STDERR_REDIRECT] [Fatal Error] :1:1: Premature end of file.
2025-12-17 11:41:33,309 [ERROR] LogOutputStream:75 - [STDERR_REDIRECT] 
2025-12-17 11:41:34,309 [ERROR] LogOutputStream:75 - [STDERR_REDIRECT] [Fatal Error] :1:1: Premature end of file.
2025-12-17 11:41:34,309 [ERROR] LogOutputStream:75 - [STDERR_REDIRECT] 
2025-12-17 11:41:35,309 [ERROR] LogOutputStream:75 - [STDERR_REDIRECT] [Fatal Error] :1:1: Premature end of file.
2025-12-17 11:41:35,309 [ERROR] LogOutputStream:75 - [STDERR_REDIRECT] 
2025-12-17 11:41:36,308 [ERROR] LogOutputStream:75 - [STDERR_REDIRECT] [Fatal Error] :1:1: Premature end of file.
2025-12-17 11:41:36,308 [ERROR] LogOutputStream:75 - [STDERR_REDIRECT] 
2025-12-17 11:41:37,308 [ERROR] LogOutputStream:75 - [STDERR_REDIRECT] [Fatal Error] :1:1: Premature end of file.
2025-12-17 11:41:37,308 [ERROR] LogOutputStream:75 - [STDERR_REDIRECT] 
2025-12-17 11:41:38,307 [ERROR] LogOutputStream:75 - [STDERR_REDIRECT] [Fatal Error] :1:1: Premature end of file.
2025-12-17 11:41:38,307 [ERROR] LogOutputStream:75 - [STDERR_REDIRECT] 
2025-12-17 11:41:39,308 [ERROR] LogOutputStream:75 - [STDERR_REDIRECT] [Fatal Error] :1:1: Premature end of file.
2025-12-17 11:41:39,308 [ERROR] LogOutputStream:75 - [STDERR_REDIRECT] 
2025-12-17 11:41:40,308 [ERROR] LogOutputStream:75 - [STDERR_REDIRECT] [Fatal Error] :1:1: Premature end of file.
2025-12-17 11:41:40,308 [ERROR] LogOutputStream:75 - [STDERR_REDIRECT] 
2025-12-17 11:41:41,307 [ERROR] LogOutputStream:75 - [STDERR_REDIRECT] [Fatal Error] :1:1: Premature end of file.
2025-12-17 11:41:41,307 [ERROR] LogOutputStream:75 - [STDERR_REDIRECT] 
2025-12-17 11:41:42,309 [ERROR] LogOutputStream:75 - [STDERR_REDIRECT] [Fatal Error] :1:1: Premature end of file.
2025-12-17 11:41:42,309 [ERROR] LogOutputStream:75 - [STDERR_REDIRECT] 
2025-12-17 11:41:43,308 [ERROR] LogOutputStream:75 - [STDERR_REDIRECT] [Fatal Error] :1:1: Premature end of file.
2025-12-17 11:41:43,308 [ERROR] LogOutputStream:75 - [STDERR_REDIRECT] 
2025-12-17 11:41:44,308 [ERROR] LogOutputStream:75 - [STDERR_REDIRECT] [Fatal Error] :1:1: Premature end of file.
2025-12-17 11:41:44,308 [ERROR] LogOutputStream:75 - [STDERR_REDIRECT] 
2025-12-17 11:41:45,307 [ERROR] LogOutputStream:75 - [STDERR_REDIRECT] [Fatal Error] :1:1: Premature end of file.
2025-12-17 11:41:45,308 [ERROR] LogOutputStream:75 - [STDERR_REDIRECT] 
2025-12-17 11:41:46,308 [ERROR] LogOutputStream:75 - [STDERR_REDIRECT] [Fatal Error] :1:1: Premature end of file.
2025-12-17 11:41:46,308 [ERROR] LogOutputStream:75 - [STDERR_REDIRECT] 
2025-12-17 11:41:47,308 [ERROR] LogOutputStream:75 - [STDERR_REDIRECT] [Fatal Error] :1:1: Premature end of file.
2025-12-17 11:41:47,309 [ERROR] LogOutputStream:75 - [STDERR_REDIRECT] 
2025-12-17 11:41:48,316 [ERROR] LogOutputStream:75 - [STDERR_REDIRECT] [Fatal Error] :1:1: Premature end of file.
2025-12-17 11:41:48,317 [ERROR] LogOutputStream:75 - [STDERR_REDIRECT] 
2025-12-17 11:41:49,312 [ERROR] LogOutputStream:75 - [STDERR_REDIRECT] [Fatal Error] :1:1: Premature end of file.
2025-12-17 11:41:49,312 [ERROR] LogOutputStream:75 - [STDERR_REDIRECT] 
2025-12-17 11:41:50,307 [ERROR] LogOutputStream:75 - [STDERR_REDIRECT] [Fatal Error] :1:1: Premature end of file.
2025-12-17 11:41:50,307 [ERROR] LogOutputStream:75 - [STDERR_REDIRECT] 
2025-12-17 11:41:51,311 [ERROR] LogOutputStream:75 - [STDERR_REDIRECT] [Fatal Error] :1:1: Premature end of file.
2025-12-17 11:41:51,312 [ERROR] LogOutputStream:75 - [STDERR_REDIRECT] 
2025-12-17 11:41:52,311 [ERROR] LogOutputStream:75 - [STDERR_REDIRECT] [Fatal Error] :1:1: Premature end of file.
2025-12-17 11:41:52,312 [ERROR] LogOutputStream:75 - [STDERR_REDIRECT] 
2025-12-17 11:41:53,308 [ERROR] LogOutputStream:75 - [STDERR_REDIRECT] [Fatal Error] :1:1: Premature end of file.
2025-12-17 11:41:53,308 [ERROR] LogOutputStream:75 - [STDERR_REDIRECT] 
2025-12-17 11:41:54,315 [ERROR] LogOutputStream:75 - [STDERR_REDIRECT] [Fatal Error] :1:1: Premature end of file.
2025-12-17 11:41:54,316 [ERROR] LogOutputStream:75 - [STDERR_REDIRECT] 
2025-12-17 11:41:55,308 [ERROR] LogOutputStream:75 - [STDERR_REDIRECT] [Fatal Error] :1:1: Premature end of file.
2025-12-17 11:41:55,308 [ERROR] LogOutputStream:75 - [STDERR_REDIRECT] 
2025-12-17 11:41:56,308 [ERROR] LogOutputStream:75 - [STDERR_REDIRECT] [Fatal Error] :1:1: Premature end of file.
2025-12-17 11:41:56,308 [ERROR] LogOutputStream:75 - [STDERR_REDIRECT] 
2025-12-17 11:41:57,309 [ERROR] LogOutputStream:75 - [STDERR_REDIRECT] [Fatal Error] :1:1: Premature end of file.
2025-12-17 11:41:57,309 [ERROR] LogOutputStream:75 - [STDERR_REDIRECT] 
2025-12-17 11:41:58,309 [ERROR] LogOutputStream:75 - [STDERR_REDIRECT] [Fatal Error] :1:1: Premature end of file.
2025-12-17 11:41:58,310 [ERROR] LogOutputStream:75 - [STDERR_REDIRECT] 
2025-12-17 11:41:59,316 [ERROR] LogOutputStream:75 - [STDERR_REDIRECT] [Fatal Error] :1:1: Premature end of file.
2025-12-17 11:41:59,316 [ERROR] LogOutputStream:75 - [STDERR_REDIRECT] 
2025-12-17 11:42:00,310 [ERROR] LogOutputStream:75 - [STDERR_REDIRECT] [Fatal Error] :1:1: Premature end of file.
2025-12-17 11:42:00,310 [ERROR] LogOutputStream:75 - [STDERR_REDIRECT] 
2025-12-17 11:42:01,315 [ERROR] LogOutputStream:75 - [STDERR_REDIRECT] [Fatal Error] :1:1: Premature end of file.
2025-12-17 11:42:01,316 [ERROR] LogOutputStream:75 - [STDERR_REDIRECT] 
2025-12-17 11:42:02,314 [ERROR] LogOutputStream:75 - [STDERR_REDIRECT] [Fatal Error] :1:1: Premature end of file.
2025-12-17 11:42:02,314 [ERROR] LogOutputStream:75 - [STDERR_REDIRECT] 
2025-12-17 11:42:03,310 [ERROR] LogOutputStream:75 - [STDERR_REDIRECT] [Fatal Error] :1:1: Premature end of file.
2025-12-17 11:42:03,310 [ERROR] LogOutputStream:75 - [STDERR_REDIRECT] 
2025-12-17 11:42:04,319 [ERROR] LogOutputStream:75 - [STDERR_REDIRECT] [Fatal Error] :1:1: Premature end of file.
2025-12-17 11:42:04,319 [ERROR] LogOutputStream:75 - [STDERR_REDIRECT] 
2025-12-17 11:42:05,312 [ERROR] LogOutputStream:75 - [STDERR_REDIRECT] [Fatal Error] :1:1: Premature end of file.
2025-12-17 11:42:05,312 [ERROR] LogOutputStream:75 - [STDERR_REDIRECT] 
2025-12-17 11:42:06,314 [ERROR] LogOutputStream:75 - [STDERR_REDIRECT] [Fatal Error] :1:1: Premature end of file.
2025-12-17 11:42:06,314 [ERROR] LogOutputStream:75 - [STDERR_REDIRECT] 
2025-12-17 11:42:07,312 [ERROR] LogOutputStream:75 - [STDERR_REDIRECT] [Fatal Error] :1:1: Premature end of file.
2025-12-17 11:42:07,312 [ERROR] LogOutputStream:75 - [STDERR_REDIRECT] 
2025-12-17 11:42:08,307 [ERROR] LogOutputStream:75 - [STDERR_REDIRECT] [Fatal Error] :1:1: Premature end of file.
2025-12-17 11:42:08,307 [ERROR] LogOutputStream:75 - [STDERR_REDIRECT] 
2025-12-17 11:42:09,308 [ERROR] LogOutputStream:75 - [STDERR_REDIRECT] [Fatal Error] :1:1: Premature end of file.
2025-12-17 11:42:09,310 [ERROR] LogOutputStream:75 - [STDERR_REDIRECT] 
2025-12-17 11:42:10,310 [ERROR] LogOutputStream:75 - [STDERR_REDIRECT] [Fatal Error] :1:1: Premature end of file.
2025-12-17 11:42:10,310 [ERROR] LogOutputStream:75 - [STDERR_REDIRECT] 
2025-12-17 11:42:11,309 [ERROR] LogOutputStream:75 - [STDERR_REDIRECT] [Fatal Error] :1:1: Premature end of file.
2025-12-17 11:42:11,309 [ERROR] LogOutputStream:75 - [STDERR_REDIRECT] 
2025-12-17 11:42:12,308 [ERROR] LogOutputStream:75 - [STDERR_REDIRECT] [Fatal Error] :1:1: Premature end of file.
2025-12-17 11:42:12,309 [ERROR] LogOutputStream:75 - [STDERR_REDIRECT] 
2025-12-17 11:42:13,308 [ERROR] LogOutputStream:75 - [STDERR_REDIRECT] [Fatal Error] :1:1: Premature end of file.
2025-12-17 11:42:13,310 [ERROR] LogOutputStream:75 - [STDERR_REDIRECT] 
2025-12-17 11:42:14,308 [ERROR] LogOutputStream:75 - [STDERR_REDIRECT] [Fatal Error] :1:1: Premature end of file.
2025-12-17 11:42:14,308 [ERROR] LogOutputStream:75 - [STDERR_REDIRECT] 
2025-12-17 11:42:15,307 [ERROR] LogOutputStream:75 - [STDERR_REDIRECT] [Fatal Error] :1:1: Premature end of file.
2025-12-17 11:42:15,307 [ERROR] LogOutputStream:75 - [STDERR_REDIRECT] 
2025-12-17 11:42:16,308 [ERROR] LogOutputStream:75 - [STDERR_REDIRECT] [Fatal Error] :1:1: Premature end of file.
2025-12-17 11:42:16,308 [ERROR] LogOutputStream:75 - [STDERR_REDIRECT] 
2025-12-17 11:42:17,311 [ERROR] LogOutputStream:75 - [STDERR_REDIRECT] [Fatal Error] :1:1: Premature end of file.
2025-12-17 11:42:17,311 [ERROR] LogOutputStream:75 - [STDERR_REDIRECT] 
2025-12-17 11:42:18,307 [ERROR] LogOutputStream:75 - [STDERR_REDIRECT] [Fatal Error] :1:1: Premature end of file.
2025-12-17 11:42:18,307 [ERROR] LogOutputStream:75 - [STDERR_REDIRECT] 
2025-12-17 11:42:19,307 [ERROR] LogOutputStream:75 - [STDERR_REDIRECT] [Fatal Error] :1:1: Premature end of file.
2025-12-17 11:42:19,307 [ERROR] LogOutputStream:75 - [STDERR_REDIRECT] 
2025-12-17 11:42:20,308 [ERROR] LogOutputStream:75 - [STDERR_REDIRECT] [Fatal Error] :1:1: Premature end of file.
2025-12-17 11:42:20,309 [ERROR] LogOutputStream:75 - [STDERR_REDIRECT] 
2025-12-17 11:42:21,309 [ERROR] LogOutputStream:75 - [STDERR_REDIRECT] [Fatal Error] :1:1: Premature end of file.
2025-12-17 11:42:21,310 [ERROR] LogOutputStream:75 - [STDERR_REDIRECT] 
2025-12-17 11:42:22,318 [ERROR] LogOutputStream:75 - [STDERR_REDIRECT] [Fatal Error] :1:1: Premature end of file.
2025-12-17 11:42:22,318 [ERROR] LogOutputStream:75 - [STDERR_REDIRECT] 
2025-12-17 11:42:23,309 [ERROR] LogOutputStream:75 - [STDERR_REDIRECT] [Fatal Error] :1:1: Premature end of file.
2025-12-17 11:42:23,309 [ERROR] LogOutputStream:75 - [STDERR_REDIRECT] 
2025-12-17 11:42:24,308 [ERROR] LogOutputStream:75 - [STDERR_REDIRECT] [Fatal Error] :1:1: Premature end of file.
2025-12-17 11:42:24,308 [ERROR] LogOutputStream:75 - [STDERR_REDIRECT] 
2025-12-17 11:42:25,309 [ERROR] LogOutputStream:75 - [STDERR_REDIRECT] [Fatal Error] :1:1: Premature end of file.
2025-12-17 11:42:25,309 [ERROR] LogOutputStream:75 - [STDERR_REDIRECT] 
2025-12-17 11:42:26,308 [ERROR] LogOutputStream:75 - [STDERR_REDIRECT] [Fatal Error] :1:1: Premature end of file.
2025-12-17 11:42:26,309 [ERROR] LogOutputStream:75 - [STDERR_REDIRECT] 
2025-12-17 11:42:27,309 [ERROR] LogOutputStream:75 - [STDERR_REDIRECT] [Fatal Error] :1:1: Premature end of file.
2025-12-17 11:42:27,309 [ERROR] LogOutputStream:75 - [STDERR_REDIRECT] 
2025-12-17 11:42:28,310 [ERROR] LogOutputStream:75 - [STDERR_REDIRECT] [Fatal Error] :1:1: Premature end of file.
2025-12-17 11:42:28,310 [ERROR] LogOutputStream:75 - [STDERR_REDIRECT] 
2025-12-17 11:42:29,308 [ERROR] LogOutputStream:75 - [STDERR_REDIRECT] [Fatal Error] :1:1: Premature end of file.
2025-12-17 11:42:29,308 [ERROR] LogOutputStream:75 - [STDERR_REDIRECT] 
2025-12-17 11:42:30,308 [ERROR] LogOutputStream:75 - [STDERR_REDIRECT] [Fatal Error] :1:1: Premature end of file.
2025-12-17 11:42:30,308 [ERROR] LogOutputStream:75 - [STDERR_REDIRECT] 
2025-12-17 11:42:31,308 [ERROR] LogOutputStream:75 - [STDERR_REDIRECT] [Fatal Error] :1:1: Premature end of file.
2025-12-17 11:42:31,308 [ERROR] LogOutputStream:75 - [STDERR_REDIRECT] 
2025-12-17 11:42:32,309 [ERROR] LogOutputStream:75 - [STDERR_REDIRECT] [Fatal Error] :1:1: Premature end of file.
2025-12-17 11:42:32,309 [ERROR] LogOutputStream:75 - [STDERR_REDIRECT] 
2025-12-17 11:42:33,308 [ERROR] LogOutputStream:75 - [STDERR_REDIRECT] [Fatal Error] :1:1: Premature end of file.
2025-12-17 11:42:33,308 [ERROR] LogOutputStream:75 - [STDERR_REDIRECT] 
2025-12-17 11:42:34,308 [ERROR] LogOutputStream:75 - [STDERR_REDIRECT] [Fatal Error] :1:1: Premature end of file.
2025-12-17 11:42:34,308 [ERROR] LogOutputStream:75 - [STDERR_REDIRECT] 
2025-12-17 11:42:35,308 [ERROR] LogOutputStream:75 - [STDERR_REDIRECT] [Fatal Error] :1:1: Premature end of file.
2025-12-17 11:42:35,308 [ERROR] LogOutputStream:75 - [STDERR_REDIRECT] 
2025-12-17 11:42:36,308 [ERROR] LogOutputStream:75 - [STDERR_REDIRECT] [Fatal Error] :1:1: Premature end of file.
2025-12-17 11:42:36,309 [ERROR] LogOutputStream:75 - [STDERR_REDIRECT] 
2025-12-17 11:42:37,308 [ERROR] LogOutputStream:75 - [STDERR_REDIRECT] [Fatal Error] :1:1: Premature end of file.
2025-12-17 11:42:37,308 [ERROR] LogOutputStream:75 - [STDERR_REDIRECT] 
2025-12-17 11:42:38,308 [ERROR] LogOutputStream:75 - [STDERR_REDIRECT] [Fatal Error] :1:1: Premature end of file.
2025-12-17 11:42:38,308 [ERROR] LogOutputStream:75 - [STDERR_REDIRECT] 
2025-12-17 11:42:39,309 [ERROR] LogOutputStream:75 - [STDERR_REDIRECT] [Fatal Error] :1:1: Premature end of file.
2025-12-17 11:42:39,309 [ERROR] LogOutputStream:75 - [STDERR_REDIRECT] 
2025-12-17 11:42:40,310 [ERROR] LogOutputStream:75 - [STDERR_REDIRECT] [Fatal Error] :1:1: Premature end of file.
2025-12-17 11:42:40,310 [ERROR] LogOutputStream:75 - [STDERR_REDIRECT] 
2025-12-17 11:42:41,307 [ERROR] LogOutputStream:75 - [STDERR_REDIRECT] [Fatal Error] :1:1: Premature end of file.
2025-12-17 11:42:41,308 [ERROR] LogOutputStream:75 - [STDERR_REDIRECT] 
2025-12-17 11:42:42,309 [ERROR] LogOutputStream:75 - [STDERR_REDIRECT] [Fatal Error] :1:1: Premature end of file.
2025-12-17 11:42:42,309 [ERROR] LogOutputStream:75 - [STDERR_REDIRECT] 
2025-12-17 11:42:43,325 [ERROR] LogOutputStream:75 - [STDERR_REDIRECT] [Fatal Error] :1:1: Premature end of file.
2025-12-17 11:42:43,325 [ERROR] LogOutputStream:75 - [STDERR_REDIRECT] 
2025-12-17 11:42:44,309 [ERROR] LogOutputStream:75 - [STDERR_REDIRECT] [Fatal Error] :1:1: Premature end of file.
2025-12-17 11:42:44,309 [ERROR] LogOutputStream:75 - [STDERR_REDIRECT] 
2025-12-17 11:42:45,308 [ERROR] LogOutputStream:75 - [STDERR_REDIRECT] [Fatal Error] :1:1: Premature end of file.
2025-12-17 11:42:45,308 [ERROR] LogOutputStream:75 - [STDERR_REDIRECT] 
2025-12-17 11:42:46,310 [ERROR] LogOutputStream:75 - [STDERR_REDIRECT] [Fatal Error] :1:1: Premature end of file.
2025-12-17 11:42:46,310 [ERROR] LogOutputStream:75 - [STDERR_REDIRECT] 
2025-12-17 11:42:47,310 [ERROR] LogOutputStream:75 - [STDERR_REDIRECT] [Fatal Error] :1:1: Premature end of file.
2025-12-17 11:42:47,310 [ERROR] LogOutputStream:75 - [STDERR_REDIRECT] 
2025-12-17 11:42:48,310 [ERROR] LogOutputStream:75 - [STDERR_REDIRECT] [Fatal Error] :1:1: Premature end of file.
2025-12-17 11:42:48,310 [ERROR] LogOutputStream:75 - [STDERR_REDIRECT] 
2025-12-17 11:42:49,308 [ERROR] LogOutputStream:75 - [STDERR_REDIRECT] [Fatal Error] :1:1: Premature end of file.
2025-12-17 11:42:49,308 [ERROR] LogOutputStream:75 - [STDERR_REDIRECT] 
2025-12-17 11:42:50,311 [ERROR] LogOutputStream:75 - [STDERR_REDIRECT] [Fatal Error] :1:1: Premature end of file.
2025-12-17 11:42:50,311 [ERROR] LogOutputStream:75 - [STDERR_REDIRECT] 
2025-12-17 11:42:51,308 [ERROR] LogOutputStream:75 - [STDERR_REDIRECT] [Fatal Error] :1:1: Premature end of file.
2025-12-17 11:42:51,308 [ERROR] LogOutputStream:75 - [STDERR_REDIRECT] 
2025-12-17 11:42:52,308 [ERROR] LogOutputStream:75 - [STDERR_REDIRECT] [Fatal Error] :1:1: Premature end of file.
2025-12-17 11:42:52,309 [ERROR] LogOutputStream:75 - [STDERR_REDIRECT] 
2025-12-17 11:42:53,309 [ERROR] LogOutputStream:75 - [STDERR_REDIRECT] [Fatal Error] :1:1: Premature end of file.
2025-12-17 11:42:53,309 [ERROR] LogOutputStream:75 - [STDERR_REDIRECT] 
2025-12-17 11:42:54,312 [ERROR] LogOutputStream:75 - [STDERR_REDIRECT] [Fatal Error] :1:1: Premature end of file.
2025-12-17 11:42:54,312 [ERROR] LogOutputStream:75 - [STDERR_REDIRECT] 
2025-12-17 11:42:55,308 [ERROR] LogOutputStream:75 - [STDERR_REDIRECT] [Fatal Error] :1:1: Premature end of file.
2025-12-17 11:42:55,308 [ERROR] LogOutputStream:75 - [STDERR_REDIRECT] 
2025-12-17 11:42:56,309 [ERROR] LogOutputStream:75 - [STDERR_REDIRECT] [Fatal Error] :1:1: Premature end of file.
2025-12-17 11:42:56,309 [ERROR] LogOutputStream:75 - [STDERR_REDIRECT] 
2025-12-17 11:42:57,308 [ERROR] LogOutputStream:75 - [STDERR_REDIRECT] [Fatal Error] :1:1: Premature end of file.
2025-12-17 11:42:57,308 [ERROR] LogOutputStream:75 - [STDERR_REDIRECT] 
2025-12-17 11:42:58,308 [ERROR] LogOutputStream:75 - [STDERR_REDIRECT] [Fatal Error] :1:1: Premature end of file.
2025-12-17 11:42:58,309 [ERROR] LogOutputStream:75 - [STDERR_REDIRECT] 
2025-12-17 11:42:59,308 [ERROR] LogOutputStream:75 - [STDERR_REDIRECT] [Fatal Error] :1:1: Premature end of file.
2025-12-17 11:42:59,308 [ERROR] LogOutputStream:75 - [STDERR_REDIRECT] 
2025-12-17 11:43:00,309 [ERROR] LogOutputStream:75 - [STDERR_REDIRECT] [Fatal Error] :1:1: Premature end of file.
2025-12-17 11:43:00,309 [ERROR] LogOutputStream:75 - [STDERR_REDIRECT] 
2025-12-17 11:43:01,308 [ERROR] LogOutputStream:75 - [STDERR_REDIRECT] [Fatal Error] :1:1: Premature end of file.
2025-12-17 11:43:01,308 [ERROR] LogOutputStream:75 - [STDERR_REDIRECT] 
2025-12-17 11:43:02,308 [ERROR] LogOutputStream:75 - [STDERR_REDIRECT] [Fatal Error] :1:1: Premature end of file.
2025-12-17 11:43:02,308 [ERROR] LogOutputStream:75 - [STDERR_REDIRECT] 
2025-12-17 11:43:03,310 [ERROR] LogOutputStream:75 - [STDERR_REDIRECT] [Fatal Error] :1:1: Premature end of file.
2025-12-17 11:43:03,310 [ERROR] LogOutputStream:75 - [STDERR_REDIRECT] 
2025-12-17 11:43:04,309 [ERROR] LogOutputStream:75 - [STDERR_REDIRECT] [Fatal Error] :1:1: Premature end of file.
2025-12-17 11:43:04,309 [ERROR] LogOutputStream:75 - [STDERR_REDIRECT] 
2025-12-17 11:43:05,307 [ERROR] LogOutputStream:75 - [STDERR_REDIRECT] [Fatal Error] :1:1: Premature end of file.
2025-12-17 11:43:05,307 [ERROR] LogOutputStream:75 - [STDERR_REDIRECT] 
2025-12-17 11:43:06,310 [ERROR] LogOutputStream:75 - [STDERR_REDIRECT] [Fatal Error] :1:1: Premature end of file.
2025-12-17 11:43:06,310 [ERROR] LogOutputStream:75 - [STDERR_REDIRECT] 
2025-12-17 11:43:07,310 [ERROR] LogOutputStream:75 - [STDERR_REDIRECT] [Fatal Error] :1:1: Premature end of file.
2025-12-17 11:43:07,310 [ERROR] LogOutputStream:75 - [STDERR_REDIRECT] 
2025-12-17 11:43:08,308 [ERROR] LogOutputStream:75 - [STDERR_REDIRECT] [Fatal Error] :1:1: Premature end of file.
2025-12-17 11:43:08,309 [ERROR] LogOutputStream:75 - [STDERR_REDIRECT] 
2025-12-17 11:43:09,307 [ERROR] LogOutputStream:75 - [STDERR_REDIRECT] [Fatal Error] :1:1: Premature end of file.
2025-12-17 11:43:09,307 [ERROR] LogOutputStream:75 - [STDERR_REDIRECT] 
2025-12-17 11:43:10,306 [ERROR] LogOutputStream:75 - [STDERR_REDIRECT] [Fatal Error] :1:1: Premature end of file.
2025-12-17 11:43:10,307 [ERROR] LogOutputStream:75 - [STDERR_REDIRECT] 
2025-12-17 11:43:11,308 [ERROR] LogOutputStream:75 - [STDERR_REDIRECT] [Fatal Error] :1:1: Premature end of file.
2025-12-17 11:43:11,308 [ERROR] LogOutputStream:75 - [STDERR_REDIRECT] 
2025-12-17 11:43:12,308 [ERROR] LogOutputStream:75 - [STDERR_REDIRECT] [Fatal Error] :1:1: Premature end of file.
2025-12-17 11:43:12,308 [ERROR] LogOutputStream:75 - [STDERR_REDIRECT] 
2025-12-17 11:43:13,306 [ERROR] LogOutputStream:75 - [STDERR_REDIRECT] [Fatal Error] :1:1: Premature end of file.
2025-12-17 11:43:13,306 [ERROR] LogOutputStream:75 - [STDERR_REDIRECT] 
2025-12-17 11:43:14,309 [ERROR] LogOutputStream:75 - [STDERR_REDIRECT] [Fatal Error] :1:1: Premature end of file.
2025-12-17 11:43:14,309 [ERROR] LogOutputStream:75 - [STDERR_REDIRECT] 
2025-12-17 11:43:15,307 [ERROR] LogOutputStream:75 - [STDERR_REDIRECT] [Fatal Error] :1:1: Premature end of file.
2025-12-17 11:43:15,308 [ERROR] LogOutputStream:75 - [STDERR_REDIRECT] 
2025-12-17 11:43:16,312 [ERROR] LogOutputStream:75 - [STDERR_REDIRECT] [Fatal Error] :1:1: Premature end of file.
2025-12-17 11:43:16,312 [ERROR] LogOutputStream:75 - [STDERR_REDIRECT] 
2025-12-17 11:43:17,308 [ERROR] LogOutputStream:75 - [STDERR_REDIRECT] [Fatal Error] :1:1: Premature end of file.
2025-12-17 11:43:17,308 [ERROR] LogOutputStream:75 - [STDERR_REDIRECT] 
2025-12-17 11:43:18,311 [ERROR] LogOutputStream:75 - [STDERR_REDIRECT] [Fatal Error] :1:1: Premature end of file.
2025-12-17 11:43:18,311 [ERROR] LogOutputStream:75 - [STDERR_REDIRECT] 
2025-12-17 11:43:19,309 [ERROR] LogOutputStream:75 - [STDERR_REDIRECT] [Fatal Error] :1:1: Premature end of file.
2025-12-17 11:43:19,309 [ERROR] LogOutputStream:75 - [STDERR_REDIRECT] 
2025-12-17 11:43:20,309 [ERROR] LogOutputStream:75 - [STDERR_REDIRECT] [Fatal Error] :1:1: Premature end of file.
2025-12-17 11:43:20,309 [ERROR] LogOutputStream:75 - [STDERR_REDIRECT] 
2025-12-17 11:43:21,309 [ERROR] LogOutputStream:75 - [STDERR_REDIRECT] [Fatal Error] :1:1: Premature end of file.
2025-12-17 11:43:21,309 [ERROR] LogOutputStream:75 - [STDERR_REDIRECT] 
2025-12-17 11:43:22,308 [ERROR] LogOutputStream:75 - [STDERR_REDIRECT] [Fatal Error] :1:1: Premature end of file.
2025-12-17 11:43:22,308 [ERROR] LogOutputStream:75 - [STDERR_REDIRECT] 
2025-12-17 11:43:23,307 [ERROR] LogOutputStream:75 - [STDERR_REDIRECT] [Fatal Error] :1:1: Premature end of file.
2025-12-17 11:43:23,308 [ERROR] LogOutputStream:75 - [STDERR_REDIRECT] 
2025-12-17 11:43:24,311 [ERROR] LogOutputStream:75 - [STDERR_REDIRECT] [Fatal Error] :1:1: Premature end of file.
2025-12-17 11:43:24,312 [ERROR] LogOutputStream:75 - [STDERR_REDIRECT] 
2025-12-17 11:43:25,307 [ERROR] LogOutputStream:75 - [STDERR_REDIRECT] [Fatal Error] :1:1: Premature end of file.
2025-12-17 11:43:25,307 [ERROR] LogOutputStream:75 - [STDERR_REDIRECT] 
2025-12-17 11:43:26,308 [ERROR] LogOutputStream:75 - [STDERR_REDIRECT] [Fatal Error] :1:1: Premature end of file.
2025-12-17 11:43:26,308 [ERROR] LogOutputStream:75 - [STDERR_REDIRECT] 
2025-12-17 11:43:27,307 [ERROR] LogOutputStream:75 - [STDERR_REDIRECT] [Fatal Error] :1:1: Premature end of file.
2025-12-17 11:43:27,309 [ERROR] LogOutputStream:75 - [STDERR_REDIRECT] 
2025-12-17 11:43:28,307 [ERROR] LogOutputStream:75 - [STDERR_REDIRECT] [Fatal Error] :1:1: Premature end of file.
2025-12-17 11:43:28,307 [ERROR] LogOutputStream:75 - [STDERR_REDIRECT] 
2025-12-17 11:43:29,308 [ERROR] LogOutputStream:75 - [STDERR_REDIRECT] [Fatal Error] :1:1: Premature end of file.
2025-12-17 11:43:29,308 [ERROR] LogOutputStream:75 - [STDERR_REDIRECT] 
2025-12-17 11:43:30,308 [ERROR] LogOutputStream:75 - [STDERR_REDIRECT] [Fatal Error] :1:1: Premature end of file.
2025-12-17 11:43:30,308 [ERROR] LogOutputStream:75 - [STDERR_REDIRECT] 
2025-12-17 11:43:31,308 [ERROR] LogOutputStream:75 - [STDERR_REDIRECT] [Fatal Error] :1:1: Premature end of file.
2025-12-17 11:43:31,308 [ERROR] LogOutputStream:75 - [STDERR_REDIRECT] 
2025-12-17 11:43:32,311 [ERROR] LogOutputStream:75 - [STDERR_REDIRECT] [Fatal Error] :1:1: Premature end of file.
2025-12-17 11:43:32,311 [ERROR] LogOutputStream:75 - [STDERR_REDIRECT] 
2025-12-17 11:43:33,307 [ERROR] LogOutputStream:75 - [STDERR_REDIRECT] [Fatal Error] :1:1: Premature end of file.
2025-12-17 11:43:33,307 [ERROR] LogOutputStream:75 - [STDERR_REDIRECT] 
2025-12-17 11:43:34,307 [ERROR] LogOutputStream:75 - [STDERR_REDIRECT] [Fatal Error] :1:1: Premature end of file.
2025-12-17 11:43:34,307 [ERROR] LogOutputStream:75 - [STDERR_REDIRECT] 
2025-12-17 11:43:35,307 [ERROR] LogOutputStream:75 - [STDERR_REDIRECT] [Fatal Error] :1:1: Premature end of file.
2025-12-17 11:43:35,308 [ERROR] LogOutputStream:75 - [STDERR_REDIRECT] 
2025-12-17 11:43:36,309 [ERROR] LogOutputStream:75 - [STDERR_REDIRECT] [Fatal Error] :1:1: Premature end of file.
2025-12-17 11:43:36,309 [ERROR] LogOutputStream:75 - [STDERR_REDIRECT] 
2025-12-17 11:43:37,308 [ERROR] LogOutputStream:75 - [STDERR_REDIRECT] [Fatal Error] :1:1: Premature end of file.
2025-12-17 11:43:37,308 [ERROR] LogOutputStream:75 - [STDERR_REDIRECT] 
2025-12-17 11:43:38,307 [ERROR] LogOutputStream:75 - [STDERR_REDIRECT] [Fatal Error] :1:1: Premature end of file.
2025-12-17 11:43:38,307 [ERROR] LogOutputStream:75 - [STDERR_REDIRECT] 
2025-12-17 11:43:39,307 [ERROR] LogOutputStream:75 - [STDERR_REDIRECT] [Fatal Error] :1:1: Premature end of file.
2025-12-17 11:43:39,307 [ERROR] LogOutputStream:75 - [STDERR_REDIRECT] 
2025-12-17 11:43:40,310 [ERROR] LogOutputStream:75 - [STDERR_REDIRECT] [Fatal Error] :1:1: Premature end of file.
2025-12-17 11:43:40,310 [ERROR] LogOutputStream:75 - [STDERR_REDIRECT] 
2025-12-17 11:43:41,309 [ERROR] LogOutputStream:75 - [STDERR_REDIRECT] [Fatal Error] :1:1: Premature end of file.
2025-12-17 11:43:41,309 [ERROR] LogOutputStream:75 - [STDERR_REDIRECT] 
2025-12-17 11:43:42,307 [ERROR] LogOutputStream:75 - [STDERR_REDIRECT] [Fatal Error] :1:1: Premature end of file.
2025-12-17 11:43:42,307 [ERROR] LogOutputStream:75 - [STDERR_REDIRECT] 
2025-12-17 11:43:43,309 [ERROR] LogOutputStream:75 - [STDERR_REDIRECT] [Fatal Error] :1:1: Premature end of file.
2025-12-17 11:43:43,309 [ERROR] LogOutputStream:75 - [STDERR_REDIRECT] 
2025-12-17 11:43:44,307 [ERROR] LogOutputStream:75 - [STDERR_REDIRECT] [Fatal Error] :1:1: Premature end of file.
2025-12-17 11:43:44,309 [ERROR] LogOutputStream:75 - [STDERR_REDIRECT] 
2025-12-17 11:43:45,308 [ERROR] LogOutputStream:75 - [STDERR_REDIRECT] [Fatal Error] :1:1: Premature end of file.
2025-12-17 11:43:45,308 [ERROR] LogOutputStream:75 - [STDERR_REDIRECT] 
2025-12-17 11:43:46,310 [ERROR] LogOutputStream:75 - [STDERR_REDIRECT] [Fatal Error] :1:1: Premature end of file.
2025-12-17 11:43:46,310 [ERROR] LogOutputStream:75 - [STDERR_REDIRECT] 
2025-12-17 11:43:47,308 [ERROR] LogOutputStream:75 - [STDERR_REDIRECT] [Fatal Error] :1:1: Premature end of file.
2025-12-17 11:43:47,308 [ERROR] LogOutputStream:75 - [STDERR_REDIRECT] 
2025-12-17 11:43:48,308 [ERROR] LogOutputStream:75 - [STDERR_REDIRECT] [Fatal Error] :1:1: Premature end of file.
2025-12-17 11:43:48,308 [ERROR] LogOutputStream:75 - [STDERR_REDIRECT] 
2025-12-17 11:43:49,307 [ERROR] LogOutputStream:75 - [STDERR_REDIRECT] [Fatal Error] :1:1: Premature end of file.
2025-12-17 11:43:49,307 [ERROR] LogOutputStream:75 - [STDERR_REDIRECT] 
2025-12-17 11:43:50,308 [ERROR] LogOutputStream:75 - [STDERR_REDIRECT] [Fatal Error] :1:1: Premature end of file.
2025-12-17 11:43:50,308 [ERROR] LogOutputStream:75 - [STDERR_REDIRECT] 
2025-12-17 11:43:51,308 [ERROR] LogOutputStream:75 - [STDERR_REDIRECT] [Fatal Error] :1:1: Premature end of file.
2025-12-17 11:43:51,308 [ERROR] LogOutputStream:75 - [STDERR_REDIRECT] 
2025-12-17 11:43:52,307 [ERROR] LogOutputStream:75 - [STDERR_REDIRECT] [Fatal Error] :1:1: Premature end of file.
2025-12-17 11:43:52,307 [ERROR] LogOutputStream:75 - [STDERR_REDIRECT] 
2025-12-17 11:43:53,308 [ERROR] LogOutputStream:75 - [STDERR_REDIRECT] [Fatal Error] :1:1: Premature end of file.
2025-12-17 11:43:53,308 [ERROR] LogOutputStream:75 - [STDERR_REDIRECT] 
2025-12-17 11:43:54,307 [ERROR] LogOutputStream:75 - [STDERR_REDIRECT] [Fatal Error] :1:1: Premature end of file.
2025-12-17 11:43:54,308 [ERROR] LogOutputStream:75 - [STDERR_REDIRECT] 
2025-12-17 11:43:55,307 [ERROR] LogOutputStream:75 - [STDERR_REDIRECT] [Fatal Error] :1:1: Premature end of file.
2025-12-17 11:43:55,307 [ERROR] LogOutputStream:75 - [STDERR_REDIRECT] 
2025-12-17 11:43:56,308 [ERROR] LogOutputStream:75 - [STDERR_REDIRECT] [Fatal Error] :1:1: Premature end of file.
2025-12-17 11:43:56,308 [ERROR] LogOutputStream:75 - [STDERR_REDIRECT] 
2025-12-17 11:43:57,305 [ERROR] LogOutputStream:75 - [STDERR_REDIRECT] [Fatal Error] :1:1: Premature end of file.
2025-12-17 11:43:57,307 [ERROR] LogOutputStream:75 - [STDERR_REDIRECT] 
2025-12-17 11:43:58,307 [ERROR] LogOutputStream:75 - [STDERR_REDIRECT] [Fatal Error] :1:1: Premature end of file.
2025-12-17 11:43:58,307 [ERROR] LogOutputStream:75 - [STDERR_REDIRECT] 
2025-12-17 11:43:59,307 [ERROR] LogOutputStream:75 - [STDERR_REDIRECT] [Fatal Error] :1:1: Premature end of file.
2025-12-17 11:43:59,307 [ERROR] LogOutputStream:75 - [STDERR_REDIRECT] 
2025-12-17 11:44:00,308 [ERROR] LogOutputStream:75 - [STDERR_REDIRECT] [Fatal Error] :1:1: Premature end of file.
2025-12-17 11:44:00,308 [ERROR] LogOutputStream:75 - [STDERR_REDIRECT] 
2025-12-17 11:44:01,308 [ERROR] LogOutputStream:75 - [STDERR_REDIRECT] [Fatal Error] :1:1: Premature end of file.
2025-12-17 11:44:01,308 [ERROR] LogOutputStream:75 - [STDERR_REDIRECT] 
2025-12-17 11:44:02,307 [ERROR] LogOutputStream:75 - [STDERR_REDIRECT] [Fatal Error] :1:1: Premature end of file.
2025-12-17 11:44:02,308 [ERROR] LogOutputStream:75 - [STDERR_REDIRECT] 
2025-12-17 11:44:03,308 [ERROR] LogOutputStream:75 - [STDERR_REDIRECT] [Fatal Error] :1:1: Premature end of file.
2025-12-17 11:44:03,308 [ERROR] LogOutputStream:75 - [STDERR_REDIRECT] 
2025-12-17 11:44:04,309 [ERROR] LogOutputStream:75 - [STDERR_REDIRECT] [Fatal Error] :1:1: Premature end of file.
2025-12-17 11:44:04,309 [ERROR] LogOutputStream:75 - [STDERR_REDIRECT] 
2025-12-17 11:44:05,307 [ERROR] LogOutputStream:75 - [STDERR_REDIRECT] [Fatal Error] :1:1: Premature end of file.
2025-12-17 11:44:05,307 [ERROR] LogOutputStream:75 - [STDERR_REDIRECT] 
2025-12-17 11:44:06,307 [ERROR] LogOutputStream:75 - [STDERR_REDIRECT] [Fatal Error] :1:1: Premature end of file.
2025-12-17 11:44:06,307 [ERROR] LogOutputStream:75 - [STDERR_REDIRECT] 
2025-12-17 11:44:07,310 [ERROR] LogOutputStream:75 - [STDERR_REDIRECT] [Fatal Error] :1:1: Premature end of file.
2025-12-17 11:44:07,310 [ERROR] LogOutputStream:75 - [STDERR_REDIRECT] 
2025-12-17 11:44:08,310 [ERROR] LogOutputStream:75 - [STDERR_REDIRECT] [Fatal Error] :1:1: Premature end of file.
2025-12-17 11:44:08,310 [ERROR] LogOutputStream:75 - [STDERR_REDIRECT] 
2025-12-17 11:44:09,309 [ERROR] LogOutputStream:75 - [STDERR_REDIRECT] [Fatal Error] :1:1: Premature end of file.
2025-12-17 11:44:09,309 [ERROR] LogOutputStream:75 - [STDERR_REDIRECT] 
2025-12-17 11:44:10,308 [ERROR] LogOutputStream:75 - [STDERR_REDIRECT] [Fatal Error] :1:1: Premature end of file.
2025-12-17 11:44:10,308 [ERROR] LogOutputStream:75 - [STDERR_REDIRECT] 
2025-12-17 11:44:11,308 [ERROR] LogOutputStream:75 - [STDERR_REDIRECT] [Fatal Error] :1:1: Premature end of file.
2025-12-17 11:44:11,308 [ERROR] LogOutputStream:75 - [STDERR_REDIRECT] 
2025-12-17 11:44:12,308 [ERROR] LogOutputStream:75 - [STDERR_REDIRECT] [Fatal Error] :1:1: Premature end of file.
2025-12-17 11:44:12,309 [ERROR] LogOutputStream:75 - [STDERR_REDIRECT] 
2025-12-17 11:44:13,307 [ERROR] LogOutputStream:75 - [STDERR_REDIRECT] [Fatal Error] :1:1: Premature end of file.
2025-12-17 11:44:13,309 [ERROR] LogOutputStream:75 - [STDERR_REDIRECT] 
2025-12-17 11:44:14,307 [ERROR] LogOutputStream:75 - [STDERR_REDIRECT] [Fatal Error] :1:1: Premature end of file.
2025-12-17 11:44:14,307 [ERROR] LogOutputStream:75 - [STDERR_REDIRECT] 
2025-12-17 11:44:15,307 [ERROR] LogOutputStream:75 - [STDERR_REDIRECT] [Fatal Error] :1:1: Premature end of file.
2025-12-17 11:44:15,309 [ERROR] LogOutputStream:75 - [STDERR_REDIRECT] 
2025-12-17 11:44:16,307 [ERROR] LogOutputStream:75 - [STDERR_REDIRECT] [Fatal Error] :1:1: Premature end of file.
2025-12-17 11:44:16,308 [ERROR] LogOutputStream:75 - [STDERR_REDIRECT] 
2025-12-17 11:44:17,307 [ERROR] LogOutputStream:75 - [STDERR_REDIRECT] [Fatal Error] :1:1: Premature end of file.
2025-12-17 11:44:17,307 [ERROR] LogOutputStream:75 - [STDERR_REDIRECT] 
2025-12-17 11:44:18,308 [ERROR] LogOutputStream:75 - [STDERR_REDIRECT] [Fatal Error] :1:1: Premature end of file.
2025-12-17 11:44:18,308 [ERROR] LogOutputStream:75 - [STDERR_REDIRECT] 
2025-12-17 11:44:19,306 [ERROR] LogOutputStream:75 - [STDERR_REDIRECT] [Fatal Error] :1:1: Premature end of file.
2025-12-17 11:44:19,307 [ERROR] LogOutputStream:75 - [STDERR_REDIRECT] 
2025-12-17 11:44:20,308 [ERROR] LogOutputStream:75 - [STDERR_REDIRECT] [Fatal Error] :1:1: Premature end of file.
2025-12-17 11:44:20,308 [ERROR] LogOutputStream:75 - [STDERR_REDIRECT] 
2025-12-17 11:44:21,309 [ERROR] LogOutputStream:75 - [STDERR_REDIRECT] [Fatal Error] :1:1: Premature end of file.
2025-12-17 11:44:21,309 [ERROR] LogOutputStream:75 - [STDERR_REDIRECT] 
2025-12-17 11:44:22,306 [ERROR] LogOutputStream:75 - [STDERR_REDIRECT] [Fatal Error] :1:1: Premature end of file.
2025-12-17 11:44:22,306 [ERROR] LogOutputStream:75 - [STDERR_REDIRECT] 
2025-12-17 11:44:23,308 [ERROR] LogOutputStream:75 - [STDERR_REDIRECT] [Fatal Error] :1:1: Premature end of file.
2025-12-17 11:44:23,308 [ERROR] LogOutputStream:75 - [STDERR_REDIRECT] 
2025-12-17 11:44:24,307 [ERROR] LogOutputStream:75 - [STDERR_REDIRECT] [Fatal Error] :1:1: Premature end of file.
2025-12-17 11:44:24,307 [ERROR] LogOutputStream:75 - [STDERR_REDIRECT] 
2025-12-17 11:44:25,307 [ERROR] LogOutputStream:75 - [STDERR_REDIRECT] [Fatal Error] :1:1: Premature end of file.
2025-12-17 11:44:25,308 [ERROR] LogOutputStream:75 - [STDERR_REDIRECT] 
2025-12-17 11:44:26,307 [ERROR] LogOutputStream:75 - [STDERR_REDIRECT] [Fatal Error] :1:1: Premature end of file.
2025-12-17 11:44:26,308 [ERROR] LogOutputStream:75 - [STDERR_REDIRECT] 
2025-12-17 11:44:27,308 [ERROR] LogOutputStream:75 - [STDERR_REDIRECT] [Fatal Error] :1:1: Premature end of file.
2025-12-17 11:44:27,308 [ERROR] LogOutputStream:75 - [STDERR_REDIRECT] 
2025-12-17 11:44:28,307 [ERROR] LogOutputStream:75 - [STDERR_REDIRECT] [Fatal Error] :1:1: Premature end of file.
2025-12-17 11:44:28,307 [ERROR] LogOutputStream:75 - [STDERR_REDIRECT] 
2025-12-17 11:44:29,307 [ERROR] LogOutputStream:75 - [STDERR_REDIRECT] [Fatal Error] :1:1: Premature end of file.
2025-12-17 11:44:29,307 [ERROR] LogOutputStream:75 - [STDERR_REDIRECT] 
2025-12-17 11:44:30,307 [ERROR] LogOutputStream:75 - [STDERR_REDIRECT] [Fatal Error] :1:1: Premature end of file.
2025-12-17 11:44:30,307 [ERROR] LogOutputStream:75 - [STDERR_REDIRECT] 
2025-12-17 11:44:31,308 [ERROR] LogOutputStream:75 - [STDERR_REDIRECT] [Fatal Error] :1:1: Premature end of file.
2025-12-17 11:44:31,308 [ERROR] LogOutputStream:75 - [STDERR_REDIRECT] 
2025-12-17 11:44:32,307 [ERROR] LogOutputStream:75 - [STDERR_REDIRECT] [Fatal Error] :1:1: Premature end of file.
2025-12-17 11:44:32,307 [ERROR] LogOutputStream:75 - [STDERR_REDIRECT] 
2025-12-17 11:44:33,307 [ERROR] LogOutputStream:75 - [STDERR_REDIRECT] [Fatal Error] :1:1: Premature end of file.
2025-12-17 11:44:33,307 [ERROR] LogOutputStream:75 - [STDERR_REDIRECT] 
2025-12-17 11:44:34,308 [ERROR] LogOutputStream:75 - [STDERR_REDIRECT] [Fatal Error] :1:1: Premature end of file.
2025-12-17 11:44:34,308 [ERROR] LogOutputStream:75 - [STDERR_REDIRECT] 
2025-12-17 11:44:35,309 [ERROR] LogOutputStream:75 - [STDERR_REDIRECT] [Fatal Error] :1:1: Premature end of file.
2025-12-17 11:44:35,309 [ERROR] LogOutputStream:75 - [STDERR_REDIRECT] 
2025-12-17 11:44:36,315 [ERROR] LogOutputStream:75 - [STDERR_REDIRECT] [Fatal Error] :1:1: Premature end of file.
2025-12-17 11:44:36,315 [ERROR] LogOutputStream:75 - [STDERR_REDIRECT] 
2025-12-17 11:44:37,309 [ERROR] LogOutputStream:75 - [STDERR_REDIRECT] [Fatal Error] :1:1: Premature end of file.
2025-12-17 11:44:37,309 [ERROR] LogOutputStream:75 - [STDERR_REDIRECT] 
2025-12-17 11:44:38,309 [ERROR] LogOutputStream:75 - [STDERR_REDIRECT] [Fatal Error] :1:1: Premature end of file.
2025-12-17 11:44:38,309 [ERROR] LogOutputStream:75 - [STDERR_REDIRECT] 
2025-12-17 11:44:39,308 [ERROR] LogOutputStream:75 - [STDERR_REDIRECT] [Fatal Error] :1:1: Premature end of file.
2025-12-17 11:44:39,308 [ERROR] LogOutputStream:75 - [STDERR_REDIRECT] 
2025-12-17 11:44:40,309 [ERROR] LogOutputStream:75 - [STDERR_REDIRECT] [Fatal Error] :1:1: Premature end of file.
2025-12-17 11:44:40,309 [ERROR] LogOutputStream:75 - [STDERR_REDIRECT] 
2025-12-17 11:44:41,310 [ERROR] LogOutputStream:75 - [STDERR_REDIRECT] [Fatal Error] :1:1: Premature end of file.
2025-12-17 11:44:41,310 [ERROR] LogOutputStream:75 - [STDERR_REDIRECT] 
2025-12-17 11:44:42,307 [ERROR] LogOutputStream:75 - [STDERR_REDIRECT] [Fatal Error] :1:1: Premature end of file.
2025-12-17 11:44:42,307 [ERROR] LogOutputStream:75 - [STDERR_REDIRECT] 
2025-12-17 11:44:43,308 [ERROR] LogOutputStream:75 - [STDERR_REDIRECT] [Fatal Error] :1:1: Premature end of file.
2025-12-17 11:44:43,308 [ERROR] LogOutputStream:75 - [STDERR_REDIRECT] 
2025-12-17 11:44:44,308 [ERROR] LogOutputStream:75 - [STDERR_REDIRECT] [Fatal Error] :1:1: Premature end of file.
2025-12-17 11:44:44,308 [ERROR] LogOutputStream:75 - [STDERR_REDIRECT] 
2025-12-17 11:44:45,308 [ERROR] LogOutputStream:75 - [STDERR_REDIRECT] [Fatal Error] :1:1: Premature end of file.
2025-12-17 11:44:45,308 [ERROR] LogOutputStream:75 - [STDERR_REDIRECT] 
2025-12-17 11:44:46,307 [ERROR] LogOutputStream:75 - [STDERR_REDIRECT] [Fatal Error] :1:1: Premature end of file.
2025-12-17 11:44:46,308 [ERROR] LogOutputStream:75 - [STDERR_REDIRECT] 
2025-12-17 11:44:47,309 [ERROR] LogOutputStream:75 - [STDERR_REDIRECT] [Fatal Error] :1:1: Premature end of file.
2025-12-17 11:44:47,309 [ERROR] LogOutputStream:75 - [STDERR_REDIRECT] 
2025-12-17 11:44:48,307 [ERROR] LogOutputStream:75 - [STDERR_REDIRECT] [Fatal Error] :1:1: Premature end of file.
2025-12-17 11:44:48,307 [ERROR] LogOutputStream:75 - [STDERR_REDIRECT] 
2025-12-17 11:44:49,308 [ERROR] LogOutputStream:75 - [STDERR_REDIRECT] [Fatal Error] :1:1: Premature end of file.
2025-12-17 11:44:49,308 [ERROR] LogOutputStream:75 - [STDERR_REDIRECT] 
2025-12-17 11:44:50,307 [ERROR] LogOutputStream:75 - [STDERR_REDIRECT] [Fatal Error] :1:1: Premature end of file.
2025-12-17 11:44:50,308 [ERROR] LogOutputStream:75 - [STDERR_REDIRECT] 
2025-12-17 11:44:51,307 [ERROR] LogOutputStream:75 - [STDERR_REDIRECT] [Fatal Error] :1:1: Premature end of file.
2025-12-17 11:44:51,307 [ERROR] LogOutputStream:75 - [STDERR_REDIRECT] 
2025-12-17 11:44:52,313 [ERROR] LogOutputStream:75 - [STDERR_REDIRECT] [Fatal Error] :1:1: Premature end of file.
2025-12-17 11:44:52,313 [ERROR] LogOutputStream:75 - [STDERR_REDIRECT] 
2025-12-17 11:44:53,310 [ERROR] LogOutputStream:75 - [STDERR_REDIRECT] [Fatal Error] :1:1: Premature end of file.
2025-12-17 11:44:53,311 [ERROR] LogOutputStream:75 - [STDERR_REDIRECT] 
2025-12-17 11:44:54,307 [ERROR] LogOutputStream:75 - [STDERR_REDIRECT] [Fatal Error] :1:1: Premature end of file.
2025-12-17 11:44:54,307 [ERROR] LogOutputStream:75 - [STDERR_REDIRECT] 
2025-12-17 11:44:55,307 [ERROR] LogOutputStream:75 - [STDERR_REDIRECT] [Fatal Error] :1:1: Premature end of file.
2025-12-17 11:44:55,307 [ERROR] LogOutputStream:75 - [STDERR_REDIRECT] 
2025-12-17 11:44:56,308 [ERROR] LogOutputStream:75 - [STDERR_REDIRECT] [Fatal Error] :1:1: Premature end of file.
2025-12-17 11:44:56,308 [ERROR] LogOutputStream:75 - [STDERR_REDIRECT] 
2025-12-17 11:44:57,307 [ERROR] LogOutputStream:75 - [STDERR_REDIRECT] [Fatal Error] :1:1: Premature end of file.
2025-12-17 11:44:57,308 [ERROR] LogOutputStream:75 - [STDERR_REDIRECT] 
2025-12-17 11:44:58,306 [ERROR] LogOutputStream:75 - [STDERR_REDIRECT] [Fatal Error] :1:1: Premature end of file.
2025-12-17 11:44:58,306 [ERROR] LogOutputStream:75 - [STDERR_REDIRECT] 
2025-12-17 11:44:59,308 [ERROR] LogOutputStream:75 - [STDERR_REDIRECT] [Fatal Error] :1:1: Premature end of file.
2025-12-17 11:44:59,308 [ERROR] LogOutputStream:75 - [STDERR_REDIRECT] 
2025-12-17 11:45:00,307 [ERROR] LogOutputStream:75 - [STDERR_REDIRECT] [Fatal Error] :1:1: Premature end of file.
2025-12-17 11:45:00,307 [ERROR] LogOutputStream:75 - [STDERR_REDIRECT] 
2025-12-17 11:45:01,307 [ERROR] LogOutputStream:75 - [STDERR_REDIRECT] [Fatal Error] :1:1: Premature end of file.
2025-12-17 11:45:01,307 [ERROR] LogOutputStream:75 - [STDERR_REDIRECT] 
2025-12-17 11:45:02,309 [ERROR] LogOutputStream:75 - [STDERR_REDIRECT] [Fatal Error] :1:1: Premature end of file.
2025-12-17 11:45:02,309 [ERROR] LogOutputStream:75 - [STDERR_REDIRECT] 
2025-12-17 11:45:03,308 [ERROR] LogOutputStream:75 - [STDERR_REDIRECT] [Fatal Error] :1:1: Premature end of file.
2025-12-17 11:45:03,308 [ERROR] LogOutputStream:75 - [STDERR_REDIRECT] 
2025-12-17 11:45:04,309 [ERROR] LogOutputStream:75 - [STDERR_REDIRECT] [Fatal Error] :1:1: Premature end of file.
2025-12-17 11:45:04,309 [ERROR] LogOutputStream:75 - [STDERR_REDIRECT] 
2025-12-17 11:45:05,309 [ERROR] LogOutputStream:75 - [STDERR_REDIRECT] [Fatal Error] :1:1: Premature end of file.
2025-12-17 11:45:05,310 [ERROR] LogOutputStream:75 - [STDERR_REDIRECT] 
2025-12-17 11:45:06,308 [ERROR] LogOutputStream:75 - [STDERR_REDIRECT] [Fatal Error] :1:1: Premature end of file.
2025-12-17 11:45:06,309 [ERROR] LogOutputStream:75 - [STDERR_REDIRECT] 
2025-12-17 11:45:07,309 [ERROR] LogOutputStream:75 - [STDERR_REDIRECT] [Fatal Error] :1:1: Premature end of file.
2025-12-17 11:45:07,309 [ERROR] LogOutputStream:75 - [STDERR_REDIRECT] 
2025-12-17 11:45:08,309 [ERROR] LogOutputStream:75 - [STDERR_REDIRECT] [Fatal Error] :1:1: Premature end of file.
2025-12-17 11:45:08,309 [ERROR] LogOutputStream:75 - [STDERR_REDIRECT] 
2025-12-17 11:45:09,308 [ERROR] LogOutputStream:75 - [STDERR_REDIRECT] [Fatal Error] :1:1: Premature end of file.
2025-12-17 11:45:09,308 [ERROR] LogOutputStream:75 - [STDERR_REDIRECT] 
2025-12-17 11:45:10,309 [ERROR] LogOutputStream:75 - [STDERR_REDIRECT] [Fatal Error] :1:1: Premature end of file.
2025-12-17 11:45:10,309 [ERROR] LogOutputStream:75 - [STDERR_REDIRECT] 
2025-12-17 11:45:11,307 [ERROR] LogOutputStream:75 - [STDERR_REDIRECT] [Fatal Error] :1:1: Premature end of file.
2025-12-17 11:45:11,308 [ERROR] LogOutputStream:75 - [STDERR_REDIRECT] 
2025-12-17 11:45:12,308 [ERROR] LogOutputStream:75 - [STDERR_REDIRECT] [Fatal Error] :1:1: Premature end of file.
2025-12-17 11:45:12,308 [ERROR] LogOutputStream:75 - [STDERR_REDIRECT] 
2025-12-17 11:45:13,309 [ERROR] LogOutputStream:75 - [STDERR_REDIRECT] [Fatal Error] :1:1: Premature end of file.
2025-12-17 11:45:13,309 [ERROR] LogOutputStream:75 - [STDERR_REDIRECT] 
2025-12-17 11:45:14,309 [ERROR] LogOutputStream:75 - [STDERR_REDIRECT] [Fatal Error] :1:1: Premature end of file.
2025-12-17 11:45:14,310 [ERROR] LogOutputStream:75 - [STDERR_REDIRECT] 
2025-12-17 11:45:15,309 [ERROR] LogOutputStream:75 - [STDERR_REDIRECT] [Fatal Error] :1:1: Premature end of file.
2025-12-17 11:45:15,309 [ERROR] LogOutputStream:75 - [STDERR_REDIRECT] 
2025-12-17 11:45:16,311 [ERROR] LogOutputStream:75 - [STDERR_REDIRECT] [Fatal Error] :1:1: Premature end of file.
2025-12-17 11:45:16,313 [ERROR] LogOutputStream:75 - [STDERR_REDIRECT] 
2025-12-17 11:45:17,308 [ERROR] LogOutputStream:75 - [STDERR_REDIRECT] [Fatal Error] :1:1: Premature end of file.
2025-12-17 11:45:17,308 [ERROR] LogOutputStream:75 - [STDERR_REDIRECT] 
2025-12-17 11:45:18,306 [ERROR] LogOutputStream:75 - [STDERR_REDIRECT] [Fatal Error] :1:1: Premature end of file.
2025-12-17 11:45:18,307 [ERROR] LogOutputStream:75 - [STDERR_REDIRECT] 
2025-12-17 11:45:19,310 [ERROR] LogOutputStream:75 - [STDERR_REDIRECT] [Fatal Error] :1:1: Premature end of file.
2025-12-17 11:45:19,310 [ERROR] LogOutputStream:75 - [STDERR_REDIRECT] 
2025-12-17 11:45:20,308 [ERROR] LogOutputStream:75 - [STDERR_REDIRECT] [Fatal Error] :1:1: Premature end of file.
2025-12-17 11:45:20,308 [ERROR] LogOutputStream:75 - [STDERR_REDIRECT] 
2025-12-17 11:45:21,307 [ERROR] LogOutputStream:75 - [STDERR_REDIRECT] [Fatal Error] :1:1: Premature end of file.
2025-12-17 11:45:21,307 [ERROR] LogOutputStream:75 - [STDERR_REDIRECT] 
2025-12-17 11:45:22,306 [ERROR] LogOutputStream:75 - [STDERR_REDIRECT] [Fatal Error] :1:1: Premature end of file.
2025-12-17 11:45:22,306 [ERROR] LogOutputStream:75 - [STDERR_REDIRECT] 
2025-12-17 11:45:23,307 [ERROR] LogOutputStream:75 - [STDERR_REDIRECT] [Fatal Error] :1:1: Premature end of file.
2025-12-17 11:45:23,307 [ERROR] LogOutputStream:75 - [STDERR_REDIRECT] 
2025-12-17 11:45:24,308 [ERROR] LogOutputStream:75 - [STDERR_REDIRECT] [Fatal Error] :1:1: Premature end of file.
2025-12-17 11:45:24,309 [ERROR] LogOutputStream:75 - [STDERR_REDIRECT] 
2025-12-17 11:45:25,307 [ERROR] LogOutputStream:75 - [STDERR_REDIRECT] [Fatal Error] :1:1: Premature end of file.
2025-12-17 11:45:25,307 [ERROR] LogOutputStream:75 - [STDERR_REDIRECT] 
2025-12-17 11:45:26,309 [ERROR] LogOutputStream:75 - [STDERR_REDIRECT] [Fatal Error] :1:1: Premature end of file.
2025-12-17 11:45:26,309 [ERROR] LogOutputStream:75 - [STDERR_REDIRECT] 
2025-12-17 11:45:27,307 [ERROR] LogOutputStream:75 - [STDERR_REDIRECT] [Fatal Error] :1:1: Premature end of file.
2025-12-17 11:45:27,307 [ERROR] LogOutputStream:75 - [STDERR_REDIRECT] 
2025-12-17 11:45:28,308 [ERROR] LogOutputStream:75 - [STDERR_REDIRECT] [Fatal Error] :1:1: Premature end of file.
2025-12-17 11:45:28,308 [ERROR] LogOutputStream:75 - [STDERR_REDIRECT] 
2025-12-17 11:45:29,309 [ERROR] LogOutputStream:75 - [STDERR_REDIRECT] [Fatal Error] :1:1: Premature end of file.
2025-12-17 11:45:29,309 [ERROR] LogOutputStream:75 - [STDERR_REDIRECT] 
2025-12-17 11:45:30,308 [ERROR] LogOutputStream:75 - [STDERR_REDIRECT] [Fatal Error] :1:1: Premature end of file.
2025-12-17 11:45:30,308 [ERROR] LogOutputStream:75 - [STDERR_REDIRECT] 
2025-12-17 11:45:31,309 [ERROR] LogOutputStream:75 - [STDERR_REDIRECT] [Fatal Error] :1:1: Premature end of file.
2025-12-17 11:45:31,309 [ERROR] LogOutputStream:75 - [STDERR_REDIRECT] 
2025-12-17 11:45:32,307 [ERROR] LogOutputStream:75 - [STDERR_REDIRECT] [Fatal Error] :1:1: Premature end of file.
2025-12-17 11:45:32,308 [ERROR] LogOutputStream:75 - [STDERR_REDIRECT] 
2025-12-17 11:45:33,309 [ERROR] LogOutputStream:75 - [STDERR_REDIRECT] [Fatal Error] :1:1: Premature end of file.
2025-12-17 11:45:33,309 [ERROR] LogOutputStream:75 - [STDERR_REDIRECT] 
2025-12-17 11:45:34,308 [ERROR] LogOutputStream:75 - [STDERR_REDIRECT] [Fatal Error] :1:1: Premature end of file.
2025-12-17 11:45:34,309 [ERROR] LogOutputStream:75 - [STDERR_REDIRECT] 
2025-12-17 11:45:35,309 [ERROR] LogOutputStream:75 - [STDERR_REDIRECT] [Fatal Error] :1:1: Premature end of file.
2025-12-17 11:45:35,309 [ERROR] LogOutputStream:75 - [STDERR_REDIRECT] 
2025-12-17 11:45:36,315 [ERROR] LogOutputStream:75 - [STDERR_REDIRECT] [Fatal Error] :1:1: Premature end of file.
2025-12-17 11:45:36,315 [ERROR] LogOutputStream:75 - [STDERR_REDIRECT] 
2025-12-17 11:45:37,308 [ERROR] LogOutputStream:75 - [STDERR_REDIRECT] [Fatal Error] :1:1: Premature end of file.
2025-12-17 11:45:37,308 [ERROR] LogOutputStream:75 - [STDERR_REDIRECT] 
2025-12-17 11:45:38,307 [ERROR] LogOutputStream:75 - [STDERR_REDIRECT] [Fatal Error] :1:1: Premature end of file.
2025-12-17 11:45:38,308 [ERROR] LogOutputStream:75 - [STDERR_REDIRECT] 
2025-12-17 11:45:39,308 [ERROR] LogOutputStream:75 - [STDERR_REDIRECT] [Fatal Error] :1:1: Premature end of file.
2025-12-17 11:45:39,308 [ERROR] LogOutputStream:75 - [STDERR_REDIRECT] 
2025-12-17 11:45:40,307 [ERROR] LogOutputStream:75 - [STDERR_REDIRECT] [Fatal Error] :1:1: Premature end of file.
2025-12-17 11:45:40,307 [ERROR] LogOutputStream:75 - [STDERR_REDIRECT] 
2025-12-17 11:45:41,306 [ERROR] LogOutputStream:75 - [STDERR_REDIRECT] [Fatal Error] :1:1: Premature end of file.
2025-12-17 11:45:41,308 [ERROR] LogOutputStream:75 - [STDERR_REDIRECT] 
2025-12-17 11:45:42,308 [ERROR] LogOutputStream:75 - [STDERR_REDIRECT] [Fatal Error] :1:1: Premature end of file.
2025-12-17 11:45:42,308 [ERROR] LogOutputStream:75 - [STDERR_REDIRECT] 
2025-12-17 11:45:43,306 [ERROR] LogOutputStream:75 - [STDERR_REDIRECT] [Fatal Error] :1:1: Premature end of file.
2025-12-17 11:45:43,306 [ERROR] LogOutputStream:75 - [STDERR_REDIRECT] 
2025-12-17 11:45:44,307 [ERROR] LogOutputStream:75 - [STDERR_REDIRECT] [Fatal Error] :1:1: Premature end of file.
2025-12-17 11:45:44,307 [ERROR] LogOutputStream:75 - [STDERR_REDIRECT] 
2025-12-17 11:45:45,307 [ERROR] LogOutputStream:75 - [STDERR_REDIRECT] [Fatal Error] :1:1: Premature end of file.
2025-12-17 11:45:45,307 [ERROR] LogOutputStream:75 - [STDERR_REDIRECT] 
2025-12-17 11:45:46,310 [ERROR] LogOutputStream:75 - [STDERR_REDIRECT] [Fatal Error] :1:1: Premature end of file.
2025-12-17 11:45:46,310 [ERROR] LogOutputStream:75 - [STDERR_REDIRECT] 
2025-12-17 11:45:47,307 [ERROR] LogOutputStream:75 - [STDERR_REDIRECT] [Fatal Error] :1:1: Premature end of file.
2025-12-17 11:45:47,307 [ERROR] LogOutputStream:75 - [STDERR_REDIRECT] 
2025-12-17 11:45:48,308 [ERROR] LogOutputStream:75 - [STDERR_REDIRECT] [Fatal Error] :1:1: Premature end of file.
2025-12-17 11:45:48,308 [ERROR] LogOutputStream:75 - [STDERR_REDIRECT] 
2025-12-17 11:45:49,307 [ERROR] LogOutputStream:75 - [STDERR_REDIRECT] [Fatal Error] :1:1: Premature end of file.
2025-12-17 11:45:49,308 [ERROR] LogOutputStream:75 - [STDERR_REDIRECT] 
2025-12-17 11:45:50,311 [ERROR] LogOutputStream:75 - [STDERR_REDIRECT] [Fatal Error] :1:1: Premature end of file.
2025-12-17 11:45:50,312 [ERROR] LogOutputStream:75 - [STDERR_REDIRECT] 
2025-12-17 11:45:51,307 [ERROR] LogOutputStream:75 - [STDERR_REDIRECT] [Fatal Error] :1:1: Premature end of file.
2025-12-17 11:45:51,307 [ERROR] LogOutputStream:75 - [STDERR_REDIRECT] 
2025-12-17 11:45:52,308 [ERROR] LogOutputStream:75 - [STDERR_REDIRECT] [Fatal Error] :1:1: Premature end of file.
2025-12-17 11:45:52,308 [ERROR] LogOutputStream:75 - [STDERR_REDIRECT] 
2025-12-17 11:45:53,309 [ERROR] LogOutputStream:75 - [STDERR_REDIRECT] [Fatal Error] :1:1: Premature end of file.
2025-12-17 11:45:53,309 [ERROR] LogOutputStream:75 - [STDERR_REDIRECT] 
2025-12-17 11:45:54,308 [ERROR] LogOutputStream:75 - [STDERR_REDIRECT] [Fatal Error] :1:1: Premature end of file.
2025-12-17 11:45:54,309 [ERROR] LogOutputStream:75 - [STDERR_REDIRECT] 
2025-12-17 11:45:55,308 [ERROR] LogOutputStream:75 - [STDERR_REDIRECT] [Fatal Error] :1:1: Premature end of file.
2025-12-17 11:45:55,308 [ERROR] LogOutputStream:75 - [STDERR_REDIRECT] 
2025-12-17 11:45:56,310 [ERROR] LogOutputStream:75 - [STDERR_REDIRECT] [Fatal Error] :1:1: Premature end of file.
2025-12-17 11:45:56,310 [ERROR] LogOutputStream:75 - [STDERR_REDIRECT] 
2025-12-17 11:45:57,308 [ERROR] LogOutputStream:75 - [STDERR_REDIRECT] [Fatal Error] :1:1: Premature end of file.
2025-12-17 11:45:57,308 [ERROR] LogOutputStream:75 - [STDERR_REDIRECT] 
2025-12-17 11:45:58,307 [ERROR] LogOutputStream:75 - [STDERR_REDIRECT] [Fatal Error] :1:1: Premature end of file.
2025-12-17 11:45:58,307 [ERROR] LogOutputStream:75 - [STDERR_REDIRECT] 
2025-12-17 11:45:59,309 [ERROR] LogOutputStream:75 - [STDERR_REDIRECT] [Fatal Error] :1:1: Premature end of file.
2025-12-17 11:45:59,309 [ERROR] LogOutputStream:75 - [STDERR_REDIRECT] 
2025-12-17 11:46:00,310 [ERROR] LogOutputStream:75 - [STDERR_REDIRECT] [Fatal Error] :1:1: Premature end of file.
2025-12-17 11:46:00,310 [ERROR] LogOutputStream:75 - [STDERR_REDIRECT] 
2025-12-17 11:46:01,309 [ERROR] LogOutputStream:75 - [STDERR_REDIRECT] [Fatal Error] :1:1: Premature end of file.
2025-12-17 11:46:01,309 [ERROR] LogOutputStream:75 - [STDERR_REDIRECT] 
2025-12-17 11:46:02,309 [ERROR] LogOutputStream:75 - [STDERR_REDIRECT] [Fatal Error] :1:1: Premature end of file.
2025-12-17 11:46:02,309 [ERROR] LogOutputStream:75 - [STDERR_REDIRECT] 
2025-12-17 11:46:03,309 [ERROR] LogOutputStream:75 - [STDERR_REDIRECT] [Fatal Error] :1:1: Premature end of file.
2025-12-17 11:46:03,309 [ERROR] LogOutputStream:75 - [STDERR_REDIRECT] 
2025-12-17 11:46:04,306 [ERROR] LogOutputStream:75 - [STDERR_REDIRECT] [Fatal Error] :1:1: Premature end of file.
2025-12-17 11:46:04,307 [ERROR] LogOutputStream:75 - [STDERR_REDIRECT] 
2025-12-17 11:46:05,310 [ERROR] LogOutputStream:75 - [STDERR_REDIRECT] [Fatal Error] :1:1: Premature end of file.
2025-12-17 11:46:05,310 [ERROR] LogOutputStream:75 - [STDERR_REDIRECT] 
2025-12-17 11:46:06,309 [ERROR] LogOutputStream:75 - [STDERR_REDIRECT] [Fatal Error] :1:1: Premature end of file.
2025-12-17 11:46:06,309 [ERROR] LogOutputStream:75 - [STDERR_REDIRECT] 
2025-12-17 11:46:07,309 [ERROR] LogOutputStream:75 - [STDERR_REDIRECT] [Fatal Error] :1:1: Premature end of file.
2025-12-17 11:46:07,309 [ERROR] LogOutputStream:75 - [STDERR_REDIRECT] 
2025-12-17 11:46:08,308 [ERROR] LogOutputStream:75 - [STDERR_REDIRECT] [Fatal Error] :1:1: Premature end of file.
2025-12-17 11:46:08,308 [ERROR] LogOutputStream:75 - [STDERR_REDIRECT] 
2025-12-17 11:46:09,309 [ERROR] LogOutputStream:75 - [STDERR_REDIRECT] [Fatal Error] :1:1: Premature end of file.
2025-12-17 11:46:09,311 [ERROR] LogOutputStream:75 - [STDERR_REDIRECT] 
2025-12-17 11:46:10,309 [ERROR] LogOutputStream:75 - [STDERR_REDIRECT] [Fatal Error] :1:1: Premature end of file.
2025-12-17 11:46:10,309 [ERROR] LogOutputStream:75 - [STDERR_REDIRECT] 
2025-12-17 11:46:11,309 [ERROR] LogOutputStream:75 - [STDERR_REDIRECT] [Fatal Error] :1:1: Premature end of file.
2025-12-17 11:46:11,309 [ERROR] LogOutputStream:75 - [STDERR_REDIRECT] 
2025-12-17 11:46:12,306 [ERROR] LogOutputStream:75 - [STDERR_REDIRECT] [Fatal Error] :1:1: Premature end of file.
2025-12-17 11:46:12,307 [ERROR] LogOutputStream:75 - [STDERR_REDIRECT] 
2025-12-17 11:46:13,308 [ERROR] LogOutputStream:75 - [STDERR_REDIRECT] [Fatal Error] :1:1: Premature end of file.
2025-12-17 11:46:13,308 [ERROR] LogOutputStream:75 - [STDERR_REDIRECT] 
2025-12-17 11:46:14,308 [ERROR] LogOutputStream:75 - [STDERR_REDIRECT] [Fatal Error] :1:1: Premature end of file.
2025-12-17 11:46:14,309 [ERROR] LogOutputStream:75 - [STDERR_REDIRECT] 
2025-12-17 11:46:15,307 [ERROR] LogOutputStream:75 - [STDERR_REDIRECT] [Fatal Error] :1:1: Premature end of file.
2025-12-17 11:46:15,308 [ERROR] LogOutputStream:75 - [STDERR_REDIRECT] 
2025-12-17 11:46:16,307 [ERROR] LogOutputStream:75 - [STDERR_REDIRECT] [Fatal Error] :1:1: Premature end of file.
2025-12-17 11:46:16,307 [ERROR] LogOutputStream:75 - [STDERR_REDIRECT] 
2025-12-17 11:46:17,308 [ERROR] LogOutputStream:75 - [STDERR_REDIRECT] [Fatal Error] :1:1: Premature end of file.
2025-12-17 11:46:17,308 [ERROR] LogOutputStream:75 - [STDERR_REDIRECT] 
2025-12-17 11:46:18,308 [ERROR] LogOutputStream:75 - [STDERR_REDIRECT] [Fatal Error] :1:1: Premature end of file.
2025-12-17 11:46:18,309 [ERROR] LogOutputStream:75 - [STDERR_REDIRECT] 
2025-12-17 11:46:19,307 [ERROR] LogOutputStream:75 - [STDERR_REDIRECT] [Fatal Error] :1:1: Premature end of file.
2025-12-17 11:46:19,308 [ERROR] LogOutputStream:75 - [STDERR_REDIRECT] 
2025-12-17 11:46:20,312 [ERROR] LogOutputStream:75 - [STDERR_REDIRECT] [Fatal Error] :1:1: Premature end of file.
2025-12-17 11:46:20,312 [ERROR] LogOutputStream:75 - [STDERR_REDIRECT] 
2025-12-17 11:46:21,308 [ERROR] LogOutputStream:75 - [STDERR_REDIRECT] [Fatal Error] :1:1: Premature end of file.
2025-12-17 11:46:21,308 [ERROR] LogOutputStream:75 - [STDERR_REDIRECT] 
2025-12-17 11:46:22,308 [ERROR] LogOutputStream:75 - [STDERR_REDIRECT] [Fatal Error] :1:1: Premature end of file.
2025-12-17 11:46:22,308 [ERROR] LogOutputStream:75 - [STDERR_REDIRECT] 
2025-12-17 11:46:23,307 [ERROR] LogOutputStream:75 - [STDERR_REDIRECT] [Fatal Error] :1:1: Premature end of file.
2025-12-17 11:46:23,307 [ERROR] LogOutputStream:75 - [STDERR_REDIRECT] 
2025-12-17 11:46:24,308 [ERROR] LogOutputStream:75 - [STDERR_REDIRECT] [Fatal Error] :1:1: Premature end of file.
2025-12-17 11:46:24,309 [ERROR] LogOutputStream:75 - [STDERR_REDIRECT] 
2025-12-17 11:46:25,308 [ERROR] LogOutputStream:75 - [STDERR_REDIRECT] [Fatal Error] :1:1: Premature end of file.
2025-12-17 11:46:25,308 [ERROR] LogOutputStream:75 - [STDERR_REDIRECT] 
2025-12-17 11:46:26,308 [ERROR] LogOutputStream:75 - [STDERR_REDIRECT] [Fatal Error] :1:1: Premature end of file.
2025-12-17 11:46:26,308 [ERROR] LogOutputStream:75 - [STDERR_REDIRECT] 
2025-12-17 11:46:27,308 [ERROR] LogOutputStream:75 - [STDERR_REDIRECT] [Fatal Error] :1:1: Premature end of file.
2025-12-17 11:46:27,308 [ERROR] LogOutputStream:75 - [STDERR_REDIRECT] 
2025-12-17 11:46:28,308 [ERROR] LogOutputStream:75 - [STDERR_REDIRECT] [Fatal Error] :1:1: Premature end of file.
2025-12-17 11:46:28,308 [ERROR] LogOutputStream:75 - [STDERR_REDIRECT] 
2025-12-17 11:46:29,309 [ERROR] LogOutputStream:75 - [STDERR_REDIRECT] [Fatal Error] :1:1: Premature end of file.
2025-12-17 11:46:29,309 [ERROR] LogOutputStream:75 - [STDERR_REDIRECT] 
2025-12-17 11:46:30,308 [ERROR] LogOutputStream:75 - [STDERR_REDIRECT] [Fatal Error] :1:1: Premature end of file.
2025-12-17 11:46:30,308 [ERROR] LogOutputStream:75 - [STDERR_REDIRECT] 
2025-12-17 11:46:31,310 [ERROR] LogOutputStream:75 - [STDERR_REDIRECT] [Fatal Error] :1:1: Premature end of file.
2025-12-17 11:46:31,311 [ERROR] LogOutputStream:75 - [STDERR_REDIRECT] 
2025-12-17 11:46:32,307 [ERROR] LogOutputStream:75 - [STDERR_REDIRECT] [Fatal Error] :1:1: Premature end of file.
2025-12-17 11:46:32,309 [ERROR] LogOutputStream:75 - [STDERR_REDIRECT] 
2025-12-17 11:46:33,308 [ERROR] LogOutputStream:75 - [STDERR_REDIRECT] [Fatal Error] :1:1: Premature end of file.
2025-12-17 11:46:33,309 [ERROR] LogOutputStream:75 - [STDERR_REDIRECT] 
2025-12-17 11:46:34,309 [ERROR] LogOutputStream:75 - [STDERR_REDIRECT] [Fatal Error] :1:1: Premature end of file.
2025-12-17 11:46:34,309 [ERROR] LogOutputStream:75 - [STDERR_REDIRECT] 
2025-12-17 11:46:35,309 [ERROR] LogOutputStream:75 - [STDERR_REDIRECT] [Fatal Error] :1:1: Premature end of file.
2025-12-17 11:46:35,309 [ERROR] LogOutputStream:75 - [STDERR_REDIRECT] 
2025-12-17 11:46:36,306 [ERROR] LogOutputStream:75 - [STDERR_REDIRECT] [Fatal Error] :1:1: Premature end of file.
2025-12-17 11:46:36,306 [ERROR] LogOutputStream:75 - [STDERR_REDIRECT] 
2025-12-17 11:46:37,307 [ERROR] LogOutputStream:75 - [STDERR_REDIRECT] [Fatal Error] :1:1: Premature end of file.
2025-12-17 11:46:37,308 [ERROR] LogOutputStream:75 - [STDERR_REDIRECT] 
2025-12-17 11:46:38,308 [ERROR] LogOutputStream:75 - [STDERR_REDIRECT] [Fatal Error] :1:1: Premature end of file.
2025-12-17 11:46:38,308 [ERROR] LogOutputStream:75 - [STDERR_REDIRECT] 
2025-12-17 11:46:39,306 [ERROR] LogOutputStream:75 - [STDERR_REDIRECT] [Fatal Error] :1:1: Premature end of file.
2025-12-17 11:46:39,306 [ERROR] LogOutputStream:75 - [STDERR_REDIRECT] 
2025-12-17 11:46:40,312 [ERROR] LogOutputStream:75 - [STDERR_REDIRECT] [Fatal Error] :1:1: Premature end of file.
2025-12-17 11:46:40,312 [ERROR] LogOutputStream:75 - [STDERR_REDIRECT] 
2025-12-17 11:46:41,307 [ERROR] LogOutputStream:75 - [STDERR_REDIRECT] [Fatal Error] :1:1: Premature end of file.
2025-12-17 11:46:41,307 [ERROR] LogOutputStream:75 - [STDERR_REDIRECT] 
2025-12-17 11:46:42,309 [ERROR] LogOutputStream:75 - [STDERR_REDIRECT] [Fatal Error] :1:1: Premature end of file.
2025-12-17 11:46:42,309 [ERROR] LogOutputStream:75 - [STDERR_REDIRECT] 
2025-12-17 11:46:43,308 [ERROR] LogOutputStream:75 - [STDERR_REDIRECT] [Fatal Error] :1:1: Premature end of file.
2025-12-17 11:46:43,308 [ERROR] LogOutputStream:75 - [STDERR_REDIRECT] 
2025-12-17 11:46:44,309 [ERROR] LogOutputStream:75 - [STDERR_REDIRECT] [Fatal Error] :1:1: Premature end of file.
2025-12-17 11:46:44,309 [ERROR] LogOutputStream:75 - [STDERR_REDIRECT] 
2025-12-17 11:46:45,305 [ERROR] LogOutputStream:75 - [STDERR_REDIRECT] [Fatal Error] :1:1: Premature end of file.
2025-12-17 11:46:45,307 [ERROR] LogOutputStream:75 - [STDERR_REDIRECT] 
2025-12-17 11:46:46,307 [ERROR] LogOutputStream:75 - [STDERR_REDIRECT] [Fatal Error] :1:1: Premature end of file.
2025-12-17 11:46:46,307 [ERROR] LogOutputStream:75 - [STDERR_REDIRECT] 
2025-12-17 11:46:47,309 [ERROR] LogOutputStream:75 - [STDERR_REDIRECT] [Fatal Error] :1:1: Premature end of file.
2025-12-17 11:46:47,309 [ERROR] LogOutputStream:75 - [STDERR_REDIRECT] 
2025-12-17 11:46:48,307 [ERROR] LogOutputStream:75 - [STDERR_REDIRECT] [Fatal Error] :1:1: Premature end of file.
2025-12-17 11:46:48,307 [ERROR] LogOutputStream:75 - [STDERR_REDIRECT] 
2025-12-17 11:46:49,308 [ERROR] LogOutputStream:75 - [STDERR_REDIRECT] [Fatal Error] :1:1: Premature end of file.
2025-12-17 11:46:49,308 [ERROR] LogOutputStream:75 - [STDERR_REDIRECT] 
2025-12-17 11:46:50,308 [ERROR] LogOutputStream:75 - [STDERR_REDIRECT] [Fatal Error] :1:1: Premature end of file.
2025-12-17 11:46:50,309 [ERROR] LogOutputStream:75 - [STDERR_REDIRECT] 
2025-12-17 11:46:51,313 [ERROR] LogOutputStream:75 - [STDERR_REDIRECT] [Fatal Error] :1:1: Premature end of file.
2025-12-17 11:46:51,313 [ERROR] LogOutputStream:75 - [STDERR_REDIRECT] 
2025-12-17 11:46:52,308 [ERROR] LogOutputStream:75 - [STDERR_REDIRECT] [Fatal Error] :1:1: Premature end of file.
2025-12-17 11:46:52,309 [ERROR] LogOutputStream:75 - [STDERR_REDIRECT] 
2025-12-17 11:46:53,308 [ERROR] LogOutputStream:75 - [STDERR_REDIRECT] [Fatal Error] :1:1: Premature end of file.
2025-12-17 11:46:53,308 [ERROR] LogOutputStream:75 - [STDERR_REDIRECT] 
2025-12-17 11:46:54,307 [ERROR] LogOutputStream:75 - [STDERR_REDIRECT] [Fatal Error] :1:1: Premature end of file.
2025-12-17 11:46:54,308 [ERROR] LogOutputStream:75 - [STDERR_REDIRECT] 
2025-12-17 11:46:55,309 [ERROR] LogOutputStream:75 - [STDERR_REDIRECT] [Fatal Error] :1:1: Premature end of file.
2025-12-17 11:46:55,309 [ERROR] LogOutputStream:75 - [STDERR_REDIRECT] 
2025-12-17 11:46:56,309 [ERROR] LogOutputStream:75 - [STDERR_REDIRECT] [Fatal Error] :1:1: Premature end of file.
2025-12-17 11:46:56,309 [ERROR] LogOutputStream:75 - [STDERR_REDIRECT] 
2025-12-17 11:46:57,308 [ERROR] LogOutputStream:75 - [STDERR_REDIRECT] [Fatal Error] :1:1: Premature end of file.
2025-12-17 11:46:57,310 [ERROR] LogOutputStream:75 - [STDERR_REDIRECT] 
2025-12-17 11:46:58,307 [ERROR] LogOutputStream:75 - [STDERR_REDIRECT] [Fatal Error] :1:1: Premature end of file.
2025-12-17 11:46:58,307 [ERROR] LogOutputStream:75 - [STDERR_REDIRECT] 
2025-12-17 11:46:59,314 [ERROR] LogOutputStream:75 - [STDERR_REDIRECT] [Fatal Error] :1:1: Premature end of file.
2025-12-17 11:46:59,315 [ERROR] LogOutputStream:75 - [STDERR_REDIRECT] 
2025-12-17 11:47:00,308 [ERROR] LogOutputStream:75 - [STDERR_REDIRECT] [Fatal Error] :1:1: Premature end of file.
2025-12-17 11:47:00,308 [ERROR] LogOutputStream:75 - [STDERR_REDIRECT] 
2025-12-17 11:47:01,309 [ERROR] LogOutputStream:75 - [STDERR_REDIRECT] [Fatal Error] :1:1: Premature end of file.
2025-12-17 11:47:01,309 [ERROR] LogOutputStream:75 - [STDERR_REDIRECT] 
2025-12-17 11:47:02,308 [ERROR] LogOutputStream:75 - [STDERR_REDIRECT] [Fatal Error] :1:1: Premature end of file.
2025-12-17 11:47:02,308 [ERROR] LogOutputStream:75 - [STDERR_REDIRECT] 
2025-12-17 11:47:03,308 [ERROR] LogOutputStream:75 - [STDERR_REDIRECT] [Fatal Error] :1:1: Premature end of file.
2025-12-17 11:47:03,308 [ERROR] LogOutputStream:75 - [STDERR_REDIRECT] 
2025-12-17 11:47:04,307 [ERROR] LogOutputStream:75 - [STDERR_REDIRECT] [Fatal Error] :1:1: Premature end of file.
2025-12-17 11:47:04,308 [ERROR] LogOutputStream:75 - [STDERR_REDIRECT] 
2025-12-17 11:47:05,308 [ERROR] LogOutputStream:75 - [STDERR_REDIRECT] [Fatal Error] :1:1: Premature end of file.
2025-12-17 11:47:05,308 [ERROR] LogOutputStream:75 - [STDERR_REDIRECT] 
2025-12-17 11:47:06,308 [ERROR] LogOutputStream:75 - [STDERR_REDIRECT] [Fatal Error] :1:1: Premature end of file.
2025-12-17 11:47:06,308 [ERROR] LogOutputStream:75 - [STDERR_REDIRECT] 
2025-12-17 11:47:07,313 [ERROR] LogOutputStream:75 - [STDERR_REDIRECT] [Fatal Error] :1:1: Premature end of file.
2025-12-17 11:47:07,313 [ERROR] LogOutputStream:75 - [STDERR_REDIRECT] 
2025-12-17 11:47:08,307 [ERROR] LogOutputStream:75 - [STDERR_REDIRECT] [Fatal Error] :1:1: Premature end of file.
2025-12-17 11:47:08,308 [ERROR] LogOutputStream:75 - [STDERR_REDIRECT] 
2025-12-17 11:47:09,308 [ERROR] LogOutputStream:75 - [STDERR_REDIRECT] [Fatal Error] :1:1: Premature end of file.
2025-12-17 11:47:09,308 [ERROR] LogOutputStream:75 - [STDERR_REDIRECT] 
2025-12-17 11:47:10,308 [ERROR] LogOutputStream:75 - [STDERR_REDIRECT] [Fatal Error] :1:1: Premature end of file.
2025-12-17 11:47:10,308 [ERROR] LogOutputStream:75 - [STDERR_REDIRECT] 
2025-12-17 11:47:11,307 [ERROR] LogOutputStream:75 - [STDERR_REDIRECT] [Fatal Error] :1:1: Premature end of file.
2025-12-17 11:47:11,307 [ERROR] LogOutputStream:75 - [STDERR_REDIRECT] 
2025-12-17 11:47:12,307 [ERROR] LogOutputStream:75 - [STDERR_REDIRECT] [Fatal Error] :1:1: Premature end of file.
2025-12-17 11:47:12,308 [ERROR] LogOutputStream:75 - [STDERR_REDIRECT] 
2025-12-17 11:47:13,312 [ERROR] LogOutputStream:75 - [STDERR_REDIRECT] [Fatal Error] :1:1: Premature end of file.
2025-12-17 11:47:13,312 [ERROR] LogOutputStream:75 - [STDERR_REDIRECT] 
2025-12-17 11:47:14,309 [ERROR] LogOutputStream:75 - [STDERR_REDIRECT] [Fatal Error] :1:1: Premature end of file.
2025-12-17 11:47:14,310 [ERROR] LogOutputStream:75 - [STDERR_REDIRECT] 
2025-12-17 11:47:15,306 [ERROR] LogOutputStream:75 - [STDERR_REDIRECT] [Fatal Error] :1:1: Premature end of file.
2025-12-17 11:47:15,307 [ERROR] LogOutputStream:75 - [STDERR_REDIRECT] 
2025-12-17 11:47:16,306 [ERROR] LogOutputStream:75 - [STDERR_REDIRECT] [Fatal Error] :1:1: Premature end of file.
2025-12-17 11:47:16,307 [ERROR] LogOutputStream:75 - [STDERR_REDIRECT] 
2025-12-17 11:47:17,308 [ERROR] LogOutputStream:75 - [STDERR_REDIRECT] [Fatal Error] :1:1: Premature end of file.
2025-12-17 11:47:17,308 [ERROR] LogOutputStream:75 - [STDERR_REDIRECT] 
2025-12-17 11:47:18,307 [ERROR] LogOutputStream:75 - [STDERR_REDIRECT] [Fatal Error] :1:1: Premature end of file.
2025-12-17 11:47:18,307 [ERROR] LogOutputStream:75 - [STDERR_REDIRECT] 
2025-12-17 11:47:19,306 [ERROR] LogOutputStream:75 - [STDERR_REDIRECT] [Fatal Error] :1:1: Premature end of file.
2025-12-17 11:47:19,308 [ERROR] LogOutputStream:75 - [STDERR_REDIRECT] 
2025-12-17 11:47:20,307 [ERROR] LogOutputStream:75 - [STDERR_REDIRECT] [Fatal Error] :1:1: Premature end of file.
2025-12-17 11:47:20,308 [ERROR] LogOutputStream:75 - [STDERR_REDIRECT] 
2025-12-17 11:47:21,308 [ERROR] LogOutputStream:75 - [STDERR_REDIRECT] [Fatal Error] :1:1: Premature end of file.
2025-12-17 11:47:21,309 [ERROR] LogOutputStream:75 - [STDERR_REDIRECT] 
2025-12-17 11:47:22,307 [ERROR] LogOutputStream:75 - [STDERR_REDIRECT] [Fatal Error] :1:1: Premature end of file.
2025-12-17 11:47:22,307 [ERROR] LogOutputStream:75 - [STDERR_REDIRECT] 
2025-12-17 11:47:23,307 [ERROR] LogOutputStream:75 - [STDERR_REDIRECT] [Fatal Error] :1:1: Premature end of file.
2025-12-17 11:47:23,307 [ERROR] LogOutputStream:75 - [STDERR_REDIRECT] 
2025-12-17 11:47:24,309 [ERROR] LogOutputStream:75 - [STDERR_REDIRECT] [Fatal Error] :1:1: Premature end of file.
2025-12-17 11:47:24,310 [ERROR] LogOutputStream:75 - [STDERR_REDIRECT] 
2025-12-17 11:47:25,308 [ERROR] LogOutputStream:75 - [STDERR_REDIRECT] [Fatal Error] :1:1: Premature end of file.
2025-12-17 11:47:25,308 [ERROR] LogOutputStream:75 - [STDERR_REDIRECT] 
2025-12-17 11:47:26,309 [ERROR] LogOutputStream:75 - [STDERR_REDIRECT] [Fatal Error] :1:1: Premature end of file.
2025-12-17 11:47:26,309 [ERROR] LogOutputStream:75 - [STDERR_REDIRECT] 
2025-12-17 11:47:27,307 [ERROR] LogOutputStream:75 - [STDERR_REDIRECT] [Fatal Error] :1:1: Premature end of file.
2025-12-17 11:47:27,309 [ERROR] LogOutputStream:75 - [STDERR_REDIRECT] 
2025-12-17 11:47:28,308 [ERROR] LogOutputStream:75 - [STDERR_REDIRECT] [Fatal Error] :1:1: Premature end of file.
2025-12-17 11:47:28,309 [ERROR] LogOutputStream:75 - [STDERR_REDIRECT] 
2025-12-17 11:47:29,308 [ERROR] LogOutputStream:75 - [STDERR_REDIRECT] [Fatal Error] :1:1: Premature end of file.
2025-12-17 11:47:29,308 [ERROR] LogOutputStream:75 - [STDERR_REDIRECT] 
2025-12-17 11:47:30,310 [ERROR] LogOutputStream:75 - [STDERR_REDIRECT] [Fatal Error] :1:1: Premature end of file.
2025-12-17 11:47:30,310 [ERROR] LogOutputStream:75 - [STDERR_REDIRECT] 
2025-12-17 11:47:31,307 [ERROR] LogOutputStream:75 - [STDERR_REDIRECT] [Fatal Error] :1:1: Premature end of file.
2025-12-17 11:47:31,308 [ERROR] LogOutputStream:75 - [STDERR_REDIRECT] 
2025-12-17 11:47:32,309 [ERROR] LogOutputStream:75 - [STDERR_REDIRECT] [Fatal Error] :1:1: Premature end of file.
2025-12-17 11:47:32,309 [ERROR] LogOutputStream:75 - [STDERR_REDIRECT] 
2025-12-17 11:47:33,307 [ERROR] LogOutputStream:75 - [STDERR_REDIRECT] [Fatal Error] :1:1: Premature end of file.
2025-12-17 11:47:33,307 [ERROR] LogOutputStream:75 - [STDERR_REDIRECT] 
2025-12-17 11:47:34,321 [ERROR] LogOutputStream:75 - [STDERR_REDIRECT] [Fatal Error] :1:1: Premature end of file.
2025-12-17 11:47:34,322 [ERROR] LogOutputStream:75 - [STDERR_REDIRECT] 
2025-12-17 11:47:35,308 [ERROR] LogOutputStream:75 - [STDERR_REDIRECT] [Fatal Error] :1:1: Premature end of file.
2025-12-17 11:47:35,308 [ERROR] LogOutputStream:75 - [STDERR_REDIRECT] 
2025-12-17 11:47:36,309 [ERROR] LogOutputStream:75 - [STDERR_REDIRECT] [Fatal Error] :1:1: Premature end of file.
2025-12-17 11:47:36,309 [ERROR] LogOutputStream:75 - [STDERR_REDIRECT] 
2025-12-17 11:47:37,308 [ERROR] LogOutputStream:75 - [STDERR_REDIRECT] [Fatal Error] :1:1: Premature end of file.
2025-12-17 11:47:37,308 [ERROR] LogOutputStream:75 - [STDERR_REDIRECT] 
2025-12-17 11:47:38,307 [ERROR] LogOutputStream:75 - [STDERR_REDIRECT] [Fatal Error] :1:1: Premature end of file.
2025-12-17 11:47:38,308 [ERROR] LogOutputStream:75 - [STDERR_REDIRECT] 
2025-12-17 11:47:39,307 [ERROR] LogOutputStream:75 - [STDERR_REDIRECT] [Fatal Error] :1:1: Premature end of file.
2025-12-17 11:47:39,307 [ERROR] LogOutputStream:75 - [STDERR_REDIRECT] 
2025-12-17 11:47:40,309 [ERROR] LogOutputStream:75 - [STDERR_REDIRECT] [Fatal Error] :1:1: Premature end of file.
2025-12-17 11:47:40,309 [ERROR] LogOutputStream:75 - [STDERR_REDIRECT] 
2025-12-17 11:47:41,309 [ERROR] LogOutputStream:75 - [STDERR_REDIRECT] [Fatal Error] :1:1: Premature end of file.
2025-12-17 11:47:41,309 [ERROR] LogOutputStream:75 - [STDERR_REDIRECT] 
2025-12-17 11:47:42,308 [ERROR] LogOutputStream:75 - [STDERR_REDIRECT] [Fatal Error] :1:1: Premature end of file.
2025-12-17 11:47:42,308 [ERROR] LogOutputStream:75 - [STDERR_REDIRECT] 
2025-12-17 11:47:43,308 [ERROR] LogOutputStream:75 - [STDERR_REDIRECT] [Fatal Error] :1:1: Premature end of file.
2025-12-17 11:47:43,309 [ERROR] LogOutputStream:75 - [STDERR_REDIRECT] 
2025-12-17 11:47:44,309 [ERROR] LogOutputStream:75 - [STDERR_REDIRECT] [Fatal Error] :1:1: Premature end of file.
2025-12-17 11:47:44,309 [ERROR] LogOutputStream:75 - [STDERR_REDIRECT] 
2025-12-17 11:47:45,307 [ERROR] LogOutputStream:75 - [STDERR_REDIRECT] [Fatal Error] :1:1: Premature end of file.
2025-12-17 11:47:45,307 [ERROR] LogOutputStream:75 - [STDERR_REDIRECT] 
2025-12-17 11:47:46,308 [ERROR] LogOutputStream:75 - [STDERR_REDIRECT] [Fatal Error] :1:1: Premature end of file.
2025-12-17 11:47:46,308 [ERROR] LogOutputStream:75 - [STDERR_REDIRECT] 
2025-12-17 11:47:47,309 [ERROR] LogOutputStream:75 - [STDERR_REDIRECT] [Fatal Error] :1:1: Premature end of file.
2025-12-17 11:47:47,309 [ERROR] LogOutputStream:75 - [STDERR_REDIRECT] 
2025-12-17 11:47:48,307 [ERROR] LogOutputStream:75 - [STDERR_REDIRECT] [Fatal Error] :1:1: Premature end of file.
2025-12-17 11:47:48,308 [ERROR] LogOutputStream:75 - [STDERR_REDIRECT] 
2025-12-17 11:47:49,310 [ERROR] LogOutputStream:75 - [STDERR_REDIRECT] [Fatal Error] :1:1: Premature end of file.
2025-12-17 11:47:49,310 [ERROR] LogOutputStream:75 - [STDERR_REDIRECT] 
2025-12-17 11:47:50,309 [ERROR] LogOutputStream:75 - [STDERR_REDIRECT] [Fatal Error] :1:1: Premature end of file.
2025-12-17 11:47:50,309 [ERROR] LogOutputStream:75 - [STDERR_REDIRECT] 
2025-12-17 11:47:51,307 [ERROR] LogOutputStream:75 - [STDERR_REDIRECT] [Fatal Error] :1:1: Premature end of file.
2025-12-17 11:47:51,307 [ERROR] LogOutputStream:75 - [STDERR_REDIRECT] 
2025-12-17 11:47:52,307 [ERROR] LogOutputStream:75 - [STDERR_REDIRECT] [Fatal Error] :1:1: Premature end of file.
2025-12-17 11:47:52,308 [ERROR] LogOutputStream:75 - [STDERR_REDIRECT] 
2025-12-17 11:47:53,306 [ERROR] LogOutputStream:75 - [STDERR_REDIRECT] [Fatal Error] :1:1: Premature end of file.
2025-12-17 11:47:53,306 [ERROR] LogOutputStream:75 - [STDERR_REDIRECT] 
2025-12-17 11:47:54,308 [ERROR] LogOutputStream:75 - [STDERR_REDIRECT] [Fatal Error] :1:1: Premature end of file.
2025-12-17 11:47:54,309 [ERROR] LogOutputStream:75 - [STDERR_REDIRECT] 
2025-12-17 11:47:55,309 [ERROR] LogOutputStream:75 - [STDERR_REDIRECT] [Fatal Error] :1:1: Premature end of file.
2025-12-17 11:47:55,310 [ERROR] LogOutputStream:75 - [STDERR_REDIRECT] 
2025-12-17 11:47:56,308 [ERROR] LogOutputStream:75 - [STDERR_REDIRECT] [Fatal Error] :1:1: Premature end of file.
2025-12-17 11:47:56,308 [ERROR] LogOutputStream:75 - [STDERR_REDIRECT] 
2025-12-17 11:47:57,307 [ERROR] LogOutputStream:75 - [STDERR_REDIRECT] [Fatal Error] :1:1: Premature end of file.
2025-12-17 11:47:57,307 [ERROR] LogOutputStream:75 - [STDERR_REDIRECT] 
2025-12-17 11:47:58,310 [ERROR] LogOutputStream:75 - [STDERR_REDIRECT] [Fatal Error] :1:1: Premature end of file.
2025-12-17 11:47:58,310 [ERROR] LogOutputStream:75 - [STDERR_REDIRECT] 
2025-12-17 11:47:59,308 [ERROR] LogOutputStream:75 - [STDERR_REDIRECT] [Fatal Error] :1:1: Premature end of file.
2025-12-17 11:47:59,310 [ERROR] LogOutputStream:75 - [STDERR_REDIRECT] 
2025-12-17 11:48:00,306 [ERROR] LogOutputStream:75 - [STDERR_REDIRECT] [Fatal Error] :1:1: Premature end of file.
2025-12-17 11:48:00,306 [ERROR] LogOutputStream:75 - [STDERR_REDIRECT] 
2025-12-17 11:48:01,308 [ERROR] LogOutputStream:75 - [STDERR_REDIRECT] [Fatal Error] :1:1: Premature end of file.
2025-12-17 11:48:01,308 [ERROR] LogOutputStream:75 - [STDERR_REDIRECT] 
2025-12-17 11:48:02,307 [ERROR] LogOutputStream:75 - [STDERR_REDIRECT] [Fatal Error] :1:1: Premature end of file.
2025-12-17 11:48:02,308 [ERROR] LogOutputStream:75 - [STDERR_REDIRECT] 
2025-12-17 11:48:03,313 [ERROR] LogOutputStream:75 - [STDERR_REDIRECT] [Fatal Error] :1:1: Premature end of file.
2025-12-17 11:48:03,313 [ERROR] LogOutputStream:75 - [STDERR_REDIRECT] 
2025-12-17 11:48:04,310 [ERROR] LogOutputStream:75 - [STDERR_REDIRECT] [Fatal Error] :1:1: Premature end of file.
2025-12-17 11:48:04,310 [ERROR] LogOutputStream:75 - [STDERR_REDIRECT] 
2025-12-17 11:48:05,307 [ERROR] LogOutputStream:75 - [STDERR_REDIRECT] [Fatal Error] :1:1: Premature end of file.
2025-12-17 11:48:05,307 [ERROR] LogOutputStream:75 - [STDERR_REDIRECT] 
2025-12-17 11:48:06,326 [ERROR] LogOutputStream:75 - [STDERR_REDIRECT] [Fatal Error] :1:1: Premature end of file.
2025-12-17 11:48:06,327 [ERROR] LogOutputStream:75 - [STDERR_REDIRECT] 
2025-12-17 11:48:07,310 [ERROR] LogOutputStream:75 - [STDERR_REDIRECT] [Fatal Error] :1:1: Premature end of file.
2025-12-17 11:48:07,310 [ERROR] LogOutputStream:75 - [STDERR_REDIRECT] 
2025-12-17 11:48:08,308 [ERROR] LogOutputStream:75 - [STDERR_REDIRECT] [Fatal Error] :1:1: Premature end of file.
2025-12-17 11:48:08,308 [ERROR] LogOutputStream:75 - [STDERR_REDIRECT] 
2025-12-17 11:48:09,308 [ERROR] LogOutputStream:75 - [STDERR_REDIRECT] [Fatal Error] :1:1: Premature end of file.
2025-12-17 11:48:09,309 [ERROR] LogOutputStream:75 - [STDERR_REDIRECT] 
2025-12-17 11:48:10,309 [ERROR] LogOutputStream:75 - [STDERR_REDIRECT] [Fatal Error] :1:1: Premature end of file.
2025-12-17 11:48:10,310 [ERROR] LogOutputStream:75 - [STDERR_REDIRECT] 
2025-12-17 11:48:11,309 [ERROR] LogOutputStream:75 - [STDERR_REDIRECT] [Fatal Error] :1:1: Premature end of file.
2025-12-17 11:48:11,309 [ERROR] LogOutputStream:75 - [STDERR_REDIRECT] 
2025-12-17 11:48:12,310 [ERROR] LogOutputStream:75 - [STDERR_REDIRECT] [Fatal Error] :1:1: Premature end of file.
2025-12-17 11:48:12,311 [ERROR] LogOutputStream:75 - [STDERR_REDIRECT] 
2025-12-17 11:48:13,308 [ERROR] LogOutputStream:75 - [STDERR_REDIRECT] [Fatal Error] :1:1: Premature end of file.
2025-12-17 11:48:13,308 [ERROR] LogOutputStream:75 - [STDERR_REDIRECT] 
2025-12-17 11:48:14,307 [ERROR] LogOutputStream:75 - [STDERR_REDIRECT] [Fatal Error] :1:1: Premature end of file.
2025-12-17 11:48:14,307 [ERROR] LogOutputStream:75 - [STDERR_REDIRECT] 
2025-12-17 11:48:15,307 [ERROR] LogOutputStream:75 - [STDERR_REDIRECT] [Fatal Error] :1:1: Premature end of file.
2025-12-17 11:48:15,307 [ERROR] LogOutputStream:75 - [STDERR_REDIRECT] 
2025-12-17 11:48:16,307 [ERROR] LogOutputStream:75 - [STDERR_REDIRECT] [Fatal Error] :1:1: Premature end of file.
2025-12-17 11:48:16,309 [ERROR] LogOutputStream:75 - [STDERR_REDIRECT] 
2025-12-17 11:48:17,307 [ERROR] LogOutputStream:75 - [STDERR_REDIRECT] [Fatal Error] :1:1: Premature end of file.
2025-12-17 11:48:17,309 [ERROR] LogOutputStream:75 - [STDERR_REDIRECT] 
2025-12-17 11:48:18,307 [ERROR] LogOutputStream:75 - [STDERR_REDIRECT] [Fatal Error] :1:1: Premature end of file.
2025-12-17 11:48:18,307 [ERROR] LogOutputStream:75 - [STDERR_REDIRECT] 
2025-12-17 11:48:19,310 [ERROR] LogOutputStream:75 - [STDERR_REDIRECT] [Fatal Error] :1:1: Premature end of file.
2025-12-17 11:48:19,310 [ERROR] LogOutputStream:75 - [STDERR_REDIRECT] 
2025-12-17 11:48:20,309 [ERROR] LogOutputStream:75 - [STDERR_REDIRECT] [Fatal Error] :1:1: Premature end of file.
2025-12-17 11:48:20,309 [ERROR] LogOutputStream:75 - [STDERR_REDIRECT] 
2025-12-17 11:48:21,305 [ERROR] LogOutputStream:75 - [STDERR_REDIRECT] [Fatal Error] :1:1: Premature end of file.
2025-12-17 11:48:21,307 [ERROR] LogOutputStream:75 - [STDERR_REDIRECT] 
2025-12-17 11:48:22,310 [ERROR] LogOutputStream:75 - [STDERR_REDIRECT] [Fatal Error] :1:1: Premature end of file.
2025-12-17 11:48:22,310 [ERROR] LogOutputStream:75 - [STDERR_REDIRECT] 
2025-12-17 11:48:23,309 [ERROR] LogOutputStream:75 - [STDERR_REDIRECT] [Fatal Error] :1:1: Premature end of file.
2025-12-17 11:48:23,309 [ERROR] LogOutputStream:75 - [STDERR_REDIRECT] 
2025-12-17 11:48:24,310 [ERROR] LogOutputStream:75 - [STDERR_REDIRECT] [Fatal Error] :1:1: Premature end of file.
2025-12-17 11:48:24,310 [ERROR] LogOutputStream:75 - [STDERR_REDIRECT] 
2025-12-17 11:48:25,309 [ERROR] LogOutputStream:75 - [STDERR_REDIRECT] [Fatal Error] :1:1: Premature end of file.
2025-12-17 11:48:25,309 [ERROR] LogOutputStream:75 - [STDERR_REDIRECT] 
2025-12-17 11:48:26,309 [ERROR] LogOutputStream:75 - [STDERR_REDIRECT] [Fatal Error] :1:1: Premature end of file.
2025-12-17 11:48:26,309 [ERROR] LogOutputStream:75 - [STDERR_REDIRECT] 
2025-12-17 11:48:27,307 [ERROR] LogOutputStream:75 - [STDERR_REDIRECT] [Fatal Error] :1:1: Premature end of file.
2025-12-17 11:48:27,307 [ERROR] LogOutputStream:75 - [STDERR_REDIRECT] 
2025-12-17 11:48:28,309 [ERROR] LogOutputStream:75 - [STDERR_REDIRECT] [Fatal Error] :1:1: Premature end of file.
2025-12-17 11:48:28,309 [ERROR] LogOutputStream:75 - [STDERR_REDIRECT] 
2025-12-17 11:48:29,308 [ERROR] LogOutputStream:75 - [STDERR_REDIRECT] [Fatal Error] :1:1: Premature end of file.
2025-12-17 11:48:29,308 [ERROR] LogOutputStream:75 - [STDERR_REDIRECT] 
2025-12-17 11:48:30,309 [ERROR] LogOutputStream:75 - [STDERR_REDIRECT] [Fatal Error] :1:1: Premature end of file.
2025-12-17 11:48:30,309 [ERROR] LogOutputStream:75 - [STDERR_REDIRECT] 
2025-12-17 11:48:31,307 [ERROR] LogOutputStream:75 - [STDERR_REDIRECT] [Fatal Error] :1:1: Premature end of file.
2025-12-17 11:48:31,307 [ERROR] LogOutputStream:75 - [STDERR_REDIRECT] 
2025-12-17 11:48:32,311 [ERROR] LogOutputStream:75 - [STDERR_REDIRECT] [Fatal Error] :1:1: Premature end of file.
2025-12-17 11:48:32,311 [ERROR] LogOutputStream:75 - [STDERR_REDIRECT] 
2025-12-17 11:48:33,309 [ERROR] LogOutputStream:75 - [STDERR_REDIRECT] [Fatal Error] :1:1: Premature end of file.
2025-12-17 11:48:33,309 [ERROR] LogOutputStream:75 - [STDERR_REDIRECT] 
2025-12-17 11:48:34,308 [ERROR] LogOutputStream:75 - [STDERR_REDIRECT] [Fatal Error] :1:1: Premature end of file.
2025-12-17 11:48:34,309 [ERROR] LogOutputStream:75 - [STDERR_REDIRECT] 
2025-12-17 11:48:35,312 [ERROR] LogOutputStream:75 - [STDERR_REDIRECT] [Fatal Error] :1:1: Premature end of file.
2025-12-17 11:48:35,312 [ERROR] LogOutputStream:75 - [STDERR_REDIRECT] 
2025-12-17 11:48:36,308 [ERROR] LogOutputStream:75 - [STDERR_REDIRECT] [Fatal Error] :1:1: Premature end of file.
2025-12-17 11:48:36,308 [ERROR] LogOutputStream:75 - [STDERR_REDIRECT] 
2025-12-17 11:48:37,309 [ERROR] LogOutputStream:75 - [STDERR_REDIRECT] [Fatal Error] :1:1: Premature end of file.
2025-12-17 11:48:37,309 [ERROR] LogOutputStream:75 - [STDERR_REDIRECT] 
2025-12-17 11:48:38,307 [ERROR] LogOutputStream:75 - [STDERR_REDIRECT] [Fatal Error] :1:1: Premature end of file.
2025-12-17 11:48:38,309 [ERROR] LogOutputStream:75 - [STDERR_REDIRECT] 
2025-12-17 11:48:39,308 [ERROR] LogOutputStream:75 - [STDERR_REDIRECT] [Fatal Error] :1:1: Premature end of file.
2025-12-17 11:48:39,308 [ERROR] LogOutputStream:75 - [STDERR_REDIRECT] 
2025-12-17 11:48:40,307 [ERROR] LogOutputStream:75 - [STDERR_REDIRECT] [Fatal Error] :1:1: Premature end of file.
2025-12-17 11:48:40,309 [ERROR] LogOutputStream:75 - [STDERR_REDIRECT] 
2025-12-17 11:48:41,309 [ERROR] LogOutputStream:75 - [STDERR_REDIRECT] [Fatal Error] :1:1: Premature end of file.
2025-12-17 11:48:41,309 [ERROR] LogOutputStream:75 - [STDERR_REDIRECT] 
2025-12-17 11:48:42,308 [ERROR] LogOutputStream:75 - [STDERR_REDIRECT] [Fatal Error] :1:1: Premature end of file.
2025-12-17 11:48:42,308 [ERROR] LogOutputStream:75 - [STDERR_REDIRECT] 
2025-12-17 11:48:43,307 [ERROR] LogOutputStream:75 - [STDERR_REDIRECT] [Fatal Error] :1:1: Premature end of file.
2025-12-17 11:48:43,307 [ERROR] LogOutputStream:75 - [STDERR_REDIRECT] 
2025-12-17 11:48:44,307 [ERROR] LogOutputStream:75 - [STDERR_REDIRECT] [Fatal Error] :1:1: Premature end of file.
2025-12-17 11:48:44,308 [ERROR] LogOutputStream:75 - [STDERR_REDIRECT] 
2025-12-17 11:48:45,339 [ERROR] LogOutputStream:75 - [STDERR_REDIRECT] [Fatal Error] :1:1: Premature end of file.
2025-12-17 11:48:45,339 [ERROR] LogOutputStream:75 - [STDERR_REDIRECT] 
2025-12-17 11:48:46,307 [ERROR] LogOutputStream:75 - [STDERR_REDIRECT] [Fatal Error] :1:1: Premature end of file.
2025-12-17 11:48:46,308 [ERROR] LogOutputStream:75 - [STDERR_REDIRECT] 
2025-12-17 11:48:47,312 [ERROR] LogOutputStream:75 - [STDERR_REDIRECT] [Fatal Error] :1:1: Premature end of file.
2025-12-17 11:48:47,312 [ERROR] LogOutputStream:75 - [STDERR_REDIRECT] 
2025-12-17 11:48:48,308 [ERROR] LogOutputStream:75 - [STDERR_REDIRECT] [Fatal Error] :1:1: Premature end of file.
2025-12-17 11:48:48,308 [ERROR] LogOutputStream:75 - [STDERR_REDIRECT] 
2025-12-17 11:48:49,308 [ERROR] LogOutputStream:75 - [STDERR_REDIRECT] [Fatal Error] :1:1: Premature end of file.
2025-12-17 11:48:49,309 [ERROR] LogOutputStream:75 - [STDERR_REDIRECT] 
2025-12-17 11:48:50,307 [ERROR] LogOutputStream:75 - [STDERR_REDIRECT] [Fatal Error] :1:1: Premature end of file.
2025-12-17 11:48:50,307 [ERROR] LogOutputStream:75 - [STDERR_REDIRECT] 
2025-12-17 11:48:51,308 [ERROR] LogOutputStream:75 - [STDERR_REDIRECT] [Fatal Error] :1:1: Premature end of file.
2025-12-17 11:48:51,310 [ERROR] LogOutputStream:75 - [STDERR_REDIRECT] 
2025-12-17 11:48:52,329 [ERROR] LogOutputStream:75 - [STDERR_REDIRECT] [Fatal Error] :1:1: Premature end of file.
2025-12-17 11:48:52,329 [ERROR] LogOutputStream:75 - [STDERR_REDIRECT] 
2025-12-17 11:48:53,307 [ERROR] LogOutputStream:75 - [STDERR_REDIRECT] [Fatal Error] :1:1: Premature end of file.
2025-12-17 11:48:53,308 [ERROR] LogOutputStream:75 - [STDERR_REDIRECT] 
2025-12-17 11:48:54,308 [ERROR] LogOutputStream:75 - [STDERR_REDIRECT] [Fatal Error] :1:1: Premature end of file.
2025-12-17 11:48:54,308 [ERROR] LogOutputStream:75 - [STDERR_REDIRECT] 
2025-12-17 11:48:55,306 [ERROR] LogOutputStream:75 - [STDERR_REDIRECT] [Fatal Error] :1:1: Premature end of file.
2025-12-17 11:48:55,307 [ERROR] LogOutputStream:75 - [STDERR_REDIRECT] 
2025-12-17 11:48:56,308 [ERROR] LogOutputStream:75 - [STDERR_REDIRECT] [Fatal Error] :1:1: Premature end of file.
2025-12-17 11:48:56,309 [ERROR] LogOutputStream:75 - [STDERR_REDIRECT] 
2025-12-17 11:48:57,308 [ERROR] LogOutputStream:75 - [STDERR_REDIRECT] [Fatal Error] :1:1: Premature end of file.
2025-12-17 11:48:57,308 [ERROR] LogOutputStream:75 - [STDERR_REDIRECT] 
2025-12-17 11:48:58,307 [ERROR] LogOutputStream:75 - [STDERR_REDIRECT] [Fatal Error] :1:1: Premature end of file.
2025-12-17 11:48:58,307 [ERROR] LogOutputStream:75 - [STDERR_REDIRECT] 
2025-12-17 11:48:59,308 [ERROR] LogOutputStream:75 - [STDERR_REDIRECT] [Fatal Error] :1:1: Premature end of file.
2025-12-17 11:48:59,310 [ERROR] LogOutputStream:75 - [STDERR_REDIRECT] 
2025-12-17 11:49:00,308 [ERROR] LogOutputStream:75 - [STDERR_REDIRECT] [Fatal Error] :1:1: Premature end of file.
2025-12-17 11:49:00,309 [ERROR] LogOutputStream:75 - [STDERR_REDIRECT] 
2025-12-17 11:49:01,308 [ERROR] LogOutputStream:75 - [STDERR_REDIRECT] [Fatal Error] :1:1: Premature end of file.
2025-12-17 11:49:01,308 [ERROR] LogOutputStream:75 - [STDERR_REDIRECT] 
2025-12-17 11:49:02,310 [ERROR] LogOutputStream:75 - [STDERR_REDIRECT] [Fatal Error] :1:1: Premature end of file.
2025-12-17 11:49:02,310 [ERROR] LogOutputStream:75 - [STDERR_REDIRECT] 
2025-12-17 11:49:03,309 [ERROR] LogOutputStream:75 - [STDERR_REDIRECT] [Fatal Error] :1:1: Premature end of file.
2025-12-17 11:49:03,309 [ERROR] LogOutputStream:75 - [STDERR_REDIRECT] 
2025-12-17 11:49:04,308 [ERROR] LogOutputStream:75 - [STDERR_REDIRECT] [Fatal Error] :1:1: Premature end of file.
2025-12-17 11:49:04,308 [ERROR] LogOutputStream:75 - [STDERR_REDIRECT] 
2025-12-17 11:49:05,305 [ERROR] LogOutputStream:75 - [STDERR_REDIRECT] [Fatal Error] :1:1: Premature end of file.
2025-12-17 11:49:05,307 [ERROR] LogOutputStream:75 - [STDERR_REDIRECT] 
2025-12-17 11:49:06,316 [ERROR] LogOutputStream:75 - [STDERR_REDIRECT] [Fatal Error] :1:1: Premature end of file.
2025-12-17 11:49:06,317 [ERROR] LogOutputStream:75 - [STDERR_REDIRECT] 
2025-12-17 11:49:07,307 [ERROR] LogOutputStream:75 - [STDERR_REDIRECT] [Fatal Error] :1:1: Premature end of file.
2025-12-17 11:49:07,309 [ERROR] LogOutputStream:75 - [STDERR_REDIRECT] 
2025-12-17 11:49:08,307 [ERROR] LogOutputStream:75 - [STDERR_REDIRECT] [Fatal Error] :1:1: Premature end of file.
2025-12-17 11:49:08,309 [ERROR] LogOutputStream:75 - [STDERR_REDIRECT] 
2025-12-17 11:49:09,308 [ERROR] LogOutputStream:75 - [STDERR_REDIRECT] [Fatal Error] :1:1: Premature end of file.
2025-12-17 11:49:09,308 [ERROR] LogOutputStream:75 - [STDERR_REDIRECT] 
2025-12-17 11:49:10,309 [ERROR] LogOutputStream:75 - [STDERR_REDIRECT] [Fatal Error] :1:1: Premature end of file.
2025-12-17 11:49:10,309 [ERROR] LogOutputStream:75 - [STDERR_REDIRECT] 
2025-12-17 11:49:11,308 [ERROR] LogOutputStream:75 - [STDERR_REDIRECT] [Fatal Error] :1:1: Premature end of file.
2025-12-17 11:49:11,308 [ERROR] LogOutputStream:75 - [STDERR_REDIRECT] 
2025-12-17 11:49:12,308 [ERROR] LogOutputStream:75 - [STDERR_REDIRECT] [Fatal Error] :1:1: Premature end of file.
2025-12-17 11:49:12,308 [ERROR] LogOutputStream:75 - [STDERR_REDIRECT] 
2025-12-17 11:49:13,308 [ERROR] LogOutputStream:75 - [STDERR_REDIRECT] [Fatal Error] :1:1: Premature end of file.
2025-12-17 11:49:13,308 [ERROR] LogOutputStream:75 - [STDERR_REDIRECT] 
2025-12-17 11:49:14,307 [ERROR] LogOutputStream:75 - [STDERR_REDIRECT] [Fatal Error] :1:1: Premature end of file.
2025-12-17 11:49:14,308 [ERROR] LogOutputStream:75 - [STDERR_REDIRECT] 
2025-12-17 11:49:15,308 [ERROR] LogOutputStream:75 - [STDERR_REDIRECT] [Fatal Error] :1:1: Premature end of file.
2025-12-17 11:49:15,308 [ERROR] LogOutputStream:75 - [STDERR_REDIRECT] 
2025-12-17 11:49:16,309 [ERROR] LogOutputStream:75 - [STDERR_REDIRECT] [Fatal Error] :1:1: Premature end of file.
2025-12-17 11:49:16,309 [ERROR] LogOutputStream:75 - [STDERR_REDIRECT] 
2025-12-17 11:49:17,307 [ERROR] LogOutputStream:75 - [STDERR_REDIRECT] [Fatal Error] :1:1: Premature end of file.
2025-12-17 11:49:17,307 [ERROR] LogOutputStream:75 - [STDERR_REDIRECT] 
2025-12-17 11:49:18,308 [ERROR] LogOutputStream:75 - [STDERR_REDIRECT] [Fatal Error] :1:1: Premature end of file.
2025-12-17 11:49:18,308 [ERROR] LogOutputStream:75 - [STDERR_REDIRECT] 
2025-12-17 11:49:19,308 [ERROR] LogOutputStream:75 - [STDERR_REDIRECT] [Fatal Error] :1:1: Premature end of file.
2025-12-17 11:49:19,308 [ERROR] LogOutputStream:75 - [STDERR_REDIRECT] 
2025-12-17 11:49:20,306 [ERROR] LogOutputStream:75 - [STDERR_REDIRECT] [Fatal Error] :1:1: Premature end of file.
2025-12-17 11:49:20,308 [ERROR] LogOutputStream:75 - [STDERR_REDIRECT] 
2025-12-17 11:49:21,307 [ERROR] LogOutputStream:75 - [STDERR_REDIRECT] [Fatal Error] :1:1: Premature end of file.
2025-12-17 11:49:21,307 [ERROR] LogOutputStream:75 - [STDERR_REDIRECT] 
2025-12-17 11:49:22,306 [ERROR] LogOutputStream:75 - [STDERR_REDIRECT] [Fatal Error] :1:1: Premature end of file.
2025-12-17 11:49:22,307 [ERROR] LogOutputStream:75 - [STDERR_REDIRECT] 
2025-12-17 11:49:23,307 [ERROR] LogOutputStream:75 - [STDERR_REDIRECT] [Fatal Error] :1:1: Premature end of file.
2025-12-17 11:49:23,308 [ERROR] LogOutputStream:75 - [STDERR_REDIRECT] 
2025-12-17 11:49:24,308 [ERROR] LogOutputStream:75 - [STDERR_REDIRECT] [Fatal Error] :1:1: Premature end of file.
2025-12-17 11:49:24,308 [ERROR] LogOutputStream:75 - [STDERR_REDIRECT] 
2025-12-17 11:49:25,307 [ERROR] LogOutputStream:75 - [STDERR_REDIRECT] [Fatal Error] :1:1: Premature end of file.
2025-12-17 11:49:25,307 [ERROR] LogOutputStream:75 - [STDERR_REDIRECT] 
2025-12-17 11:49:26,307 [ERROR] LogOutputStream:75 - [STDERR_REDIRECT] [Fatal Error] :1:1: Premature end of file.
2025-12-17 11:49:26,308 [ERROR] LogOutputStream:75 - [STDERR_REDIRECT] 
2025-12-17 11:49:27,307 [ERROR] LogOutputStream:75 - [STDERR_REDIRECT] [Fatal Error] :1:1: Premature end of file.
2025-12-17 11:49:27,307 [ERROR] LogOutputStream:75 - [STDERR_REDIRECT] 
2025-12-17 11:49:28,309 [ERROR] LogOutputStream:75 - [STDERR_REDIRECT] [Fatal Error] :1:1: Premature end of file.
2025-12-17 11:49:28,310 [ERROR] LogOutputStream:75 - [STDERR_REDIRECT] 
2025-12-17 11:49:29,308 [ERROR] LogOutputStream:75 - [STDERR_REDIRECT] [Fatal Error] :1:1: Premature end of file.
2025-12-17 11:49:29,308 [ERROR] LogOutputStream:75 - [STDERR_REDIRECT] 
2025-12-17 11:49:30,306 [ERROR] LogOutputStream:75 - [STDERR_REDIRECT] [Fatal Error] :1:1: Premature end of file.
2025-12-17 11:49:30,307 [ERROR] LogOutputStream:75 - [STDERR_REDIRECT] 
2025-12-17 11:49:31,313 [ERROR] LogOutputStream:75 - [STDERR_REDIRECT] [Fatal Error] :1:1: Premature end of file.
2025-12-17 11:49:31,313 [ERROR] LogOutputStream:75 - [STDERR_REDIRECT] 
2025-12-17 11:49:32,312 [ERROR] LogOutputStream:75 - [STDERR_REDIRECT] [Fatal Error] :1:1: Premature end of file.
2025-12-17 11:49:32,312 [ERROR] LogOutputStream:75 - [STDERR_REDIRECT] 
2025-12-17 11:49:33,307 [ERROR] LogOutputStream:75 - [STDERR_REDIRECT] [Fatal Error] :1:1: Premature end of file.
2025-12-17 11:49:33,308 [ERROR] LogOutputStream:75 - [STDERR_REDIRECT] 
2025-12-17 11:49:34,307 [ERROR] LogOutputStream:75 - [STDERR_REDIRECT] [Fatal Error] :1:1: Premature end of file.
2025-12-17 11:49:34,307 [ERROR] LogOutputStream:75 - [STDERR_REDIRECT] 
2025-12-17 11:49:35,306 [ERROR] LogOutputStream:75 - [STDERR_REDIRECT] [Fatal Error] :1:1: Premature end of file.
2025-12-17 11:49:35,307 [ERROR] LogOutputStream:75 - [STDERR_REDIRECT] 
2025-12-17 11:49:36,313 [ERROR] LogOutputStream:75 - [STDERR_REDIRECT] [Fatal Error] :1:1: Premature end of file.
2025-12-17 11:49:36,313 [ERROR] LogOutputStream:75 - [STDERR_REDIRECT] 
2025-12-17 11:49:37,309 [ERROR] LogOutputStream:75 - [STDERR_REDIRECT] [Fatal Error] :1:1: Premature end of file.
2025-12-17 11:49:37,309 [ERROR] LogOutputStream:75 - [STDERR_REDIRECT] 
2025-12-17 11:49:38,308 [ERROR] LogOutputStream:75 - [STDERR_REDIRECT] [Fatal Error] :1:1: Premature end of file.
2025-12-17 11:49:38,308 [ERROR] LogOutputStream:75 - [STDERR_REDIRECT] 
2025-12-17 11:49:39,310 [ERROR] LogOutputStream:75 - [STDERR_REDIRECT] [Fatal Error] :1:1: Premature end of file.
2025-12-17 11:49:39,311 [ERROR] LogOutputStream:75 - [STDERR_REDIRECT] 
2025-12-17 11:49:40,309 [ERROR] LogOutputStream:75 - [STDERR_REDIRECT] [Fatal Error] :1:1: Premature end of file.
2025-12-17 11:49:40,309 [ERROR] LogOutputStream:75 - [STDERR_REDIRECT] 
2025-12-17 11:49:41,308 [ERROR] LogOutputStream:75 - [STDERR_REDIRECT] [Fatal Error] :1:1: Premature end of file.
2025-12-17 11:49:41,308 [ERROR] LogOutputStream:75 - [STDERR_REDIRECT] 
2025-12-17 11:49:42,309 [ERROR] LogOutputStream:75 - [STDERR_REDIRECT] [Fatal Error] :1:1: Premature end of file.
2025-12-17 11:49:42,309 [ERROR] LogOutputStream:75 - [STDERR_REDIRECT] 
2025-12-17 11:49:43,309 [ERROR] LogOutputStream:75 - [STDERR_REDIRECT] [Fatal Error] :1:1: Premature end of file.
2025-12-17 11:49:43,309 [ERROR] LogOutputStream:75 - [STDERR_REDIRECT] 
2025-12-17 11:49:44,309 [ERROR] LogOutputStream:75 - [STDERR_REDIRECT] [Fatal Error] :1:1: Premature end of file.
2025-12-17 11:49:44,309 [ERROR] LogOutputStream:75 - [STDERR_REDIRECT] 
2025-12-17 11:49:45,308 [ERROR] LogOutputStream:75 - [STDERR_REDIRECT] [Fatal Error] :1:1: Premature end of file.
2025-12-17 11:49:45,308 [ERROR] LogOutputStream:75 - [STDERR_REDIRECT] 
2025-12-17 11:49:46,308 [ERROR] LogOutputStream:75 - [STDERR_REDIRECT] [Fatal Error] :1:1: Premature end of file.
2025-12-17 11:49:46,308 [ERROR] LogOutputStream:75 - [STDERR_REDIRECT] 
2025-12-17 11:49:47,308 [ERROR] LogOutputStream:75 - [STDERR_REDIRECT] [Fatal Error] :1:1: Premature end of file.
2025-12-17 11:49:47,308 [ERROR] LogOutputStream:75 - [STDERR_REDIRECT] 
2025-12-17 11:49:48,309 [ERROR] LogOutputStream:75 - [STDERR_REDIRECT] [Fatal Error] :1:1: Premature end of file.
2025-12-17 11:49:48,309 [ERROR] LogOutputStream:75 - [STDERR_REDIRECT] 
2025-12-17 11:49:49,308 [ERROR] LogOutputStream:75 - [STDERR_REDIRECT] [Fatal Error] :1:1: Premature end of file.
2025-12-17 11:49:49,308 [ERROR] LogOutputStream:75 - [STDERR_REDIRECT] 
2025-12-17 11:49:50,306 [ERROR] LogOutputStream:75 - [STDERR_REDIRECT] [Fatal Error] :1:1: Premature end of file.
2025-12-17 11:49:50,308 [ERROR] LogOutputStream:75 - [STDERR_REDIRECT] 
2025-12-17 11:49:51,307 [ERROR] LogOutputStream:75 - [STDERR_REDIRECT] [Fatal Error] :1:1: Premature end of file.
2025-12-17 11:49:51,307 [ERROR] LogOutputStream:75 - [STDERR_REDIRECT] 
2025-12-17 11:49:52,307 [ERROR] LogOutputStream:75 - [STDERR_REDIRECT] [Fatal Error] :1:1: Premature end of file.
2025-12-17 11:49:52,307 [ERROR] LogOutputStream:75 - [STDERR_REDIRECT] 
2025-12-17 11:49:53,308 [ERROR] LogOutputStream:75 - [STDERR_REDIRECT] [Fatal Error] :1:1: Premature end of file.
2025-12-17 11:49:53,308 [ERROR] LogOutputStream:75 - [STDERR_REDIRECT] 
2025-12-17 11:49:54,310 [ERROR] LogOutputStream:75 - [STDERR_REDIRECT] [Fatal Error] :1:1: Premature end of file.
2025-12-17 11:49:54,310 [ERROR] LogOutputStream:75 - [STDERR_REDIRECT] 
2025-12-17 11:49:55,316 [ERROR] LogOutputStream:75 - [STDERR_REDIRECT] [Fatal Error] :1:1: Premature end of file.
2025-12-17 11:49:55,316 [ERROR] LogOutputStream:75 - [STDERR_REDIRECT] 
2025-12-17 11:49:56,325 [ERROR] LogOutputStream:75 - [STDERR_REDIRECT] [Fatal Error] :1:1: Premature end of file.
2025-12-17 11:49:56,325 [ERROR] LogOutputStream:75 - [STDERR_REDIRECT] 
2025-12-17 11:49:57,317 [ERROR] LogOutputStream:75 - [STDERR_REDIRECT] [Fatal Error] :1:1: Premature end of file.
2025-12-17 11:49:57,317 [ERROR] LogOutputStream:75 - [STDERR_REDIRECT] 
2025-12-17 11:49:58,323 [ERROR] LogOutputStream:75 - [STDERR_REDIRECT] [Fatal Error] :1:1: Premature end of file.
2025-12-17 11:49:58,323 [ERROR] LogOutputStream:75 - [STDERR_REDIRECT] 
2025-12-17 11:49:59,316 [ERROR] LogOutputStream:75 - [STDERR_REDIRECT] [Fatal Error] :1:1: Premature end of file.
2025-12-17 11:49:59,317 [ERROR] LogOutputStream:75 - [STDERR_REDIRECT] 
2025-12-17 11:50:00,309 [ERROR] LogOutputStream:75 - [STDERR_REDIRECT] [Fatal Error] :1:1: Premature end of file.
2025-12-17 11:50:00,309 [ERROR] LogOutputStream:75 - [STDERR_REDIRECT] 
2025-12-17 11:50:01,317 [ERROR] LogOutputStream:75 - [STDERR_REDIRECT] [Fatal Error] :1:1: Premature end of file.
2025-12-17 11:50:01,317 [ERROR] LogOutputStream:75 - [STDERR_REDIRECT] 
2025-12-17 11:50:02,316 [ERROR] LogOutputStream:75 - [STDERR_REDIRECT] [Fatal Error] :1:1: Premature end of file.
2025-12-17 11:50:02,316 [ERROR] LogOutputStream:75 - [STDERR_REDIRECT] 
2025-12-17 11:50:03,321 [ERROR] LogOutputStream:75 - [STDERR_REDIRECT] [Fatal Error] :1:1: Premature end of file.
2025-12-17 11:50:03,321 [ERROR] LogOutputStream:75 - [STDERR_REDIRECT] 
2025-12-17 11:50:04,316 [ERROR] LogOutputStream:75 - [STDERR_REDIRECT] [Fatal Error] :1:1: Premature end of file.
2025-12-17 11:50:04,317 [ERROR] LogOutputStream:75 - [STDERR_REDIRECT] 
2025-12-17 11:50:05,334 [ERROR] LogOutputStream:75 - [STDERR_REDIRECT] [Fatal Error] :1:1: Premature end of file.
2025-12-17 11:50:05,334 [ERROR] LogOutputStream:75 - [STDERR_REDIRECT] 
2025-12-17 11:50:06,321 [ERROR] LogOutputStream:75 - [STDERR_REDIRECT] [Fatal Error] :1:1: Premature end of file.
2025-12-17 11:50:06,321 [ERROR] LogOutputStream:75 - [STDERR_REDIRECT] 
2025-12-17 11:50:07,317 [ERROR] LogOutputStream:75 - [STDERR_REDIRECT] [Fatal Error] :1:1: Premature end of file.
2025-12-17 11:50:07,317 [ERROR] LogOutputStream:75 - [STDERR_REDIRECT] 
2025-12-17 11:50:08,313 [ERROR] LogOutputStream:75 - [STDERR_REDIRECT] [Fatal Error] :1:1: Premature end of file.
2025-12-17 11:50:08,313 [ERROR] LogOutputStream:75 - [STDERR_REDIRECT] 
2025-12-17 11:50:09,308 [ERROR] LogOutputStream:75 - [STDERR_REDIRECT] [Fatal Error] :1:1: Premature end of file.
2025-12-17 11:50:09,308 [ERROR] LogOutputStream:75 - [STDERR_REDIRECT] 
2025-12-17 11:50:10,319 [ERROR] LogOutputStream:75 - [STDERR_REDIRECT] [Fatal Error] :1:1: Premature end of file.
2025-12-17 11:50:10,319 [ERROR] LogOutputStream:75 - [STDERR_REDIRECT] 
2025-12-17 11:50:11,312 [ERROR] LogOutputStream:75 - [STDERR_REDIRECT] [Fatal Error] :1:1: Premature end of file.
2025-12-17 11:50:11,312 [ERROR] LogOutputStream:75 - [STDERR_REDIRECT] 
2025-12-17 11:50:12,309 [ERROR] LogOutputStream:75 - [STDERR_REDIRECT] [Fatal Error] :1:1: Premature end of file.
2025-12-17 11:50:12,309 [ERROR] LogOutputStream:75 - [STDERR_REDIRECT] 
2025-12-17 11:50:13,314 [ERROR] LogOutputStream:75 - [STDERR_REDIRECT] [Fatal Error] :1:1: Premature end of file.
2025-12-17 11:50:13,314 [ERROR] LogOutputStream:75 - [STDERR_REDIRECT] 
2025-12-17 11:50:14,309 [ERROR] LogOutputStream:75 - [STDERR_REDIRECT] [Fatal Error] :1:1: Premature end of file.
2025-12-17 11:50:14,309 [ERROR] LogOutputStream:75 - [STDERR_REDIRECT] 
2025-12-17 11:50:15,316 [ERROR] LogOutputStream:75 - [STDERR_REDIRECT] [Fatal Error] :1:1: Premature end of file.
2025-12-17 11:50:15,316 [ERROR] LogOutputStream:75 - [STDERR_REDIRECT] 
2025-12-17 11:50:16,324 [ERROR] LogOutputStream:75 - [STDERR_REDIRECT] [Fatal Error] :1:1: Premature end of file.
2025-12-17 11:50:16,324 [ERROR] LogOutputStream:75 - [STDERR_REDIRECT] 
2025-12-17 11:50:17,321 [ERROR] LogOutputStream:75 - [STDERR_REDIRECT] [Fatal Error] :1:1: Premature end of file.
2025-12-17 11:50:17,321 [ERROR] LogOutputStream:75 - [STDERR_REDIRECT] 
2025-12-17 11:50:18,315 [ERROR] LogOutputStream:75 - [STDERR_REDIRECT] [Fatal Error] :1:1: Premature end of file.
2025-12-17 11:50:18,315 [ERROR] LogOutputStream:75 - [STDERR_REDIRECT] 
2025-12-17 11:50:19,322 [ERROR] LogOutputStream:75 - [STDERR_REDIRECT] [Fatal Error] :1:1: Premature end of file.
2025-12-17 11:50:19,322 [ERROR] LogOutputStream:75 - [STDERR_REDIRECT] 
2025-12-17 11:50:20,318 [ERROR] LogOutputStream:75 - [STDERR_REDIRECT] [Fatal Error] :1:1: Premature end of file.
2025-12-17 11:50:20,318 [ERROR] LogOutputStream:75 - [STDERR_REDIRECT] 
2025-12-17 11:50:21,309 [ERROR] LogOutputStream:75 - [STDERR_REDIRECT] [Fatal Error] :1:1: Premature end of file.
2025-12-17 11:50:21,309 [ERROR] LogOutputStream:75 - [STDERR_REDIRECT] 
2025-12-17 11:50:22,317 [ERROR] LogOutputStream:75 - [STDERR_REDIRECT] [Fatal Error] :1:1: Premature end of file.
2025-12-17 11:50:22,317 [ERROR] LogOutputStream:75 - [STDERR_REDIRECT] 
2025-12-17 11:50:23,323 [ERROR] LogOutputStream:75 - [STDERR_REDIRECT] [Fatal Error] :1:1: Premature end of file.
2025-12-17 11:50:23,323 [ERROR] LogOutputStream:75 - [STDERR_REDIRECT] 
2025-12-17 11:50:24,316 [ERROR] LogOutputStream:75 - [STDERR_REDIRECT] [Fatal Error] :1:1: Premature end of file.
2025-12-17 11:50:24,316 [ERROR] LogOutputStream:75 - [STDERR_REDIRECT] 
2025-12-17 11:50:25,320 [ERROR] LogOutputStream:75 - [STDERR_REDIRECT] [Fatal Error] :1:1: Premature end of file.
2025-12-17 11:50:25,320 [ERROR] LogOutputStream:75 - [STDERR_REDIRECT] 
2025-12-17 11:50:26,313 [ERROR] LogOutputStream:75 - [STDERR_REDIRECT] [Fatal Error] :1:1: Premature end of file.
2025-12-17 11:50:26,313 [ERROR] LogOutputStream:75 - [STDERR_REDIRECT] 
2025-12-17 11:50:27,323 [ERROR] LogOutputStream:75 - [STDERR_REDIRECT] [Fatal Error] :1:1: Premature end of file.
2025-12-17 11:50:27,323 [ERROR] LogOutputStream:75 - [STDERR_REDIRECT] 
2025-12-17 11:50:28,315 [ERROR] LogOutputStream:75 - [STDERR_REDIRECT] [Fatal Error] :1:1: Premature end of file.
2025-12-17 11:50:28,315 [ERROR] LogOutputStream:75 - [STDERR_REDIRECT] 
2025-12-17 11:50:29,315 [ERROR] LogOutputStream:75 - [STDERR_REDIRECT] [Fatal Error] :1:1: Premature end of file.
2025-12-17 11:50:29,316 [ERROR] LogOutputStream:75 - [STDERR_REDIRECT] 
2025-12-17 11:50:30,309 [ERROR] LogOutputStream:75 - [STDERR_REDIRECT] [Fatal Error] :1:1: Premature end of file.
2025-12-17 11:50:30,309 [ERROR] LogOutputStream:75 - [STDERR_REDIRECT] 
2025-12-17 11:50:31,320 [ERROR] LogOutputStream:75 - [STDERR_REDIRECT] [Fatal Error] :1:1: Premature end of file.
2025-12-17 11:50:31,320 [ERROR] LogOutputStream:75 - [STDERR_REDIRECT] 
2025-12-17 11:50:32,311 [ERROR] LogOutputStream:75 - [STDERR_REDIRECT] [Fatal Error] :1:1: Premature end of file.
2025-12-17 11:50:32,311 [ERROR] LogOutputStream:75 - [STDERR_REDIRECT] 
2025-12-17 11:50:33,322 [ERROR] LogOutputStream:75 - [STDERR_REDIRECT] [Fatal Error] :1:1: Premature end of file.
2025-12-17 11:50:33,322 [ERROR] LogOutputStream:75 - [STDERR_REDIRECT] 
2025-12-17 11:50:34,313 [ERROR] LogOutputStream:75 - [STDERR_REDIRECT] [Fatal Error] :1:1: Premature end of file.
2025-12-17 11:50:34,313 [ERROR] LogOutputStream:75 - [STDERR_REDIRECT] 
2025-12-17 11:50:35,321 [ERROR] LogOutputStream:75 - [STDERR_REDIRECT] [Fatal Error] :1:1: Premature end of file.
2025-12-17 11:50:35,321 [ERROR] LogOutputStream:75 - [STDERR_REDIRECT] 
2025-12-17 11:50:36,312 [ERROR] LogOutputStream:75 - [STDERR_REDIRECT] [Fatal Error] :1:1: Premature end of file.
2025-12-17 11:50:36,312 [ERROR] LogOutputStream:75 - [STDERR_REDIRECT] 
2025-12-17 11:50:37,322 [ERROR] LogOutputStream:75 - [STDERR_REDIRECT] [Fatal Error] :1:1: Premature end of file.
2025-12-17 11:50:37,322 [ERROR] LogOutputStream:75 - [STDERR_REDIRECT] 
2025-12-17 11:50:38,308 [ERROR] LogOutputStream:75 - [STDERR_REDIRECT] [Fatal Error] :1:1: Premature end of file.
2025-12-17 11:50:38,308 [ERROR] LogOutputStream:75 - [STDERR_REDIRECT] 
2025-12-17 11:50:39,323 [ERROR] LogOutputStream:75 - [STDERR_REDIRECT] [Fatal Error] :1:1: Premature end of file.
2025-12-17 11:50:39,323 [ERROR] LogOutputStream:75 - [STDERR_REDIRECT] 
2025-12-17 11:50:40,316 [ERROR] LogOutputStream:75 - [STDERR_REDIRECT] [Fatal Error] :1:1: Premature end of file.
2025-12-17 11:50:40,316 [ERROR] LogOutputStream:75 - [STDERR_REDIRECT] 
2025-12-17 11:50:41,312 [ERROR] LogOutputStream:75 - [STDERR_REDIRECT] [Fatal Error] :1:1: Premature end of file.
2025-12-17 11:50:41,312 [ERROR] LogOutputStream:75 - [STDERR_REDIRECT] 
2025-12-17 11:50:42,310 [ERROR] LogOutputStream:75 - [STDERR_REDIRECT] [Fatal Error] :1:1: Premature end of file.
2025-12-17 11:50:42,310 [ERROR] LogOutputStream:75 - [STDERR_REDIRECT] 
2025-12-17 11:50:43,317 [ERROR] LogOutputStream:75 - [STDERR_REDIRECT] [Fatal Error] :1:1: Premature end of file.
2025-12-17 11:50:43,317 [ERROR] LogOutputStream:75 - [STDERR_REDIRECT] 
2025-12-17 11:50:44,308 [ERROR] LogOutputStream:75 - [STDERR_REDIRECT] [Fatal Error] :1:1: Premature end of file.
2025-12-17 11:50:44,308 [ERROR] LogOutputStream:75 - [STDERR_REDIRECT] 
2025-12-17 11:50:45,321 [ERROR] LogOutputStream:75 - [STDERR_REDIRECT] [Fatal Error] :1:1: Premature end of file.
2025-12-17 11:50:45,321 [ERROR] LogOutputStream:75 - [STDERR_REDIRECT] 
2025-12-17 11:50:46,320 [ERROR] LogOutputStream:75 - [STDERR_REDIRECT] [Fatal Error] :1:1: Premature end of file.
2025-12-17 11:50:46,320 [ERROR] LogOutputStream:75 - [STDERR_REDIRECT] 
2025-12-17 11:50:47,312 [ERROR] LogOutputStream:75 - [STDERR_REDIRECT] [Fatal Error] :1:1: Premature end of file.
2025-12-17 11:50:47,312 [ERROR] LogOutputStream:75 - [STDERR_REDIRECT] 
2025-12-17 11:50:48,324 [ERROR] LogOutputStream:75 - [STDERR_REDIRECT] [Fatal Error] :1:1: Premature end of file.
2025-12-17 11:50:48,325 [ERROR] LogOutputStream:75 - [STDERR_REDIRECT] 
2025-12-17 11:50:49,314 [ERROR] LogOutputStream:75 - [STDERR_REDIRECT] [Fatal Error] :1:1: Premature end of file.
2025-12-17 11:50:49,314 [ERROR] LogOutputStream:75 - [STDERR_REDIRECT] 
2025-12-17 11:50:50,309 [ERROR] LogOutputStream:75 - [STDERR_REDIRECT] [Fatal Error] :1:1: Premature end of file.
2025-12-17 11:50:50,309 [ERROR] LogOutputStream:75 - [STDERR_REDIRECT] 
2025-12-17 11:50:51,310 [ERROR] LogOutputStream:75 - [STDERR_REDIRECT] [Fatal Error] :1:1: Premature end of file.
2025-12-17 11:50:51,310 [ERROR] LogOutputStream:75 - [STDERR_REDIRECT] 
2025-12-17 11:50:52,317 [ERROR] LogOutputStream:75 - [STDERR_REDIRECT] [Fatal Error] :1:1: Premature end of file.
2025-12-17 11:50:52,317 [ERROR] LogOutputStream:75 - [STDERR_REDIRECT] 
2025-12-17 11:50:53,312 [ERROR] LogOutputStream:75 - [STDERR_REDIRECT] [Fatal Error] :1:1: Premature end of file.
2025-12-17 11:50:53,312 [ERROR] LogOutputStream:75 - [STDERR_REDIRECT] 
2025-12-17 11:50:54,321 [ERROR] LogOutputStream:75 - [STDERR_REDIRECT] [Fatal Error] :1:1: Premature end of file.
2025-12-17 11:50:54,321 [ERROR] LogOutputStream:75 - [STDERR_REDIRECT] 
2025-12-17 11:50:55,316 [ERROR] LogOutputStream:75 - [STDERR_REDIRECT] [Fatal Error] :1:1: Premature end of file.
2025-12-17 11:50:55,316 [ERROR] LogOutputStream:75 - [STDERR_REDIRECT] 
2025-12-17 11:50:56,323 [ERROR] LogOutputStream:75 - [STDERR_REDIRECT] [Fatal Error] :1:1: Premature end of file.
2025-12-17 11:50:56,323 [ERROR] LogOutputStream:75 - [STDERR_REDIRECT] 
2025-12-17 11:50:57,319 [ERROR] LogOutputStream:75 - [STDERR_REDIRECT] [Fatal Error] :1:1: Premature end of file.
2025-12-17 11:50:57,319 [ERROR] LogOutputStream:75 - [STDERR_REDIRECT] 
2025-12-17 11:50:58,316 [ERROR] LogOutputStream:75 - [STDERR_REDIRECT] [Fatal Error] :1:1: Premature end of file.
2025-12-17 11:50:58,316 [ERROR] LogOutputStream:75 - [STDERR_REDIRECT] 
2025-12-17 11:50:59,322 [ERROR] LogOutputStream:75 - [STDERR_REDIRECT] [Fatal Error] :1:1: Premature end of file.
2025-12-17 11:50:59,323 [ERROR] LogOutputStream:75 - [STDERR_REDIRECT] 
2025-12-17 11:51:00,319 [ERROR] LogOutputStream:75 - [STDERR_REDIRECT] [Fatal Error] :1:1: Premature end of file.
2025-12-17 11:51:00,319 [ERROR] LogOutputStream:75 - [STDERR_REDIRECT] 
2025-12-17 11:51:01,308 [ERROR] LogOutputStream:75 - [STDERR_REDIRECT] [Fatal Error] :1:1: Premature end of file.
2025-12-17 11:51:01,308 [ERROR] LogOutputStream:75 - [STDERR_REDIRECT] 
2025-12-17 11:51:02,316 [ERROR] LogOutputStream:75 - [STDERR_REDIRECT] [Fatal Error] :1:1: Premature end of file.
2025-12-17 11:51:02,317 [ERROR] LogOutputStream:75 - [STDERR_REDIRECT] 
2025-12-17 11:51:03,307 [ERROR] LogOutputStream:75 - [STDERR_REDIRECT] [Fatal Error] :1:1: Premature end of file.
2025-12-17 11:51:03,307 [ERROR] LogOutputStream:75 - [STDERR_REDIRECT] 
2025-12-17 11:51:04,318 [ERROR] LogOutputStream:75 - [STDERR_REDIRECT] [Fatal Error] :1:1: Premature end of file.
2025-12-17 11:51:04,319 [ERROR] LogOutputStream:75 - [STDERR_REDIRECT] 
2025-12-17 11:51:05,321 [ERROR] LogOutputStream:75 - [STDERR_REDIRECT] [Fatal Error] :1:1: Premature end of file.
2025-12-17 11:51:05,321 [ERROR] LogOutputStream:75 - [STDERR_REDIRECT] 
2025-12-17 11:51:06,310 [ERROR] LogOutputStream:75 - [STDERR_REDIRECT] [Fatal Error] :1:1: Premature end of file.
2025-12-17 11:51:06,310 [ERROR] LogOutputStream:75 - [STDERR_REDIRECT] 
2025-12-17 11:51:07,322 [ERROR] LogOutputStream:75 - [STDERR_REDIRECT] [Fatal Error] :1:1: Premature end of file.
2025-12-17 11:51:07,322 [ERROR] LogOutputStream:75 - [STDERR_REDIRECT] 
2025-12-17 11:51:08,313 [ERROR] LogOutputStream:75 - [STDERR_REDIRECT] [Fatal Error] :1:1: Premature end of file.
2025-12-17 11:51:08,313 [ERROR] LogOutputStream:75 - [STDERR_REDIRECT] 
2025-12-17 11:51:09,321 [ERROR] LogOutputStream:75 - [STDERR_REDIRECT] [Fatal Error] :1:1: Premature end of file.
2025-12-17 11:51:09,321 [ERROR] LogOutputStream:75 - [STDERR_REDIRECT] 
2025-12-17 11:51:10,316 [ERROR] LogOutputStream:75 - [STDERR_REDIRECT] [Fatal Error] :1:1: Premature end of file.
2025-12-17 11:51:10,316 [ERROR] LogOutputStream:75 - [STDERR_REDIRECT] 
2025-12-17 11:51:11,324 [ERROR] LogOutputStream:75 - [STDERR_REDIRECT] [Fatal Error] :1:1: Premature end of file.
2025-12-17 11:51:11,324 [ERROR] LogOutputStream:75 - [STDERR_REDIRECT] 
2025-12-17 11:51:12,322 [ERROR] LogOutputStream:75 - [STDERR_REDIRECT] [Fatal Error] :1:1: Premature end of file.
2025-12-17 11:51:12,322 [ERROR] LogOutputStream:75 - [STDERR_REDIRECT] 
2025-12-17 11:51:13,319 [ERROR] LogOutputStream:75 - [STDERR_REDIRECT] [Fatal Error] :1:1: Premature end of file.
2025-12-17 11:51:13,320 [ERROR] LogOutputStream:75 - [STDERR_REDIRECT] 
2025-12-17 11:51:14,314 [ERROR] LogOutputStream:75 - [STDERR_REDIRECT] [Fatal Error] :1:1: Premature end of file.
2025-12-17 11:51:14,314 [ERROR] LogOutputStream:75 - [STDERR_REDIRECT] 
2025-12-17 11:51:15,321 [ERROR] LogOutputStream:75 - [STDERR_REDIRECT] [Fatal Error] :1:1: Premature end of file.
2025-12-17 11:51:15,321 [ERROR] LogOutputStream:75 - [STDERR_REDIRECT] 
2025-12-17 11:51:16,315 [ERROR] LogOutputStream:75 - [STDERR_REDIRECT] [Fatal Error] :1:1: Premature end of file.
2025-12-17 11:51:16,315 [ERROR] LogOutputStream:75 - [STDERR_REDIRECT] 
2025-12-17 11:51:17,313 [ERROR] LogOutputStream:75 - [STDERR_REDIRECT] [Fatal Error] :1:1: Premature end of file.
2025-12-17 11:51:17,313 [ERROR] LogOutputStream:75 - [STDERR_REDIRECT] 
2025-12-17 11:51:18,320 [ERROR] LogOutputStream:75 - [STDERR_REDIRECT] [Fatal Error] :1:1: Premature end of file.
2025-12-17 11:51:18,320 [ERROR] LogOutputStream:75 - [STDERR_REDIRECT] 
2025-12-17 11:51:19,313 [ERROR] LogOutputStream:75 - [STDERR_REDIRECT] [Fatal Error] :1:1: Premature end of file.
2025-12-17 11:51:19,313 [ERROR] LogOutputStream:75 - [STDERR_REDIRECT] 
2025-12-17 11:51:20,310 [ERROR] LogOutputStream:75 - [STDERR_REDIRECT] [Fatal Error] :1:1: Premature end of file.
2025-12-17 11:51:20,310 [ERROR] LogOutputStream:75 - [STDERR_REDIRECT] 
2025-12-17 11:51:21,316 [ERROR] LogOutputStream:75 - [STDERR_REDIRECT] [Fatal Error] :1:1: Premature end of file.
2025-12-17 11:51:21,316 [ERROR] LogOutputStream:75 - [STDERR_REDIRECT] 
2025-12-17 11:51:22,312 [ERROR] LogOutputStream:75 - [STDERR_REDIRECT] [Fatal Error] :1:1: Premature end of file.
2025-12-17 11:51:22,312 [ERROR] LogOutputStream:75 - [STDERR_REDIRECT] 
2025-12-17 11:51:23,308 [ERROR] LogOutputStream:75 - [STDERR_REDIRECT] [Fatal Error] :1:1: Premature end of file.
2025-12-17 11:51:23,309 [ERROR] LogOutputStream:75 - [STDERR_REDIRECT] 
2025-12-17 11:51:24,321 [ERROR] LogOutputStream:75 - [STDERR_REDIRECT] [Fatal Error] :1:1: Premature end of file.
2025-12-17 11:51:24,321 [ERROR] LogOutputStream:75 - [STDERR_REDIRECT] 
2025-12-17 11:51:25,314 [ERROR] LogOutputStream:75 - [STDERR_REDIRECT] [Fatal Error] :1:1: Premature end of file.
2025-12-17 11:51:25,314 [ERROR] LogOutputStream:75 - [STDERR_REDIRECT] 
2025-12-17 11:51:26,309 [ERROR] LogOutputStream:75 - [STDERR_REDIRECT] [Fatal Error] :1:1: Premature end of file.
2025-12-17 11:51:26,309 [ERROR] LogOutputStream:75 - [STDERR_REDIRECT] 
2025-12-17 11:51:27,318 [ERROR] LogOutputStream:75 - [STDERR_REDIRECT] [Fatal Error] :1:1: Premature end of file.
2025-12-17 11:51:27,318 [ERROR] LogOutputStream:75 - [STDERR_REDIRECT] 
2025-12-17 11:51:28,325 [ERROR] LogOutputStream:75 - [STDERR_REDIRECT] [Fatal Error] :1:1: Premature end of file.
2025-12-17 11:51:28,325 [ERROR] LogOutputStream:75 - [STDERR_REDIRECT] 
2025-12-17 11:51:29,322 [ERROR] LogOutputStream:75 - [STDERR_REDIRECT] [Fatal Error] :1:1: Premature end of file.
2025-12-17 11:51:29,322 [ERROR] LogOutputStream:75 - [STDERR_REDIRECT] 
2025-12-17 11:51:30,317 [ERROR] LogOutputStream:75 - [STDERR_REDIRECT] [Fatal Error] :1:1: Premature end of file.
2025-12-17 11:51:30,317 [ERROR] LogOutputStream:75 - [STDERR_REDIRECT] 
2025-12-17 11:51:31,324 [ERROR] LogOutputStream:75 - [STDERR_REDIRECT] [Fatal Error] :1:1: Premature end of file.
2025-12-17 11:51:31,324 [ERROR] LogOutputStream:75 - [STDERR_REDIRECT] 
2025-12-17 11:51:32,314 [ERROR] LogOutputStream:75 - [STDERR_REDIRECT] [Fatal Error] :1:1: Premature end of file.
2025-12-17 11:51:32,314 [ERROR] LogOutputStream:75 - [STDERR_REDIRECT] 
2025-12-17 11:51:33,311 [ERROR] LogOutputStream:75 - [STDERR_REDIRECT] [Fatal Error] :1:1: Premature end of file.
2025-12-17 11:51:33,311 [ERROR] LogOutputStream:75 - [STDERR_REDIRECT] 
2025-12-17 11:51:34,322 [ERROR] LogOutputStream:75 - [STDERR_REDIRECT] [Fatal Error] :1:1: Premature end of file.
2025-12-17 11:51:34,322 [ERROR] LogOutputStream:75 - [STDERR_REDIRECT] 
2025-12-17 11:51:35,320 [ERROR] LogOutputStream:75 - [STDERR_REDIRECT] [Fatal Error] :1:1: Premature end of file.
2025-12-17 11:51:35,321 [ERROR] LogOutputStream:75 - [STDERR_REDIRECT] 
2025-12-17 11:51:36,314 [ERROR] LogOutputStream:75 - [STDERR_REDIRECT] [Fatal Error] :1:1: Premature end of file.
2025-12-17 11:51:36,314 [ERROR] LogOutputStream:75 - [STDERR_REDIRECT] 
2025-12-17 11:51:37,317 [ERROR] LogOutputStream:75 - [STDERR_REDIRECT] [Fatal Error] :1:1: Premature end of file.
2025-12-17 11:51:37,317 [ERROR] LogOutputStream:75 - [STDERR_REDIRECT] 
2025-12-17 11:51:38,310 [ERROR] LogOutputStream:75 - [STDERR_REDIRECT] [Fatal Error] :1:1: Premature end of file.
2025-12-17 11:51:38,310 [ERROR] LogOutputStream:75 - [STDERR_REDIRECT] 
2025-12-17 11:51:39,321 [ERROR] LogOutputStream:75 - [STDERR_REDIRECT] [Fatal Error] :1:1: Premature end of file.
2025-12-17 11:51:39,321 [ERROR] LogOutputStream:75 - [STDERR_REDIRECT] 
2025-12-17 11:51:40,308 [ERROR] LogOutputStream:75 - [STDERR_REDIRECT] [Fatal Error] :1:1: Premature end of file.
2025-12-17 11:51:40,308 [ERROR] LogOutputStream:75 - [STDERR_REDIRECT] 
2025-12-17 11:51:41,317 [ERROR] LogOutputStream:75 - [STDERR_REDIRECT] [Fatal Error] :1:1: Premature end of file.
2025-12-17 11:51:41,317 [ERROR] LogOutputStream:75 - [STDERR_REDIRECT] 
2025-12-17 11:51:42,311 [ERROR] LogOutputStream:75 - [STDERR_REDIRECT] [Fatal Error] :1:1: Premature end of file.
2025-12-17 11:51:42,311 [ERROR] LogOutputStream:75 - [STDERR_REDIRECT] 
2025-12-17 11:51:43,322 [ERROR] LogOutputStream:75 - [STDERR_REDIRECT] [Fatal Error] :1:1: Premature end of file.
2025-12-17 11:51:43,322 [ERROR] LogOutputStream:75 - [STDERR_REDIRECT] 
2025-12-17 11:51:44,312 [ERROR] LogOutputStream:75 - [STDERR_REDIRECT] [Fatal Error] :1:1: Premature end of file.
2025-12-17 11:51:44,312 [ERROR] LogOutputStream:75 - [STDERR_REDIRECT] 
2025-12-17 11:51:45,322 [ERROR] LogOutputStream:75 - [STDERR_REDIRECT] [Fatal Error] :1:1: Premature end of file.
2025-12-17 11:51:45,322 [ERROR] LogOutputStream:75 - [STDERR_REDIRECT] 
2025-12-17 11:51:46,317 [ERROR] LogOutputStream:75 - [STDERR_REDIRECT] [Fatal Error] :1:1: Premature end of file.
2025-12-17 11:51:46,317 [ERROR] LogOutputStream:75 - [STDERR_REDIRECT] 
2025-12-17 11:51:47,311 [ERROR] LogOutputStream:75 - [STDERR_REDIRECT] [Fatal Error] :1:1: Premature end of file.
2025-12-17 11:51:47,311 [ERROR] LogOutputStream:75 - [STDERR_REDIRECT] 
2025-12-17 11:51:48,315 [ERROR] LogOutputStream:75 - [STDERR_REDIRECT] [Fatal Error] :1:1: Premature end of file.
2025-12-17 11:51:48,315 [ERROR] LogOutputStream:75 - [STDERR_REDIRECT] 
2025-12-17 11:51:49,312 [ERROR] LogOutputStream:75 - [STDERR_REDIRECT] [Fatal Error] :1:1: Premature end of file.
2025-12-17 11:51:49,312 [ERROR] LogOutputStream:75 - [STDERR_REDIRECT] 
2025-12-17 11:51:50,323 [ERROR] LogOutputStream:75 - [STDERR_REDIRECT] [Fatal Error] :1:1: Premature end of file.
2025-12-17 11:51:50,323 [ERROR] LogOutputStream:75 - [STDERR_REDIRECT] 
2025-12-17 11:51:51,319 [ERROR] LogOutputStream:75 - [STDERR_REDIRECT] [Fatal Error] :1:1: Premature end of file.
2025-12-17 11:51:51,319 [ERROR] LogOutputStream:75 - [STDERR_REDIRECT] 
2025-12-17 11:51:52,318 [ERROR] LogOutputStream:75 - [STDERR_REDIRECT] [Fatal Error] :1:1: Premature end of file.
2025-12-17 11:51:52,318 [ERROR] LogOutputStream:75 - [STDERR_REDIRECT] 
2025-12-17 11:51:53,321 [ERROR] LogOutputStream:75 - [STDERR_REDIRECT] [Fatal Error] :1:1: Premature end of file.
2025-12-17 11:51:53,321 [ERROR] LogOutputStream:75 - [STDERR_REDIRECT] 
2025-12-17 11:51:54,314 [ERROR] LogOutputStream:75 - [STDERR_REDIRECT] [Fatal Error] :1:1: Premature end of file.
2025-12-17 11:51:54,314 [ERROR] LogOutputStream:75 - [STDERR_REDIRECT] 
2025-12-17 11:51:55,321 [ERROR] LogOutputStream:75 - [STDERR_REDIRECT] [Fatal Error] :1:1: Premature end of file.
2025-12-17 11:51:55,321 [ERROR] LogOutputStream:75 - [STDERR_REDIRECT] 
2025-12-17 11:51:56,318 [ERROR] LogOutputStream:75 - [STDERR_REDIRECT] [Fatal Error] :1:1: Premature end of file.
2025-12-17 11:51:56,318 [ERROR] LogOutputStream:75 - [STDERR_REDIRECT] 
2025-12-17 11:51:57,320 [ERROR] LogOutputStream:75 - [STDERR_REDIRECT] [Fatal Error] :1:1: Premature end of file.
2025-12-17 11:51:57,320 [ERROR] LogOutputStream:75 - [STDERR_REDIRECT] 
2025-12-17 11:51:58,312 [ERROR] LogOutputStream:75 - [STDERR_REDIRECT] [Fatal Error] :1:1: Premature end of file.
2025-12-17 11:51:58,312 [ERROR] LogOutputStream:75 - [STDERR_REDIRECT] 
2025-12-17 11:51:59,320 [ERROR] LogOutputStream:75 - [STDERR_REDIRECT] [Fatal Error] :1:1: Premature end of file.
2025-12-17 11:51:59,320 [ERROR] LogOutputStream:75 - [STDERR_REDIRECT] 
2025-12-17 11:52:00,314 [ERROR] LogOutputStream:75 - [STDERR_REDIRECT] [Fatal Error] :1:1: Premature end of file.
2025-12-17 11:52:00,314 [ERROR] LogOutputStream:75 - [STDERR_REDIRECT] 
2025-12-17 11:52:01,313 [ERROR] LogOutputStream:75 - [STDERR_REDIRECT] [Fatal Error] :1:1: Premature end of file.
2025-12-17 11:52:01,313 [ERROR] LogOutputStream:75 - [STDERR_REDIRECT] 
2025-12-17 11:52:02,326 [ERROR] LogOutputStream:75 - [STDERR_REDIRECT] [Fatal Error] :1:1: Premature end of file.
2025-12-17 11:52:02,326 [ERROR] LogOutputStream:75 - [STDERR_REDIRECT] 
2025-12-17 11:52:03,315 [ERROR] LogOutputStream:75 - [STDERR_REDIRECT] [Fatal Error] :1:1: Premature end of file.
2025-12-17 11:52:03,315 [ERROR] LogOutputStream:75 - [STDERR_REDIRECT] 
2025-12-17 11:52:04,324 [ERROR] LogOutputStream:75 - [STDERR_REDIRECT] [Fatal Error] :1:1: Premature end of file.
2025-12-17 11:52:04,324 [ERROR] LogOutputStream:75 - [STDERR_REDIRECT] 
2025-12-17 11:52:05,309 [ERROR] LogOutputStream:75 - [STDERR_REDIRECT] [Fatal Error] :1:1: Premature end of file.
2025-12-17 11:52:05,309 [ERROR] LogOutputStream:75 - [STDERR_REDIRECT] 
2025-12-17 11:52:06,315 [ERROR] LogOutputStream:75 - [STDERR_REDIRECT] [Fatal Error] :1:1: Premature end of file.
2025-12-17 11:52:06,315 [ERROR] LogOutputStream:75 - [STDERR_REDIRECT] 
2025-12-17 11:52:07,322 [ERROR] LogOutputStream:75 - [STDERR_REDIRECT] [Fatal Error] :1:1: Premature end of file.
2025-12-17 11:52:07,322 [ERROR] LogOutputStream:75 - [STDERR_REDIRECT] 
2025-12-17 11:52:08,315 [ERROR] LogOutputStream:75 - [STDERR_REDIRECT] [Fatal Error] :1:1: Premature end of file.
2025-12-17 11:52:08,315 [ERROR] LogOutputStream:75 - [STDERR_REDIRECT] 
2025-12-17 11:52:09,321 [ERROR] LogOutputStream:75 - [STDERR_REDIRECT] [Fatal Error] :1:1: Premature end of file.
2025-12-17 11:52:09,321 [ERROR] LogOutputStream:75 - [STDERR_REDIRECT] 
2025-12-17 11:52:10,315 [ERROR] LogOutputStream:75 - [STDERR_REDIRECT] [Fatal Error] :1:1: Premature end of file.
2025-12-17 11:52:10,315 [ERROR] LogOutputStream:75 - [STDERR_REDIRECT] 
2025-12-17 11:52:11,311 [ERROR] LogOutputStream:75 - [STDERR_REDIRECT] [Fatal Error] :1:1: Premature end of file.
2025-12-17 11:52:11,311 [ERROR] LogOutputStream:75 - [STDERR_REDIRECT] 
2025-12-17 11:52:12,317 [ERROR] LogOutputStream:75 - [STDERR_REDIRECT] [Fatal Error] :1:1: Premature end of file.
2025-12-17 11:52:12,317 [ERROR] LogOutputStream:75 - [STDERR_REDIRECT] 
2025-12-17 11:52:13,316 [ERROR] LogOutputStream:75 - [STDERR_REDIRECT] [Fatal Error] :1:1: Premature end of file.
2025-12-17 11:52:13,316 [ERROR] LogOutputStream:75 - [STDERR_REDIRECT] 
2025-12-17 11:52:14,309 [ERROR] LogOutputStream:75 - [STDERR_REDIRECT] [Fatal Error] :1:1: Premature end of file.
2025-12-17 11:52:14,309 [ERROR] LogOutputStream:75 - [STDERR_REDIRECT] 
2025-12-17 11:52:15,321 [ERROR] LogOutputStream:75 - [STDERR_REDIRECT] [Fatal Error] :1:1: Premature end of file.
2025-12-17 11:52:15,322 [ERROR] LogOutputStream:75 - [STDERR_REDIRECT] 
2025-12-17 11:52:16,309 [ERROR] LogOutputStream:75 - [STDERR_REDIRECT] [Fatal Error] :1:1: Premature end of file.
2025-12-17 11:52:16,309 [ERROR] LogOutputStream:75 - [STDERR_REDIRECT] 
2025-12-17 11:52:17,317 [ERROR] LogOutputStream:75 - [STDERR_REDIRECT] [Fatal Error] :1:1: Premature end of file.
2025-12-17 11:52:17,317 [ERROR] LogOutputStream:75 - [STDERR_REDIRECT] 
2025-12-17 11:52:18,314 [ERROR] LogOutputStream:75 - [STDERR_REDIRECT] [Fatal Error] :1:1: Premature end of file.
2025-12-17 11:52:18,314 [ERROR] LogOutputStream:75 - [STDERR_REDIRECT] 
2025-12-17 11:52:19,323 [ERROR] LogOutputStream:75 - [STDERR_REDIRECT] [Fatal Error] :1:1: Premature end of file.
2025-12-17 11:52:19,323 [ERROR] LogOutputStream:75 - [STDERR_REDIRECT] 
2025-12-17 11:52:20,320 [ERROR] LogOutputStream:75 - [STDERR_REDIRECT] [Fatal Error] :1:1: Premature end of file.
2025-12-17 11:52:20,320 [ERROR] LogOutputStream:75 - [STDERR_REDIRECT] 
2025-12-17 11:52:21,313 [ERROR] LogOutputStream:75 - [STDERR_REDIRECT] [Fatal Error] :1:1: Premature end of file.
2025-12-17 11:52:21,313 [ERROR] LogOutputStream:75 - [STDERR_REDIRECT] 
2025-12-17 11:52:22,320 [ERROR] LogOutputStream:75 - [STDERR_REDIRECT] [Fatal Error] :1:1: Premature end of file.
2025-12-17 11:52:22,321 [ERROR] LogOutputStream:75 - [STDERR_REDIRECT] 
2025-12-17 11:52:23,319 [ERROR] LogOutputStream:75 - [STDERR_REDIRECT] [Fatal Error] :1:1: Premature end of file.
2025-12-17 11:52:23,319 [ERROR] LogOutputStream:75 - [STDERR_REDIRECT] 
2025-12-17 11:52:24,312 [ERROR] LogOutputStream:75 - [STDERR_REDIRECT] [Fatal Error] :1:1: Premature end of file.
2025-12-17 11:52:24,312 [ERROR] LogOutputStream:75 - [STDERR_REDIRECT] 
2025-12-17 11:52:25,322 [ERROR] LogOutputStream:75 - [STDERR_REDIRECT] [Fatal Error] :1:1: Premature end of file.
2025-12-17 11:52:25,322 [ERROR] LogOutputStream:75 - [STDERR_REDIRECT] 
2025-12-17 11:52:26,313 [ERROR] LogOutputStream:75 - [STDERR_REDIRECT] [Fatal Error] :1:1: Premature end of file.
2025-12-17 11:52:26,313 [ERROR] LogOutputStream:75 - [STDERR_REDIRECT] 
2025-12-17 11:52:27,315 [ERROR] LogOutputStream:75 - [STDERR_REDIRECT] [Fatal Error] :1:1: Premature end of file.
2025-12-17 11:52:27,316 [ERROR] LogOutputStream:75 - [STDERR_REDIRECT] 
2025-12-17 11:52:28,309 [ERROR] LogOutputStream:75 - [STDERR_REDIRECT] [Fatal Error] :1:1: Premature end of file.
2025-12-17 11:52:28,309 [ERROR] LogOutputStream:75 - [STDERR_REDIRECT] 
2025-12-17 11:52:29,314 [ERROR] LogOutputStream:75 - [STDERR_REDIRECT] [Fatal Error] :1:1: Premature end of file.
2025-12-17 11:52:29,314 [ERROR] LogOutputStream:75 - [STDERR_REDIRECT] 
2025-12-17 11:52:30,321 [ERROR] LogOutputStream:75 - [STDERR_REDIRECT] [Fatal Error] :1:1: Premature end of file.
2025-12-17 11:52:30,321 [ERROR] LogOutputStream:75 - [STDERR_REDIRECT] 
2025-12-17 11:52:31,315 [ERROR] LogOutputStream:75 - [STDERR_REDIRECT] [Fatal Error] :1:1: Premature end of file.
2025-12-17 11:52:31,315 [ERROR] LogOutputStream:75 - [STDERR_REDIRECT] 
2025-12-17 11:52:32,308 [ERROR] LogOutputStream:75 - [STDERR_REDIRECT] [Fatal Error] :1:1: Premature end of file.
2025-12-17 11:52:32,308 [ERROR] LogOutputStream:75 - [STDERR_REDIRECT] 
2025-12-17 11:52:33,321 [ERROR] LogOutputStream:75 - [STDERR_REDIRECT] [Fatal Error] :1:1: Premature end of file.
2025-12-17 11:52:33,321 [ERROR] LogOutputStream:75 - [STDERR_REDIRECT] 
2025-12-17 11:52:34,311 [ERROR] LogOutputStream:75 - [STDERR_REDIRECT] [Fatal Error] :1:1: Premature end of file.
2025-12-17 11:52:34,311 [ERROR] LogOutputStream:75 - [STDERR_REDIRECT] 
2025-12-17 11:52:35,324 [ERROR] LogOutputStream:75 - [STDERR_REDIRECT] [Fatal Error] :1:1: Premature end of file.
2025-12-17 11:52:35,324 [ERROR] LogOutputStream:75 - [STDERR_REDIRECT] 
2025-12-17 11:52:36,321 [ERROR] LogOutputStream:75 - [STDERR_REDIRECT] [Fatal Error] :1:1: Premature end of file.
2025-12-17 11:52:36,321 [ERROR] LogOutputStream:75 - [STDERR_REDIRECT] 
2025-12-17 11:52:37,318 [ERROR] LogOutputStream:75 - [STDERR_REDIRECT] [Fatal Error] :1:1: Premature end of file.
2025-12-17 11:52:37,318 [ERROR] LogOutputStream:75 - [STDERR_REDIRECT] 
2025-12-17 11:52:38,313 [ERROR] LogOutputStream:75 - [STDERR_REDIRECT] [Fatal Error] :1:1: Premature end of file.
2025-12-17 11:52:38,313 [ERROR] LogOutputStream:75 - [STDERR_REDIRECT] 
2025-12-17 11:52:39,314 [ERROR] LogOutputStream:75 - [STDERR_REDIRECT] [Fatal Error] :1:1: Premature end of file.
2025-12-17 11:52:39,314 [ERROR] LogOutputStream:75 - [STDERR_REDIRECT] 
2025-12-17 11:52:40,310 [ERROR] LogOutputStream:75 - [STDERR_REDIRECT] [Fatal Error] :1:1: Premature end of file.
2025-12-17 11:52:40,311 [ERROR] LogOutputStream:75 - [STDERR_REDIRECT] 
2025-12-17 11:52:41,316 [ERROR] LogOutputStream:75 - [STDERR_REDIRECT] [Fatal Error] :1:1: Premature end of file.
2025-12-17 11:52:41,316 [ERROR] LogOutputStream:75 - [STDERR_REDIRECT] 
2025-12-17 11:52:42,314 [ERROR] LogOutputStream:75 - [STDERR_REDIRECT] [Fatal Error] :1:1: Premature end of file.
2025-12-17 11:52:42,314 [ERROR] LogOutputStream:75 - [STDERR_REDIRECT] 
2025-12-17 11:52:43,311 [ERROR] LogOutputStream:75 - [STDERR_REDIRECT] [Fatal Error] :1:1: Premature end of file.
2025-12-17 11:52:43,311 [ERROR] LogOutputStream:75 - [STDERR_REDIRECT] 
2025-12-17 11:52:44,315 [ERROR] LogOutputStream:75 - [STDERR_REDIRECT] [Fatal Error] :1:1: Premature end of file.
2025-12-17 11:52:44,315 [ERROR] LogOutputStream:75 - [STDERR_REDIRECT] 
2025-12-17 11:52:45,310 [ERROR] LogOutputStream:75 - [STDERR_REDIRECT] [Fatal Error] :1:1: Premature end of file.
2025-12-17 11:52:45,310 [ERROR] LogOutputStream:75 - [STDERR_REDIRECT] 
2025-12-17 11:52:46,318 [ERROR] LogOutputStream:75 - [STDERR_REDIRECT] [Fatal Error] :1:1: Premature end of file.
2025-12-17 11:52:46,318 [ERROR] LogOutputStream:75 - [STDERR_REDIRECT] 
2025-12-17 11:52:47,314 [ERROR] LogOutputStream:75 - [STDERR_REDIRECT] [Fatal Error] :1:1: Premature end of file.
2025-12-17 11:52:47,314 [ERROR] LogOutputStream:75 - [STDERR_REDIRECT] 
2025-12-17 11:52:48,324 [ERROR] LogOutputStream:75 - [STDERR_REDIRECT] [Fatal Error] :1:1: Premature end of file.
2025-12-17 11:52:48,324 [ERROR] LogOutputStream:75 - [STDERR_REDIRECT] 
2025-12-17 11:52:49,322 [ERROR] LogOutputStream:75 - [STDERR_REDIRECT] [Fatal Error] :1:1: Premature end of file.
2025-12-17 11:52:49,322 [ERROR] LogOutputStream:75 - [STDERR_REDIRECT] 
2025-12-17 11:52:50,311 [ERROR] LogOutputStream:75 - [STDERR_REDIRECT] [Fatal Error] :1:1: Premature end of file.
2025-12-17 11:52:50,311 [ERROR] LogOutputStream:75 - [STDERR_REDIRECT] 
2025-12-17 11:52:51,309 [ERROR] LogOutputStream:75 - [STDERR_REDIRECT] [Fatal Error] :1:1: Premature end of file.
2025-12-17 11:52:51,309 [ERROR] LogOutputStream:75 - [STDERR_REDIRECT] 
2025-12-17 11:52:52,316 [ERROR] LogOutputStream:75 - [STDERR_REDIRECT] [Fatal Error] :1:1: Premature end of file.
2025-12-17 11:52:52,316 [ERROR] LogOutputStream:75 - [STDERR_REDIRECT] 
2025-12-17 11:52:53,312 [ERROR] LogOutputStream:75 - [STDERR_REDIRECT] [Fatal Error] :1:1: Premature end of file.
2025-12-17 11:52:53,312 [ERROR] LogOutputStream:75 - [STDERR_REDIRECT] 
2025-12-17 11:52:54,320 [ERROR] LogOutputStream:75 - [STDERR_REDIRECT] [Fatal Error] :1:1: Premature end of file.
2025-12-17 11:52:54,320 [ERROR] LogOutputStream:75 - [STDERR_REDIRECT] 
2025-12-17 11:52:55,311 [ERROR] LogOutputStream:75 - [STDERR_REDIRECT] [Fatal Error] :1:1: Premature end of file.
2025-12-17 11:52:55,311 [ERROR] LogOutputStream:75 - [STDERR_REDIRECT] 
2025-12-17 11:52:56,320 [ERROR] LogOutputStream:75 - [STDERR_REDIRECT] [Fatal Error] :1:1: Premature end of file.
2025-12-17 11:52:56,320 [ERROR] LogOutputStream:75 - [STDERR_REDIRECT] 
2025-12-17 11:52:57,311 [ERROR] LogOutputStream:75 - [STDERR_REDIRECT] [Fatal Error] :1:1: Premature end of file.
2025-12-17 11:52:57,312 [ERROR] LogOutputStream:75 - [STDERR_REDIRECT] 
2025-12-17 11:52:58,310 [ERROR] LogOutputStream:75 - [STDERR_REDIRECT] [Fatal Error] :1:1: Premature end of file.
2025-12-17 11:52:58,310 [ERROR] LogOutputStream:75 - [STDERR_REDIRECT] 
2025-12-17 11:52:59,319 [ERROR] LogOutputStream:75 - [STDERR_REDIRECT] [Fatal Error] :1:1: Premature end of file.
2025-12-17 11:52:59,319 [ERROR] LogOutputStream:75 - [STDERR_REDIRECT] 
2025-12-17 11:53:00,314 [ERROR] LogOutputStream:75 - [STDERR_REDIRECT] [Fatal Error] :1:1: Premature end of file.
2025-12-17 11:53:00,314 [ERROR] LogOutputStream:75 - [STDERR_REDIRECT] 
2025-12-17 11:53:01,320 [ERROR] LogOutputStream:75 - [STDERR_REDIRECT] [Fatal Error] :1:1: Premature end of file.
2025-12-17 11:53:01,320 [ERROR] LogOutputStream:75 - [STDERR_REDIRECT] 
2025-12-17 11:53:02,313 [ERROR] LogOutputStream:75 - [STDERR_REDIRECT] [Fatal Error] :1:1: Premature end of file.
2025-12-17 11:53:02,313 [ERROR] LogOutputStream:75 - [STDERR_REDIRECT] 
2025-12-17 11:53:03,311 [ERROR] LogOutputStream:75 - [STDERR_REDIRECT] [Fatal Error] :1:1: Premature end of file.
2025-12-17 11:53:03,311 [ERROR] LogOutputStream:75 - [STDERR_REDIRECT] 
2025-12-17 11:53:04,320 [ERROR] LogOutputStream:75 - [STDERR_REDIRECT] [Fatal Error] :1:1: Premature end of file.
2025-12-17 11:53:04,320 [ERROR] LogOutputStream:75 - [STDERR_REDIRECT] 
2025-12-17 11:53:05,324 [ERROR] LogOutputStream:75 - [STDERR_REDIRECT] [Fatal Error] :1:1: Premature end of file.
2025-12-17 11:53:05,324 [ERROR] LogOutputStream:75 - [STDERR_REDIRECT] 
2025-12-17 11:53:06,317 [ERROR] LogOutputStream:75 - [STDERR_REDIRECT] [Fatal Error] :1:1: Premature end of file.
2025-12-17 11:53:06,317 [ERROR] LogOutputStream:75 - [STDERR_REDIRECT] 
2025-12-17 11:53:07,308 [ERROR] LogOutputStream:75 - [STDERR_REDIRECT] [Fatal Error] :1:1: Premature end of file.
2025-12-17 11:53:07,310 [ERROR] LogOutputStream:75 - [STDERR_REDIRECT] 
2025-12-17 11:53:08,320 [ERROR] LogOutputStream:75 - [STDERR_REDIRECT] [Fatal Error] :1:1: Premature end of file.
2025-12-17 11:53:08,320 [ERROR] LogOutputStream:75 - [STDERR_REDIRECT] 
2025-12-17 11:53:09,313 [ERROR] LogOutputStream:75 - [STDERR_REDIRECT] [Fatal Error] :1:1: Premature end of file.
2025-12-17 11:53:09,313 [ERROR] LogOutputStream:75 - [STDERR_REDIRECT] 
2025-12-17 11:53:10,322 [ERROR] LogOutputStream:75 - [STDERR_REDIRECT] [Fatal Error] :1:1: Premature end of file.
2025-12-17 11:53:10,322 [ERROR] LogOutputStream:75 - [STDERR_REDIRECT] 
2025-12-17 11:53:11,316 [ERROR] LogOutputStream:75 - [STDERR_REDIRECT] [Fatal Error] :1:1: Premature end of file.
2025-12-17 11:53:11,316 [ERROR] LogOutputStream:75 - [STDERR_REDIRECT] 
2025-12-17 11:53:12,311 [ERROR] LogOutputStream:75 - [STDERR_REDIRECT] [Fatal Error] :1:1: Premature end of file.
2025-12-17 11:53:12,311 [ERROR] LogOutputStream:75 - [STDERR_REDIRECT] 
2025-12-17 11:53:13,324 [ERROR] LogOutputStream:75 - [STDERR_REDIRECT] [Fatal Error] :1:1: Premature end of file.
2025-12-17 11:53:13,324 [ERROR] LogOutputStream:75 - [STDERR_REDIRECT] 
2025-12-17 11:53:14,322 [ERROR] LogOutputStream:75 - [STDERR_REDIRECT] [Fatal Error] :1:1: Premature end of file.
2025-12-17 11:53:14,322 [ERROR] LogOutputStream:75 - [STDERR_REDIRECT] 
2025-12-17 11:53:15,318 [ERROR] LogOutputStream:75 - [STDERR_REDIRECT] [Fatal Error] :1:1: Premature end of file.
2025-12-17 11:53:15,318 [ERROR] LogOutputStream:75 - [STDERR_REDIRECT] 
2025-12-17 11:53:16,310 [ERROR] LogOutputStream:75 - [STDERR_REDIRECT] [Fatal Error] :1:1: Premature end of file.
2025-12-17 11:53:16,310 [ERROR] LogOutputStream:75 - [STDERR_REDIRECT] 
2025-12-17 11:53:17,322 [ERROR] LogOutputStream:75 - [STDERR_REDIRECT] [Fatal Error] :1:1: Premature end of file.
2025-12-17 11:53:17,322 [ERROR] LogOutputStream:75 - [STDERR_REDIRECT] 
2025-12-17 11:53:18,313 [ERROR] LogOutputStream:75 - [STDERR_REDIRECT] [Fatal Error] :1:1: Premature end of file.
2025-12-17 11:53:18,313 [ERROR] LogOutputStream:75 - [STDERR_REDIRECT] 
2025-12-17 11:53:19,314 [ERROR] LogOutputStream:75 - [STDERR_REDIRECT] [Fatal Error] :1:1: Premature end of file.
2025-12-17 11:53:19,314 [ERROR] LogOutputStream:75 - [STDERR_REDIRECT] 
2025-12-17 11:53:20,316 [ERROR] LogOutputStream:75 - [STDERR_REDIRECT] [Fatal Error] :1:1: Premature end of file.
2025-12-17 11:53:20,316 [ERROR] LogOutputStream:75 - [STDERR_REDIRECT] 
2025-12-17 11:53:21,314 [ERROR] LogOutputStream:75 - [STDERR_REDIRECT] [Fatal Error] :1:1: Premature end of file.
2025-12-17 11:53:21,314 [ERROR] LogOutputStream:75 - [STDERR_REDIRECT] 
2025-12-17 11:53:22,309 [ERROR] LogOutputStream:75 - [STDERR_REDIRECT] [Fatal Error] :1:1: Premature end of file.
2025-12-17 11:53:22,309 [ERROR] LogOutputStream:75 - [STDERR_REDIRECT] 
2025-12-17 11:53:23,308 [ERROR] LogOutputStream:75 - [STDERR_REDIRECT] [Fatal Error] :1:1: Premature end of file.
2025-12-17 11:53:23,308 [ERROR] LogOutputStream:75 - [STDERR_REDIRECT] 
2025-12-17 11:53:24,314 [ERROR] LogOutputStream:75 - [STDERR_REDIRECT] [Fatal Error] :1:1: Premature end of file.
2025-12-17 11:53:24,314 [ERROR] LogOutputStream:75 - [STDERR_REDIRECT] 
2025-12-17 11:53:25,320 [ERROR] LogOutputStream:75 - [STDERR_REDIRECT] [Fatal Error] :1:1: Premature end of file.
2025-12-17 11:53:25,320 [ERROR] LogOutputStream:75 - [STDERR_REDIRECT] 
2025-12-17 11:53:26,312 [ERROR] LogOutputStream:75 - [STDERR_REDIRECT] [Fatal Error] :1:1: Premature end of file.
2025-12-17 11:53:26,312 [ERROR] LogOutputStream:75 - [STDERR_REDIRECT] 
2025-12-17 11:53:27,320 [ERROR] LogOutputStream:75 - [STDERR_REDIRECT] [Fatal Error] :1:1: Premature end of file.
2025-12-17 11:53:27,320 [ERROR] LogOutputStream:75 - [STDERR_REDIRECT] 
2025-12-17 11:53:28,316 [ERROR] LogOutputStream:75 - [STDERR_REDIRECT] [Fatal Error] :1:1: Premature end of file.
2025-12-17 11:53:28,316 [ERROR] LogOutputStream:75 - [STDERR_REDIRECT] 
2025-12-17 11:53:29,310 [ERROR] LogOutputStream:75 - [STDERR_REDIRECT] [Fatal Error] :1:1: Premature end of file.
2025-12-17 11:53:29,310 [ERROR] LogOutputStream:75 - [STDERR_REDIRECT] 
2025-12-17 11:53:30,323 [ERROR] LogOutputStream:75 - [STDERR_REDIRECT] [Fatal Error] :1:1: Premature end of file.
2025-12-17 11:53:30,323 [ERROR] LogOutputStream:75 - [STDERR_REDIRECT] 
2025-12-17 11:53:31,314 [ERROR] LogOutputStream:75 - [STDERR_REDIRECT] [Fatal Error] :1:1: Premature end of file.
2025-12-17 11:53:31,314 [ERROR] LogOutputStream:75 - [STDERR_REDIRECT] 
2025-12-17 11:53:32,322 [ERROR] LogOutputStream:75 - [STDERR_REDIRECT] [Fatal Error] :1:1: Premature end of file.
2025-12-17 11:53:32,322 [ERROR] LogOutputStream:75 - [STDERR_REDIRECT] 
2025-12-17 11:53:33,314 [ERROR] LogOutputStream:75 - [STDERR_REDIRECT] [Fatal Error] :1:1: Premature end of file.
2025-12-17 11:53:33,316 [ERROR] LogOutputStream:75 - [STDERR_REDIRECT] 
2025-12-17 11:53:34,311 [ERROR] LogOutputStream:75 - [STDERR_REDIRECT] [Fatal Error] :1:1: Premature end of file.
2025-12-17 11:53:34,311 [ERROR] LogOutputStream:75 - [STDERR_REDIRECT] 
2025-12-17 11:53:35,319 [ERROR] LogOutputStream:75 - [STDERR_REDIRECT] [Fatal Error] :1:1: Premature end of file.
2025-12-17 11:53:35,319 [ERROR] LogOutputStream:75 - [STDERR_REDIRECT] 
2025-12-17 11:53:36,310 [ERROR] LogOutputStream:75 - [STDERR_REDIRECT] [Fatal Error] :1:1: Premature end of file.
2025-12-17 11:53:36,310 [ERROR] LogOutputStream:75 - [STDERR_REDIRECT] 
2025-12-17 11:53:37,320 [ERROR] LogOutputStream:75 - [STDERR_REDIRECT] [Fatal Error] :1:1: Premature end of file.
2025-12-17 11:53:37,320 [ERROR] LogOutputStream:75 - [STDERR_REDIRECT] 
2025-12-17 11:53:38,313 [ERROR] LogOutputStream:75 - [STDERR_REDIRECT] [Fatal Error] :1:1: Premature end of file.
2025-12-17 11:53:38,313 [ERROR] LogOutputStream:75 - [STDERR_REDIRECT] 
2025-12-17 11:53:39,320 [ERROR] LogOutputStream:75 - [STDERR_REDIRECT] [Fatal Error] :1:1: Premature end of file.
2025-12-17 11:53:39,321 [ERROR] LogOutputStream:75 - [STDERR_REDIRECT] 
2025-12-17 11:53:40,316 [ERROR] LogOutputStream:75 - [STDERR_REDIRECT] [Fatal Error] :1:1: Premature end of file.
2025-12-17 11:53:40,316 [ERROR] LogOutputStream:75 - [STDERR_REDIRECT] 
2025-12-17 11:53:41,316 [ERROR] LogOutputStream:75 - [STDERR_REDIRECT] [Fatal Error] :1:1: Premature end of file.
2025-12-17 11:53:41,316 [ERROR] LogOutputStream:75 - [STDERR_REDIRECT] 
2025-12-17 11:53:42,311 [ERROR] LogOutputStream:75 - [STDERR_REDIRECT] [Fatal Error] :1:1: Premature end of file.
2025-12-17 11:53:42,311 [ERROR] LogOutputStream:75 - [STDERR_REDIRECT] 
2025-12-17 11:53:43,317 [ERROR] LogOutputStream:75 - [STDERR_REDIRECT] [Fatal Error] :1:1: Premature end of file.
2025-12-17 11:53:43,317 [ERROR] LogOutputStream:75 - [STDERR_REDIRECT] 
2025-12-17 11:53:44,315 [ERROR] LogOutputStream:75 - [STDERR_REDIRECT] [Fatal Error] :1:1: Premature end of file.
2025-12-17 11:53:44,315 [ERROR] LogOutputStream:75 - [STDERR_REDIRECT] 
2025-12-17 11:53:45,320 [ERROR] LogOutputStream:75 - [STDERR_REDIRECT] [Fatal Error] :1:1: Premature end of file.
2025-12-17 11:53:45,320 [ERROR] LogOutputStream:75 - [STDERR_REDIRECT] 
2025-12-17 11:53:46,313 [ERROR] LogOutputStream:75 - [STDERR_REDIRECT] [Fatal Error] :1:1: Premature end of file.
2025-12-17 11:53:46,313 [ERROR] LogOutputStream:75 - [STDERR_REDIRECT] 
2025-12-17 11:53:47,322 [ERROR] LogOutputStream:75 - [STDERR_REDIRECT] [Fatal Error] :1:1: Premature end of file.
2025-12-17 11:53:47,322 [ERROR] LogOutputStream:75 - [STDERR_REDIRECT] 
2025-12-17 11:53:48,319 [ERROR] LogOutputStream:75 - [STDERR_REDIRECT] [Fatal Error] :1:1: Premature end of file.
2025-12-17 11:53:48,319 [ERROR] LogOutputStream:75 - [STDERR_REDIRECT] 
2025-12-17 11:53:49,311 [ERROR] LogOutputStream:75 - [STDERR_REDIRECT] [Fatal Error] :1:1: Premature end of file.
2025-12-17 11:53:49,311 [ERROR] LogOutputStream:75 - [STDERR_REDIRECT] 
2025-12-17 11:53:50,321 [ERROR] LogOutputStream:75 - [STDERR_REDIRECT] [Fatal Error] :1:1: Premature end of file.
2025-12-17 11:53:50,321 [ERROR] LogOutputStream:75 - [STDERR_REDIRECT] 
2025-12-17 11:53:51,308 [ERROR] LogOutputStream:75 - [STDERR_REDIRECT] [Fatal Error] :1:1: Premature end of file.
2025-12-17 11:53:51,309 [ERROR] LogOutputStream:75 - [STDERR_REDIRECT] 
2025-12-17 11:53:52,315 [ERROR] LogOutputStream:75 - [STDERR_REDIRECT] [Fatal Error] :1:1: Premature end of file.
2025-12-17 11:53:52,316 [ERROR] LogOutputStream:75 - [STDERR_REDIRECT] 
2025-12-17 11:53:53,311 [ERROR] LogOutputStream:75 - [STDERR_REDIRECT] [Fatal Error] :1:1: Premature end of file.
2025-12-17 11:53:53,311 [ERROR] LogOutputStream:75 - [STDERR_REDIRECT] 
2025-12-17 11:53:54,318 [ERROR] LogOutputStream:75 - [STDERR_REDIRECT] [Fatal Error] :1:1: Premature end of file.
2025-12-17 11:53:54,318 [ERROR] LogOutputStream:75 - [STDERR_REDIRECT] 
2025-12-17 11:53:55,315 [ERROR] LogOutputStream:75 - [STDERR_REDIRECT] [Fatal Error] :1:1: Premature end of file.
2025-12-17 11:53:55,315 [ERROR] LogOutputStream:75 - [STDERR_REDIRECT] 
2025-12-17 11:53:56,322 [ERROR] LogOutputStream:75 - [STDERR_REDIRECT] [Fatal Error] :1:1: Premature end of file.
2025-12-17 11:53:56,322 [ERROR] LogOutputStream:75 - [STDERR_REDIRECT] 
2025-12-17 11:53:57,315 [ERROR] LogOutputStream:75 - [STDERR_REDIRECT] [Fatal Error] :1:1: Premature end of file.
2025-12-17 11:53:57,315 [ERROR] LogOutputStream:75 - [STDERR_REDIRECT] 
2025-12-17 11:53:58,314 [ERROR] LogOutputStream:75 - [STDERR_REDIRECT] [Fatal Error] :1:1: Premature end of file.
2025-12-17 11:53:58,314 [ERROR] LogOutputStream:75 - [STDERR_REDIRECT] 
2025-12-17 11:53:59,319 [ERROR] LogOutputStream:75 - [STDERR_REDIRECT] [Fatal Error] :1:1: Premature end of file.
2025-12-17 11:53:59,319 [ERROR] LogOutputStream:75 - [STDERR_REDIRECT] 
2025-12-17 11:54:00,312 [ERROR] LogOutputStream:75 - [STDERR_REDIRECT] [Fatal Error] :1:1: Premature end of file.
2025-12-17 11:54:00,312 [ERROR] LogOutputStream:75 - [STDERR_REDIRECT] 
2025-12-17 11:54:01,322 [ERROR] LogOutputStream:75 - [STDERR_REDIRECT] [Fatal Error] :1:1: Premature end of file.
2025-12-17 11:54:01,322 [ERROR] LogOutputStream:75 - [STDERR_REDIRECT] 
2025-12-17 11:54:02,320 [ERROR] LogOutputStream:75 - [STDERR_REDIRECT] [Fatal Error] :1:1: Premature end of file.
2025-12-17 11:54:02,320 [ERROR] LogOutputStream:75 - [STDERR_REDIRECT] 
2025-12-17 11:54:03,312 [ERROR] LogOutputStream:75 - [STDERR_REDIRECT] [Fatal Error] :1:1: Premature end of file.
2025-12-17 11:54:03,312 [ERROR] LogOutputStream:75 - [STDERR_REDIRECT] 
2025-12-17 11:54:04,320 [ERROR] LogOutputStream:75 - [STDERR_REDIRECT] [Fatal Error] :1:1: Premature end of file.
2025-12-17 11:54:04,320 [ERROR] LogOutputStream:75 - [STDERR_REDIRECT] 
2025-12-17 11:54:05,315 [ERROR] LogOutputStream:75 - [STDERR_REDIRECT] [Fatal Error] :1:1: Premature end of file.
2025-12-17 11:54:05,315 [ERROR] LogOutputStream:75 - [STDERR_REDIRECT] 
2025-12-17 11:54:06,318 [ERROR] LogOutputStream:75 - [STDERR_REDIRECT] [Fatal Error] :1:1: Premature end of file.
2025-12-17 11:54:06,318 [ERROR] LogOutputStream:75 - [STDERR_REDIRECT] 
2025-12-17 11:54:07,311 [ERROR] LogOutputStream:75 - [STDERR_REDIRECT] [Fatal Error] :1:1: Premature end of file.
2025-12-17 11:54:07,312 [ERROR] LogOutputStream:75 - [STDERR_REDIRECT] 
2025-12-17 11:54:08,318 [ERROR] LogOutputStream:75 - [STDERR_REDIRECT] [Fatal Error] :1:1: Premature end of file.
2025-12-17 11:54:08,318 [ERROR] LogOutputStream:75 - [STDERR_REDIRECT] 
2025-12-17 11:54:09,315 [ERROR] LogOutputStream:75 - [STDERR_REDIRECT] [Fatal Error] :1:1: Premature end of file.
2025-12-17 11:54:09,315 [ERROR] LogOutputStream:75 - [STDERR_REDIRECT] 
2025-12-17 11:54:10,321 [ERROR] LogOutputStream:75 - [STDERR_REDIRECT] [Fatal Error] :1:1: Premature end of file.
2025-12-17 11:54:10,321 [ERROR] LogOutputStream:75 - [STDERR_REDIRECT] 
2025-12-17 11:54:11,309 [ERROR] LogOutputStream:75 - [STDERR_REDIRECT] [Fatal Error] :1:1: Premature end of file.
2025-12-17 11:54:11,310 [ERROR] LogOutputStream:75 - [STDERR_REDIRECT] 
2025-12-17 11:54:12,343 [ERROR] LogOutputStream:75 - [STDERR_REDIRECT] [Fatal Error] :1:1: Premature end of file.
2025-12-17 11:54:12,343 [ERROR] LogOutputStream:75 - [STDERR_REDIRECT] 
2025-12-17 11:54:13,324 [ERROR] LogOutputStream:75 - [STDERR_REDIRECT] [Fatal Error] :1:1: Premature end of file.
2025-12-17 11:54:13,324 [ERROR] LogOutputStream:75 - [STDERR_REDIRECT] 
2025-12-17 11:54:14,318 [ERROR] LogOutputStream:75 - [STDERR_REDIRECT] [Fatal Error] :1:1: Premature end of file.
2025-12-17 11:54:14,318 [ERROR] LogOutputStream:75 - [STDERR_REDIRECT] 
2025-12-17 11:54:15,310 [ERROR] LogOutputStream:75 - [STDERR_REDIRECT] [Fatal Error] :1:1: Premature end of file.
2025-12-17 11:54:15,310 [ERROR] LogOutputStream:75 - [STDERR_REDIRECT] 
2025-12-17 11:54:16,318 [ERROR] LogOutputStream:75 - [STDERR_REDIRECT] [Fatal Error] :1:1: Premature end of file.
2025-12-17 11:54:16,318 [ERROR] LogOutputStream:75 - [STDERR_REDIRECT] 
2025-12-17 11:54:17,313 [ERROR] LogOutputStream:75 - [STDERR_REDIRECT] [Fatal Error] :1:1: Premature end of file.
2025-12-17 11:54:17,314 [ERROR] LogOutputStream:75 - [STDERR_REDIRECT] 
2025-12-17 11:54:18,320 [ERROR] LogOutputStream:75 - [STDERR_REDIRECT] [Fatal Error] :1:1: Premature end of file.
2025-12-17 11:54:18,320 [ERROR] LogOutputStream:75 - [STDERR_REDIRECT] 
2025-12-17 11:54:19,319 [ERROR] LogOutputStream:75 - [STDERR_REDIRECT] [Fatal Error] :1:1: Premature end of file.
2025-12-17 11:54:19,319 [ERROR] LogOutputStream:75 - [STDERR_REDIRECT] 
2025-12-17 11:54:20,309 [ERROR] LogOutputStream:75 - [STDERR_REDIRECT] [Fatal Error] :1:1: Premature end of file.
2025-12-17 11:54:20,310 [ERROR] LogOutputStream:75 - [STDERR_REDIRECT] 
2025-12-17 11:54:21,316 [ERROR] LogOutputStream:75 - [STDERR_REDIRECT] [Fatal Error] :1:1: Premature end of file.
2025-12-17 11:54:21,316 [ERROR] LogOutputStream:75 - [STDERR_REDIRECT] 
2025-12-17 11:54:22,309 [ERROR] LogOutputStream:75 - [STDERR_REDIRECT] [Fatal Error] :1:1: Premature end of file.
2025-12-17 11:54:22,309 [ERROR] LogOutputStream:75 - [STDERR_REDIRECT] 
2025-12-17 11:54:23,315 [ERROR] LogOutputStream:75 - [STDERR_REDIRECT] [Fatal Error] :1:1: Premature end of file.
2025-12-17 11:54:23,315 [ERROR] LogOutputStream:75 - [STDERR_REDIRECT] 
2025-12-17 11:54:24,311 [ERROR] LogOutputStream:75 - [STDERR_REDIRECT] [Fatal Error] :1:1: Premature end of file.
2025-12-17 11:54:24,311 [ERROR] LogOutputStream:75 - [STDERR_REDIRECT] 
2025-12-17 11:54:25,319 [ERROR] LogOutputStream:75 - [STDERR_REDIRECT] [Fatal Error] :1:1: Premature end of file.
2025-12-17 11:54:25,319 [ERROR] LogOutputStream:75 - [STDERR_REDIRECT] 
2025-12-17 11:54:26,313 [ERROR] LogOutputStream:75 - [STDERR_REDIRECT] [Fatal Error] :1:1: Premature end of file.
2025-12-17 11:54:26,313 [ERROR] LogOutputStream:75 - [STDERR_REDIRECT] 
2025-12-17 11:54:27,309 [ERROR] LogOutputStream:75 - [STDERR_REDIRECT] [Fatal Error] :1:1: Premature end of file.
2025-12-17 11:54:27,309 [ERROR] LogOutputStream:75 - [STDERR_REDIRECT] 
2025-12-17 11:54:28,317 [ERROR] LogOutputStream:75 - [STDERR_REDIRECT] [Fatal Error] :1:1: Premature end of file.
2025-12-17 11:54:28,317 [ERROR] LogOutputStream:75 - [STDERR_REDIRECT] 
2025-12-17 11:54:29,310 [ERROR] LogOutputStream:75 - [STDERR_REDIRECT] [Fatal Error] :1:1: Premature end of file.
2025-12-17 11:54:29,310 [ERROR] LogOutputStream:75 - [STDERR_REDIRECT] 
2025-12-17 11:54:30,317 [ERROR] LogOutputStream:75 - [STDERR_REDIRECT] [Fatal Error] :1:1: Premature end of file.
2025-12-17 11:54:30,318 [ERROR] LogOutputStream:75 - [STDERR_REDIRECT] 
2025-12-17 11:54:31,327 [ERROR] LogOutputStream:75 - [STDERR_REDIRECT] [Fatal Error] :1:1: Premature end of file.
2025-12-17 11:54:31,327 [ERROR] LogOutputStream:75 - [STDERR_REDIRECT] 
2025-12-17 11:54:32,316 [ERROR] LogOutputStream:75 - [STDERR_REDIRECT] [Fatal Error] :1:1: Premature end of file.
2025-12-17 11:54:32,316 [ERROR] LogOutputStream:75 - [STDERR_REDIRECT] 
2025-12-17 11:54:33,310 [ERROR] LogOutputStream:75 - [STDERR_REDIRECT] [Fatal Error] :1:1: Premature end of file.
2025-12-17 11:54:33,310 [ERROR] LogOutputStream:75 - [STDERR_REDIRECT] 
2025-12-17 11:54:34,321 [ERROR] LogOutputStream:75 - [STDERR_REDIRECT] [Fatal Error] :1:1: Premature end of file.
2025-12-17 11:54:34,321 [ERROR] LogOutputStream:75 - [STDERR_REDIRECT] 
2025-12-17 11:54:35,313 [ERROR] LogOutputStream:75 - [STDERR_REDIRECT] [Fatal Error] :1:1: Premature end of file.
2025-12-17 11:54:35,313 [ERROR] LogOutputStream:75 - [STDERR_REDIRECT] 
2025-12-17 11:54:36,325 [ERROR] LogOutputStream:75 - [STDERR_REDIRECT] [Fatal Error] :1:1: Premature end of file.
2025-12-17 11:54:36,326 [ERROR] LogOutputStream:75 - [STDERR_REDIRECT] 
2025-12-17 11:54:37,322 [ERROR] LogOutputStream:75 - [STDERR_REDIRECT] [Fatal Error] :1:1: Premature end of file.
2025-12-17 11:54:37,322 [ERROR] LogOutputStream:75 - [STDERR_REDIRECT] 
2025-12-17 11:54:38,314 [ERROR] LogOutputStream:75 - [STDERR_REDIRECT] [Fatal Error] :1:1: Premature end of file.
2025-12-17 11:54:38,314 [ERROR] LogOutputStream:75 - [STDERR_REDIRECT] 
2025-12-17 11:54:39,321 [ERROR] LogOutputStream:75 - [STDERR_REDIRECT] [Fatal Error] :1:1: Premature end of file.
2025-12-17 11:54:39,322 [ERROR] LogOutputStream:75 - [STDERR_REDIRECT] 
2025-12-17 11:54:40,319 [ERROR] LogOutputStream:75 - [STDERR_REDIRECT] [Fatal Error] :1:1: Premature end of file.
2025-12-17 11:54:40,319 [ERROR] LogOutputStream:75 - [STDERR_REDIRECT] 
2025-12-17 11:54:41,323 [ERROR] LogOutputStream:75 - [STDERR_REDIRECT] [Fatal Error] :1:1: Premature end of file.
2025-12-17 11:54:41,323 [ERROR] LogOutputStream:75 - [STDERR_REDIRECT] 
2025-12-17 11:54:42,319 [ERROR] LogOutputStream:75 - [STDERR_REDIRECT] [Fatal Error] :1:1: Premature end of file.
2025-12-17 11:54:42,319 [ERROR] LogOutputStream:75 - [STDERR_REDIRECT] 
2025-12-17 11:54:43,312 [ERROR] LogOutputStream:75 - [STDERR_REDIRECT] [Fatal Error] :1:1: Premature end of file.
2025-12-17 11:54:43,312 [ERROR] LogOutputStream:75 - [STDERR_REDIRECT] 
2025-12-17 11:54:44,324 [ERROR] LogOutputStream:75 - [STDERR_REDIRECT] [Fatal Error] :1:1: Premature end of file.
2025-12-17 11:54:44,324 [ERROR] LogOutputStream:75 - [STDERR_REDIRECT] 
2025-12-17 11:54:45,317 [ERROR] LogOutputStream:75 - [STDERR_REDIRECT] [Fatal Error] :1:1: Premature end of file.
2025-12-17 11:54:45,317 [ERROR] LogOutputStream:75 - [STDERR_REDIRECT] 
2025-12-17 11:54:46,310 [ERROR] LogOutputStream:75 - [STDERR_REDIRECT] [Fatal Error] :1:1: Premature end of file.
2025-12-17 11:54:46,310 [ERROR] LogOutputStream:75 - [STDERR_REDIRECT] 
2025-12-17 11:54:47,322 [ERROR] LogOutputStream:75 - [STDERR_REDIRECT] [Fatal Error] :1:1: Premature end of file.
2025-12-17 11:54:47,322 [ERROR] LogOutputStream:75 - [STDERR_REDIRECT] 
2025-12-17 11:54:48,321 [ERROR] LogOutputStream:75 - [STDERR_REDIRECT] [Fatal Error] :1:1: Premature end of file.
2025-12-17 11:54:48,321 [ERROR] LogOutputStream:75 - [STDERR_REDIRECT] 
2025-12-17 11:54:49,316 [ERROR] LogOutputStream:75 - [STDERR_REDIRECT] [Fatal Error] :1:1: Premature end of file.
2025-12-17 11:54:49,316 [ERROR] LogOutputStream:75 - [STDERR_REDIRECT] 
2025-12-17 11:54:50,312 [ERROR] LogOutputStream:75 - [STDERR_REDIRECT] [Fatal Error] :1:1: Premature end of file.
2025-12-17 11:54:50,312 [ERROR] LogOutputStream:75 - [STDERR_REDIRECT] 
2025-12-17 11:54:51,320 [ERROR] LogOutputStream:75 - [STDERR_REDIRECT] [Fatal Error] :1:1: Premature end of file.
2025-12-17 11:54:51,320 [ERROR] LogOutputStream:75 - [STDERR_REDIRECT] 
2025-12-17 11:54:52,311 [ERROR] LogOutputStream:75 - [STDERR_REDIRECT] [Fatal Error] :1:1: Premature end of file.
2025-12-17 11:54:52,311 [ERROR] LogOutputStream:75 - [STDERR_REDIRECT] 
2025-12-17 11:54:53,324 [ERROR] LogOutputStream:75 - [STDERR_REDIRECT] [Fatal Error] :1:1: Premature end of file.
2025-12-17 11:54:53,324 [ERROR] LogOutputStream:75 - [STDERR_REDIRECT] 
2025-12-17 11:54:54,311 [ERROR] LogOutputStream:75 - [STDERR_REDIRECT] [Fatal Error] :1:1: Premature end of file.
2025-12-17 11:54:54,311 [ERROR] LogOutputStream:75 - [STDERR_REDIRECT] 
2025-12-17 11:54:55,314 [ERROR] LogOutputStream:75 - [STDERR_REDIRECT] [Fatal Error] :1:1: Premature end of file.
2025-12-17 11:54:55,314 [ERROR] LogOutputStream:75 - [STDERR_REDIRECT] 
2025-12-17 11:54:56,322 [ERROR] LogOutputStream:75 - [STDERR_REDIRECT] [Fatal Error] :1:1: Premature end of file.
2025-12-17 11:54:56,322 [ERROR] LogOutputStream:75 - [STDERR_REDIRECT] 
2025-12-17 11:54:57,320 [ERROR] LogOutputStream:75 - [STDERR_REDIRECT] [Fatal Error] :1:1: Premature end of file.
2025-12-17 11:54:57,320 [ERROR] LogOutputStream:75 - [STDERR_REDIRECT] 
2025-12-17 11:54:58,316 [ERROR] LogOutputStream:75 - [STDERR_REDIRECT] [Fatal Error] :1:1: Premature end of file.
2025-12-17 11:54:58,316 [ERROR] LogOutputStream:75 - [STDERR_REDIRECT] 
2025-12-17 11:54:59,322 [ERROR] LogOutputStream:75 - [STDERR_REDIRECT] [Fatal Error] :1:1: Premature end of file.
2025-12-17 11:54:59,322 [ERROR] LogOutputStream:75 - [STDERR_REDIRECT] 
2025-12-17 11:55:00,317 [ERROR] LogOutputStream:75 - [STDERR_REDIRECT] [Fatal Error] :1:1: Premature end of file.
2025-12-17 11:55:00,317 [ERROR] LogOutputStream:75 - [STDERR_REDIRECT] 
2025-12-17 11:55:01,325 [ERROR] LogOutputStream:75 - [STDERR_REDIRECT] [Fatal Error] :1:1: Premature end of file.
2025-12-17 11:55:01,325 [ERROR] LogOutputStream:75 - [STDERR_REDIRECT] 
2025-12-17 11:55:02,323 [ERROR] LogOutputStream:75 - [STDERR_REDIRECT] [Fatal Error] :1:1: Premature end of file.
2025-12-17 11:55:02,323 [ERROR] LogOutputStream:75 - [STDERR_REDIRECT] 
2025-12-17 11:55:03,314 [ERROR] LogOutputStream:75 - [STDERR_REDIRECT] [Fatal Error] :1:1: Premature end of file.
2025-12-17 11:55:03,314 [ERROR] LogOutputStream:75 - [STDERR_REDIRECT] 
2025-12-17 11:55:04,319 [ERROR] LogOutputStream:75 - [STDERR_REDIRECT] [Fatal Error] :1:1: Premature end of file.
2025-12-17 11:55:04,319 [ERROR] LogOutputStream:75 - [STDERR_REDIRECT] 
2025-12-17 11:55:05,317 [ERROR] LogOutputStream:75 - [STDERR_REDIRECT] [Fatal Error] :1:1: Premature end of file.
2025-12-17 11:55:05,317 [ERROR] LogOutputStream:75 - [STDERR_REDIRECT] 
2025-12-17 11:55:06,321 [ERROR] LogOutputStream:75 - [STDERR_REDIRECT] [Fatal Error] :1:1: Premature end of file.
2025-12-17 11:55:06,321 [ERROR] LogOutputStream:75 - [STDERR_REDIRECT] 
2025-12-17 11:55:07,313 [ERROR] LogOutputStream:75 - [STDERR_REDIRECT] [Fatal Error] :1:1: Premature end of file.
2025-12-17 11:55:07,313 [ERROR] LogOutputStream:75 - [STDERR_REDIRECT] 
2025-12-17 11:55:08,325 [ERROR] LogOutputStream:75 - [STDERR_REDIRECT] [Fatal Error] :1:1: Premature end of file.
2025-12-17 11:55:08,325 [ERROR] LogOutputStream:75 - [STDERR_REDIRECT] 
2025-12-17 11:55:09,313 [ERROR] LogOutputStream:75 - [STDERR_REDIRECT] [Fatal Error] :1:1: Premature end of file.
2025-12-17 11:55:09,313 [ERROR] LogOutputStream:75 - [STDERR_REDIRECT] 
2025-12-17 11:55:10,320 [ERROR] LogOutputStream:75 - [STDERR_REDIRECT] [Fatal Error] :1:1: Premature end of file.
2025-12-17 11:55:10,320 [ERROR] LogOutputStream:75 - [STDERR_REDIRECT] 
2025-12-17 11:55:11,318 [ERROR] LogOutputStream:75 - [STDERR_REDIRECT] [Fatal Error] :1:1: Premature end of file.
2025-12-17 11:55:11,318 [ERROR] LogOutputStream:75 - [STDERR_REDIRECT] 
2025-12-17 11:55:12,323 [ERROR] LogOutputStream:75 - [STDERR_REDIRECT] [Fatal Error] :1:1: Premature end of file.
2025-12-17 11:55:12,323 [ERROR] LogOutputStream:75 - [STDERR_REDIRECT] 
2025-12-17 11:55:13,318 [ERROR] LogOutputStream:75 - [STDERR_REDIRECT] [Fatal Error] :1:1: Premature end of file.
2025-12-17 11:55:13,318 [ERROR] LogOutputStream:75 - [STDERR_REDIRECT] 
2025-12-17 11:55:14,312 [ERROR] LogOutputStream:75 - [STDERR_REDIRECT] [Fatal Error] :1:1: Premature end of file.
2025-12-17 11:55:14,312 [ERROR] LogOutputStream:75 - [STDERR_REDIRECT] 
2025-12-17 11:55:15,312 [ERROR] LogOutputStream:75 - [STDERR_REDIRECT] [Fatal Error] :1:1: Premature end of file.
2025-12-17 11:55:15,313 [ERROR] LogOutputStream:75 - [STDERR_REDIRECT] 
2025-12-17 11:55:16,320 [ERROR] LogOutputStream:75 - [STDERR_REDIRECT] [Fatal Error] :1:1: Premature end of file.
2025-12-17 11:55:16,320 [ERROR] LogOutputStream:75 - [STDERR_REDIRECT] 
2025-12-17 11:55:17,314 [ERROR] LogOutputStream:75 - [STDERR_REDIRECT] [Fatal Error] :1:1: Premature end of file.
2025-12-17 11:55:17,314 [ERROR] LogOutputStream:75 - [STDERR_REDIRECT] 
2025-12-17 11:55:18,321 [ERROR] LogOutputStream:75 - [STDERR_REDIRECT] [Fatal Error] :1:1: Premature end of file.
2025-12-17 11:55:18,321 [ERROR] LogOutputStream:75 - [STDERR_REDIRECT] 
2025-12-17 11:55:19,313 [ERROR] LogOutputStream:75 - [STDERR_REDIRECT] [Fatal Error] :1:1: Premature end of file.
2025-12-17 11:55:19,313 [ERROR] LogOutputStream:75 - [STDERR_REDIRECT] 
2025-12-17 11:55:20,320 [ERROR] LogOutputStream:75 - [STDERR_REDIRECT] [Fatal Error] :1:1: Premature end of file.
2025-12-17 11:55:20,320 [ERROR] LogOutputStream:75 - [STDERR_REDIRECT] 
2025-12-17 11:55:21,315 [ERROR] LogOutputStream:75 - [STDERR_REDIRECT] [Fatal Error] :1:1: Premature end of file.
2025-12-17 11:55:21,315 [ERROR] LogOutputStream:75 - [STDERR_REDIRECT] 
2025-12-17 11:55:22,320 [ERROR] LogOutputStream:75 - [STDERR_REDIRECT] [Fatal Error] :1:1: Premature end of file.
2025-12-17 11:55:22,321 [ERROR] LogOutputStream:75 - [STDERR_REDIRECT] 
2025-12-17 11:55:23,324 [ERROR] LogOutputStream:75 - [STDERR_REDIRECT] [Fatal Error] :1:1: Premature end of file.
2025-12-17 11:55:23,324 [ERROR] LogOutputStream:75 - [STDERR_REDIRECT] 
2025-12-17 11:55:24,315 [ERROR] LogOutputStream:75 - [STDERR_REDIRECT] [Fatal Error] :1:1: Premature end of file.
2025-12-17 11:55:24,315 [ERROR] LogOutputStream:75 - [STDERR_REDIRECT] 
2025-12-17 11:55:25,324 [ERROR] LogOutputStream:75 - [STDERR_REDIRECT] [Fatal Error] :1:1: Premature end of file.
2025-12-17 11:55:25,324 [ERROR] LogOutputStream:75 - [STDERR_REDIRECT] 
2025-12-17 11:55:26,316 [ERROR] LogOutputStream:75 - [STDERR_REDIRECT] [Fatal Error] :1:1: Premature end of file.
2025-12-17 11:55:26,316 [ERROR] LogOutputStream:75 - [STDERR_REDIRECT] 
2025-12-17 11:55:27,309 [ERROR] LogOutputStream:75 - [STDERR_REDIRECT] [Fatal Error] :1:1: Premature end of file.
2025-12-17 11:55:27,309 [ERROR] LogOutputStream:75 - [STDERR_REDIRECT] 
2025-12-17 11:55:28,323 [ERROR] LogOutputStream:75 - [STDERR_REDIRECT] [Fatal Error] :1:1: Premature end of file.
2025-12-17 11:55:28,323 [ERROR] LogOutputStream:75 - [STDERR_REDIRECT] 
2025-12-17 11:55:29,317 [ERROR] LogOutputStream:75 - [STDERR_REDIRECT] [Fatal Error] :1:1: Premature end of file.
2025-12-17 11:55:29,318 [ERROR] LogOutputStream:75 - [STDERR_REDIRECT] 
2025-12-17 11:55:30,314 [ERROR] LogOutputStream:75 - [STDERR_REDIRECT] [Fatal Error] :1:1: Premature end of file.
2025-12-17 11:55:30,314 [ERROR] LogOutputStream:75 - [STDERR_REDIRECT] 
2025-12-17 11:55:31,314 [ERROR] LogOutputStream:75 - [STDERR_REDIRECT] [Fatal Error] :1:1: Premature end of file.
2025-12-17 11:55:31,315 [ERROR] LogOutputStream:75 - [STDERR_REDIRECT] 
2025-12-17 11:55:32,309 [ERROR] LogOutputStream:75 - [STDERR_REDIRECT] [Fatal Error] :1:1: Premature end of file.
2025-12-17 11:55:32,309 [ERROR] LogOutputStream:75 - [STDERR_REDIRECT] 
2025-12-17 11:55:33,313 [ERROR] LogOutputStream:75 - [STDERR_REDIRECT] [Fatal Error] :1:1: Premature end of file.
2025-12-17 11:55:33,313 [ERROR] LogOutputStream:75 - [STDERR_REDIRECT] 
2025-12-17 11:55:34,308 [ERROR] LogOutputStream:75 - [STDERR_REDIRECT] [Fatal Error] :1:1: Premature end of file.
2025-12-17 11:55:34,308 [ERROR] LogOutputStream:75 - [STDERR_REDIRECT] 
2025-12-17 11:55:35,322 [ERROR] LogOutputStream:75 - [STDERR_REDIRECT] [Fatal Error] :1:1: Premature end of file.
2025-12-17 11:55:35,322 [ERROR] LogOutputStream:75 - [STDERR_REDIRECT] 
2025-12-17 11:55:36,318 [ERROR] LogOutputStream:75 - [STDERR_REDIRECT] [Fatal Error] :1:1: Premature end of file.
2025-12-17 11:55:36,318 [ERROR] LogOutputStream:75 - [STDERR_REDIRECT] 
2025-12-17 11:55:37,311 [ERROR] LogOutputStream:75 - [STDERR_REDIRECT] [Fatal Error] :1:1: Premature end of file.
2025-12-17 11:55:37,311 [ERROR] LogOutputStream:75 - [STDERR_REDIRECT] 
2025-12-17 11:55:38,316 [ERROR] LogOutputStream:75 - [STDERR_REDIRECT] [Fatal Error] :1:1: Premature end of file.
2025-12-17 11:55:38,316 [ERROR] LogOutputStream:75 - [STDERR_REDIRECT] 
2025-12-17 11:55:39,308 [ERROR] LogOutputStream:75 - [STDERR_REDIRECT] [Fatal Error] :1:1: Premature end of file.
2025-12-17 11:55:39,309 [ERROR] LogOutputStream:75 - [STDERR_REDIRECT] 
2025-12-17 11:55:40,316 [ERROR] LogOutputStream:75 - [STDERR_REDIRECT] [Fatal Error] :1:1: Premature end of file.
2025-12-17 11:55:40,316 [ERROR] LogOutputStream:75 - [STDERR_REDIRECT] 
2025-12-17 11:55:41,316 [ERROR] LogOutputStream:75 - [STDERR_REDIRECT] [Fatal Error] :1:1: Premature end of file.
2025-12-17 11:55:41,316 [ERROR] LogOutputStream:75 - [STDERR_REDIRECT] 
2025-12-17 11:55:42,319 [ERROR] LogOutputStream:75 - [STDERR_REDIRECT] [Fatal Error] :1:1: Premature end of file.
2025-12-17 11:55:42,319 [ERROR] LogOutputStream:75 - [STDERR_REDIRECT] 
2025-12-17 11:55:43,321 [ERROR] LogOutputStream:75 - [STDERR_REDIRECT] [Fatal Error] :1:1: Premature end of file.
2025-12-17 11:55:43,321 [ERROR] LogOutputStream:75 - [STDERR_REDIRECT] 
2025-12-17 11:55:44,313 [ERROR] LogOutputStream:75 - [STDERR_REDIRECT] [Fatal Error] :1:1: Premature end of file.
2025-12-17 11:55:44,313 [ERROR] LogOutputStream:75 - [STDERR_REDIRECT] 
2025-12-17 11:55:45,318 [ERROR] LogOutputStream:75 - [STDERR_REDIRECT] [Fatal Error] :1:1: Premature end of file.
2025-12-17 11:55:45,318 [ERROR] LogOutputStream:75 - [STDERR_REDIRECT] 
2025-12-17 11:55:46,318 [ERROR] LogOutputStream:75 - [STDERR_REDIRECT] [Fatal Error] :1:1: Premature end of file.
2025-12-17 11:55:46,318 [ERROR] LogOutputStream:75 - [STDERR_REDIRECT] 
2025-12-17 11:55:47,307 [ERROR] LogOutputStream:75 - [STDERR_REDIRECT] [Fatal Error] :1:1: Premature end of file.
2025-12-17 11:55:47,307 [ERROR] LogOutputStream:75 - [STDERR_REDIRECT] 
2025-12-17 11:55:48,315 [ERROR] LogOutputStream:75 - [STDERR_REDIRECT] [Fatal Error] :1:1: Premature end of file.
2025-12-17 11:55:48,315 [ERROR] LogOutputStream:75 - [STDERR_REDIRECT] 
2025-12-17 11:55:49,311 [ERROR] LogOutputStream:75 - [STDERR_REDIRECT] [Fatal Error] :1:1: Premature end of file.
2025-12-17 11:55:49,311 [ERROR] LogOutputStream:75 - [STDERR_REDIRECT] 
2025-12-17 11:55:50,324 [ERROR] LogOutputStream:75 - [STDERR_REDIRECT] [Fatal Error] :1:1: Premature end of file.
2025-12-17 11:55:50,326 [ERROR] LogOutputStream:75 - [STDERR_REDIRECT] 
2025-12-17 11:55:51,316 [ERROR] LogOutputStream:75 - [STDERR_REDIRECT] [Fatal Error] :1:1: Premature end of file.
2025-12-17 11:55:51,316 [ERROR] LogOutputStream:75 - [STDERR_REDIRECT] 
2025-12-17 11:55:52,313 [ERROR] LogOutputStream:75 - [STDERR_REDIRECT] [Fatal Error] :1:1: Premature end of file.
2025-12-17 11:55:52,313 [ERROR] LogOutputStream:75 - [STDERR_REDIRECT] 
2025-12-17 11:55:53,325 [ERROR] LogOutputStream:75 - [STDERR_REDIRECT] [Fatal Error] :1:1: Premature end of file.
2025-12-17 11:55:53,325 [ERROR] LogOutputStream:75 - [STDERR_REDIRECT] 
2025-12-17 11:55:54,314 [ERROR] LogOutputStream:75 - [STDERR_REDIRECT] [Fatal Error] :1:1: Premature end of file.
2025-12-17 11:55:54,314 [ERROR] LogOutputStream:75 - [STDERR_REDIRECT] 
2025-12-17 11:55:55,323 [ERROR] LogOutputStream:75 - [STDERR_REDIRECT] [Fatal Error] :1:1: Premature end of file.
2025-12-17 11:55:55,323 [ERROR] LogOutputStream:75 - [STDERR_REDIRECT] 
2025-12-17 11:55:56,310 [ERROR] LogOutputStream:75 - [STDERR_REDIRECT] [Fatal Error] :1:1: Premature end of file.
2025-12-17 11:55:56,310 [ERROR] LogOutputStream:75 - [STDERR_REDIRECT] 
2025-12-17 11:55:57,317 [ERROR] LogOutputStream:75 - [STDERR_REDIRECT] [Fatal Error] :1:1: Premature end of file.
2025-12-17 11:55:57,317 [ERROR] LogOutputStream:75 - [STDERR_REDIRECT] 
2025-12-17 11:55:58,311 [ERROR] LogOutputStream:75 - [STDERR_REDIRECT] [Fatal Error] :1:1: Premature end of file.
2025-12-17 11:55:58,311 [ERROR] LogOutputStream:75 - [STDERR_REDIRECT] 
2025-12-17 11:55:59,322 [ERROR] LogOutputStream:75 - [STDERR_REDIRECT] [Fatal Error] :1:1: Premature end of file.
2025-12-17 11:55:59,322 [ERROR] LogOutputStream:75 - [STDERR_REDIRECT] 
2025-12-17 11:56:00,314 [ERROR] LogOutputStream:75 - [STDERR_REDIRECT] [Fatal Error] :1:1: Premature end of file.
2025-12-17 11:56:00,314 [ERROR] LogOutputStream:75 - [STDERR_REDIRECT] 
2025-12-17 11:56:01,316 [ERROR] LogOutputStream:75 - [STDERR_REDIRECT] [Fatal Error] :1:1: Premature end of file.
2025-12-17 11:56:01,316 [ERROR] LogOutputStream:75 - [STDERR_REDIRECT] 
2025-12-17 11:56:02,326 [ERROR] LogOutputStream:75 - [STDERR_REDIRECT] [Fatal Error] :1:1: Premature end of file.
2025-12-17 11:56:02,326 [ERROR] LogOutputStream:75 - [STDERR_REDIRECT] 
2025-12-17 11:56:03,314 [ERROR] LogOutputStream:75 - [STDERR_REDIRECT] [Fatal Error] :1:1: Premature end of file.
2025-12-17 11:56:03,314 [ERROR] LogOutputStream:75 - [STDERR_REDIRECT] 
2025-12-17 11:56:04,320 [ERROR] LogOutputStream:75 - [STDERR_REDIRECT] [Fatal Error] :1:1: Premature end of file.
2025-12-17 11:56:04,320 [ERROR] LogOutputStream:75 - [STDERR_REDIRECT] 
2025-12-17 11:56:05,315 [ERROR] LogOutputStream:75 - [STDERR_REDIRECT] [Fatal Error] :1:1: Premature end of file.
2025-12-17 11:56:05,315 [ERROR] LogOutputStream:75 - [STDERR_REDIRECT] 
2025-12-17 11:56:06,309 [ERROR] LogOutputStream:75 - [STDERR_REDIRECT] [Fatal Error] :1:1: Premature end of file.
2025-12-17 11:56:06,309 [ERROR] LogOutputStream:75 - [STDERR_REDIRECT] 
2025-12-17 11:56:07,313 [ERROR] LogOutputStream:75 - [STDERR_REDIRECT] [Fatal Error] :1:1: Premature end of file.
2025-12-17 11:56:07,313 [ERROR] LogOutputStream:75 - [STDERR_REDIRECT] 
2025-12-17 11:56:08,325 [ERROR] LogOutputStream:75 - [STDERR_REDIRECT] [Fatal Error] :1:1: Premature end of file.
2025-12-17 11:56:08,325 [ERROR] LogOutputStream:75 - [STDERR_REDIRECT] 
2025-12-17 11:56:09,323 [ERROR] LogOutputStream:75 - [STDERR_REDIRECT] [Fatal Error] :1:1: Premature end of file.
2025-12-17 11:56:09,324 [ERROR] LogOutputStream:75 - [STDERR_REDIRECT] 
2025-12-17 11:56:10,317 [ERROR] LogOutputStream:75 - [STDERR_REDIRECT] [Fatal Error] :1:1: Premature end of file.
2025-12-17 11:56:10,317 [ERROR] LogOutputStream:75 - [STDERR_REDIRECT] 
2025-12-17 11:56:11,310 [ERROR] LogOutputStream:75 - [STDERR_REDIRECT] [Fatal Error] :1:1: Premature end of file.
2025-12-17 11:56:11,310 [ERROR] LogOutputStream:75 - [STDERR_REDIRECT] 
2025-12-17 11:56:12,319 [ERROR] LogOutputStream:75 - [STDERR_REDIRECT] [Fatal Error] :1:1: Premature end of file.
2025-12-17 11:56:12,319 [ERROR] LogOutputStream:75 - [STDERR_REDIRECT] 
2025-12-17 11:56:13,309 [ERROR] LogOutputStream:75 - [STDERR_REDIRECT] [Fatal Error] :1:1: Premature end of file.
2025-12-17 11:56:13,309 [ERROR] LogOutputStream:75 - [STDERR_REDIRECT] 
2025-12-17 11:56:14,314 [ERROR] LogOutputStream:75 - [STDERR_REDIRECT] [Fatal Error] :1:1: Premature end of file.
2025-12-17 11:56:14,316 [ERROR] LogOutputStream:75 - [STDERR_REDIRECT] 
2025-12-17 11:56:15,321 [ERROR] LogOutputStream:75 - [STDERR_REDIRECT] [Fatal Error] :1:1: Premature end of file.
2025-12-17 11:56:15,321 [ERROR] LogOutputStream:75 - [STDERR_REDIRECT] 
2025-12-17 11:56:16,315 [ERROR] LogOutputStream:75 - [STDERR_REDIRECT] [Fatal Error] :1:1: Premature end of file.
2025-12-17 11:56:16,315 [ERROR] LogOutputStream:75 - [STDERR_REDIRECT] 
2025-12-17 11:56:17,319 [ERROR] LogOutputStream:75 - [STDERR_REDIRECT] [Fatal Error] :1:1: Premature end of file.
2025-12-17 11:56:17,319 [ERROR] LogOutputStream:75 - [STDERR_REDIRECT] 
2025-12-17 11:56:18,309 [ERROR] LogOutputStream:75 - [STDERR_REDIRECT] [Fatal Error] :1:1: Premature end of file.
2025-12-17 11:56:18,309 [ERROR] LogOutputStream:75 - [STDERR_REDIRECT] 
2025-12-17 11:56:19,318 [ERROR] LogOutputStream:75 - [STDERR_REDIRECT] [Fatal Error] :1:1: Premature end of file.
2025-12-17 11:56:19,318 [ERROR] LogOutputStream:75 - [STDERR_REDIRECT] 
2025-12-17 11:56:20,318 [ERROR] LogOutputStream:75 - [STDERR_REDIRECT] [Fatal Error] :1:1: Premature end of file.
2025-12-17 11:56:20,318 [ERROR] LogOutputStream:75 - [STDERR_REDIRECT] 
2025-12-17 11:56:21,311 [ERROR] LogOutputStream:75 - [STDERR_REDIRECT] [Fatal Error] :1:1: Premature end of file.
2025-12-17 11:56:21,311 [ERROR] LogOutputStream:75 - [STDERR_REDIRECT] 
2025-12-17 11:56:22,309 [ERROR] LogOutputStream:75 - [STDERR_REDIRECT] [Fatal Error] :1:1: Premature end of file.
2025-12-17 11:56:22,309 [ERROR] LogOutputStream:75 - [STDERR_REDIRECT] 
2025-12-17 11:56:23,319 [ERROR] LogOutputStream:75 - [STDERR_REDIRECT] [Fatal Error] :1:1: Premature end of file.
2025-12-17 11:56:23,319 [ERROR] LogOutputStream:75 - [STDERR_REDIRECT] 
2025-12-17 11:56:24,313 [ERROR] LogOutputStream:75 - [STDERR_REDIRECT] [Fatal Error] :1:1: Premature end of file.
2025-12-17 11:56:24,313 [ERROR] LogOutputStream:75 - [STDERR_REDIRECT] 
2025-12-17 11:56:25,313 [ERROR] LogOutputStream:75 - [STDERR_REDIRECT] [Fatal Error] :1:1: Premature end of file.
2025-12-17 11:56:25,313 [ERROR] LogOutputStream:75 - [STDERR_REDIRECT] 
2025-12-17 11:56:26,316 [ERROR] LogOutputStream:75 - [STDERR_REDIRECT] [Fatal Error] :1:1: Premature end of file.
2025-12-17 11:56:26,316 [ERROR] LogOutputStream:75 - [STDERR_REDIRECT] 
2025-12-17 11:56:27,313 [ERROR] LogOutputStream:75 - [STDERR_REDIRECT] [Fatal Error] :1:1: Premature end of file.
2025-12-17 11:56:27,313 [ERROR] LogOutputStream:75 - [STDERR_REDIRECT] 
2025-12-17 11:56:28,310 [ERROR] LogOutputStream:75 - [STDERR_REDIRECT] [Fatal Error] :1:1: Premature end of file.
2025-12-17 11:56:28,310 [ERROR] LogOutputStream:75 - [STDERR_REDIRECT] 
2025-12-17 11:56:29,323 [ERROR] LogOutputStream:75 - [STDERR_REDIRECT] [Fatal Error] :1:1: Premature end of file.
2025-12-17 11:56:29,323 [ERROR] LogOutputStream:75 - [STDERR_REDIRECT] 
2025-12-17 11:56:30,321 [ERROR] LogOutputStream:75 - [STDERR_REDIRECT] [Fatal Error] :1:1: Premature end of file.
2025-12-17 11:56:30,321 [ERROR] LogOutputStream:75 - [STDERR_REDIRECT] 
2025-12-17 11:56:31,312 [ERROR] LogOutputStream:75 - [STDERR_REDIRECT] [Fatal Error] :1:1: Premature end of file.
2025-12-17 11:56:31,312 [ERROR] LogOutputStream:75 - [STDERR_REDIRECT] 
2025-12-17 11:56:32,322 [ERROR] LogOutputStream:75 - [STDERR_REDIRECT] [Fatal Error] :1:1: Premature end of file.
2025-12-17 11:56:32,322 [ERROR] LogOutputStream:75 - [STDERR_REDIRECT] 
2025-12-17 11:56:33,316 [ERROR] LogOutputStream:75 - [STDERR_REDIRECT] [Fatal Error] :1:1: Premature end of file.
2025-12-17 11:56:33,316 [ERROR] LogOutputStream:75 - [STDERR_REDIRECT] 
2025-12-17 11:56:34,311 [ERROR] LogOutputStream:75 - [STDERR_REDIRECT] [Fatal Error] :1:1: Premature end of file.
2025-12-17 11:56:34,311 [ERROR] LogOutputStream:75 - [STDERR_REDIRECT] 
2025-12-17 11:56:35,322 [ERROR] LogOutputStream:75 - [STDERR_REDIRECT] [Fatal Error] :1:1: Premature end of file.
2025-12-17 11:56:35,322 [ERROR] LogOutputStream:75 - [STDERR_REDIRECT] 
2025-12-17 11:56:36,316 [ERROR] LogOutputStream:75 - [STDERR_REDIRECT] [Fatal Error] :1:1: Premature end of file.
2025-12-17 11:56:36,316 [ERROR] LogOutputStream:75 - [STDERR_REDIRECT] 
2025-12-17 11:56:37,320 [ERROR] LogOutputStream:75 - [STDERR_REDIRECT] [Fatal Error] :1:1: Premature end of file.
2025-12-17 11:56:37,320 [ERROR] LogOutputStream:75 - [STDERR_REDIRECT] 
2025-12-17 11:56:38,312 [ERROR] LogOutputStream:75 - [STDERR_REDIRECT] [Fatal Error] :1:1: Premature end of file.
2025-12-17 11:56:38,312 [ERROR] LogOutputStream:75 - [STDERR_REDIRECT] 
2025-12-17 11:56:39,323 [ERROR] LogOutputStream:75 - [STDERR_REDIRECT] [Fatal Error] :1:1: Premature end of file.
2025-12-17 11:56:39,323 [ERROR] LogOutputStream:75 - [STDERR_REDIRECT] 
2025-12-17 11:56:40,318 [ERROR] LogOutputStream:75 - [STDERR_REDIRECT] [Fatal Error] :1:1: Premature end of file.
2025-12-17 11:56:40,318 [ERROR] LogOutputStream:75 - [STDERR_REDIRECT] 
2025-12-17 11:56:41,316 [ERROR] LogOutputStream:75 - [STDERR_REDIRECT] [Fatal Error] :1:1: Premature end of file.
2025-12-17 11:56:41,316 [ERROR] LogOutputStream:75 - [STDERR_REDIRECT] 
2025-12-17 11:56:42,322 [ERROR] LogOutputStream:75 - [STDERR_REDIRECT] [Fatal Error] :1:1: Premature end of file.
2025-12-17 11:56:42,322 [ERROR] LogOutputStream:75 - [STDERR_REDIRECT] 
2025-12-17 11:56:43,317 [ERROR] LogOutputStream:75 - [STDERR_REDIRECT] [Fatal Error] :1:1: Premature end of file.
2025-12-17 11:56:43,317 [ERROR] LogOutputStream:75 - [STDERR_REDIRECT] 
2025-12-17 11:56:44,311 [ERROR] LogOutputStream:75 - [STDERR_REDIRECT] [Fatal Error] :1:1: Premature end of file.
2025-12-17 11:56:44,312 [ERROR] LogOutputStream:75 - [STDERR_REDIRECT] 
2025-12-17 11:56:45,321 [ERROR] LogOutputStream:75 - [STDERR_REDIRECT] [Fatal Error] :1:1: Premature end of file.
2025-12-17 11:56:45,321 [ERROR] LogOutputStream:75 - [STDERR_REDIRECT] 
2025-12-17 11:56:46,313 [ERROR] LogOutputStream:75 - [STDERR_REDIRECT] [Fatal Error] :1:1: Premature end of file.
2025-12-17 11:56:46,313 [ERROR] LogOutputStream:75 - [STDERR_REDIRECT] 
2025-12-17 11:56:47,310 [ERROR] LogOutputStream:75 - [STDERR_REDIRECT] [Fatal Error] :1:1: Premature end of file.
2025-12-17 11:56:47,310 [ERROR] LogOutputStream:75 - [STDERR_REDIRECT] 
2025-12-17 11:56:48,320 [ERROR] LogOutputStream:75 - [STDERR_REDIRECT] [Fatal Error] :1:1: Premature end of file.
2025-12-17 11:56:48,320 [ERROR] LogOutputStream:75 - [STDERR_REDIRECT] 
2025-12-17 11:56:49,324 [ERROR] LogOutputStream:75 - [STDERR_REDIRECT] [Fatal Error] :1:1: Premature end of file.
2025-12-17 11:56:49,324 [ERROR] LogOutputStream:75 - [STDERR_REDIRECT] 
2025-12-17 11:56:50,317 [ERROR] LogOutputStream:75 - [STDERR_REDIRECT] [Fatal Error] :1:1: Premature end of file.
2025-12-17 11:56:50,318 [ERROR] LogOutputStream:75 - [STDERR_REDIRECT] 
2025-12-17 11:56:51,310 [ERROR] LogOutputStream:75 - [STDERR_REDIRECT] [Fatal Error] :1:1: Premature end of file.
2025-12-17 11:56:51,310 [ERROR] LogOutputStream:75 - [STDERR_REDIRECT] 
2025-12-17 11:56:52,319 [ERROR] LogOutputStream:75 - [STDERR_REDIRECT] [Fatal Error] :1:1: Premature end of file.
2025-12-17 11:56:52,319 [ERROR] LogOutputStream:75 - [STDERR_REDIRECT] 
2025-12-17 11:56:53,314 [ERROR] LogOutputStream:75 - [STDERR_REDIRECT] [Fatal Error] :1:1: Premature end of file.
2025-12-17 11:56:53,314 [ERROR] LogOutputStream:75 - [STDERR_REDIRECT] 
2025-12-17 11:56:54,308 [ERROR] LogOutputStream:75 - [STDERR_REDIRECT] [Fatal Error] :1:1: Premature end of file.
2025-12-17 11:56:54,309 [ERROR] LogOutputStream:75 - [STDERR_REDIRECT] 
2025-12-17 11:56:55,319 [ERROR] LogOutputStream:75 - [STDERR_REDIRECT] [Fatal Error] :1:1: Premature end of file.
2025-12-17 11:56:55,319 [ERROR] LogOutputStream:75 - [STDERR_REDIRECT] 
2025-12-17 11:56:56,312 [ERROR] LogOutputStream:75 - [STDERR_REDIRECT] [Fatal Error] :1:1: Premature end of file.
2025-12-17 11:56:56,312 [ERROR] LogOutputStream:75 - [STDERR_REDIRECT] 
2025-12-17 11:56:57,317 [ERROR] LogOutputStream:75 - [STDERR_REDIRECT] [Fatal Error] :1:1: Premature end of file.
2025-12-17 11:56:57,317 [ERROR] LogOutputStream:75 - [STDERR_REDIRECT] 
2025-12-17 11:56:58,323 [ERROR] LogOutputStream:75 - [STDERR_REDIRECT] [Fatal Error] :1:1: Premature end of file.
2025-12-17 11:56:58,323 [ERROR] LogOutputStream:75 - [STDERR_REDIRECT] 
2025-12-17 11:56:59,316 [ERROR] LogOutputStream:75 - [STDERR_REDIRECT] [Fatal Error] :1:1: Premature end of file.
2025-12-17 11:56:59,316 [ERROR] LogOutputStream:75 - [STDERR_REDIRECT] 
2025-12-17 11:57:00,312 [ERROR] LogOutputStream:75 - [STDERR_REDIRECT] [Fatal Error] :1:1: Premature end of file.
2025-12-17 11:57:00,312 [ERROR] LogOutputStream:75 - [STDERR_REDIRECT] 
2025-12-17 11:57:01,309 [ERROR] LogOutputStream:75 - [STDERR_REDIRECT] [Fatal Error] :1:1: Premature end of file.
2025-12-17 11:57:01,309 [ERROR] LogOutputStream:75 - [STDERR_REDIRECT] 
2025-12-17 11:57:02,317 [ERROR] LogOutputStream:75 - [STDERR_REDIRECT] [Fatal Error] :1:1: Premature end of file.
2025-12-17 11:57:02,317 [ERROR] LogOutputStream:75 - [STDERR_REDIRECT] 
2025-12-17 11:57:03,311 [ERROR] LogOutputStream:75 - [STDERR_REDIRECT] [Fatal Error] :1:1: Premature end of file.
2025-12-17 11:57:03,311 [ERROR] LogOutputStream:75 - [STDERR_REDIRECT] 
2025-12-17 11:57:04,317 [ERROR] LogOutputStream:75 - [STDERR_REDIRECT] [Fatal Error] :1:1: Premature end of file.
2025-12-17 11:57:04,317 [ERROR] LogOutputStream:75 - [STDERR_REDIRECT] 
2025-12-17 11:57:05,314 [ERROR] LogOutputStream:75 - [STDERR_REDIRECT] [Fatal Error] :1:1: Premature end of file.
2025-12-17 11:57:05,314 [ERROR] LogOutputStream:75 - [STDERR_REDIRECT] 
2025-12-17 11:57:06,309 [ERROR] LogOutputStream:75 - [STDERR_REDIRECT] [Fatal Error] :1:1: Premature end of file.
2025-12-17 11:57:06,309 [ERROR] LogOutputStream:75 - [STDERR_REDIRECT] 
2025-12-17 11:57:07,324 [ERROR] LogOutputStream:75 - [STDERR_REDIRECT] [Fatal Error] :1:1: Premature end of file.
2025-12-17 11:57:07,325 [ERROR] LogOutputStream:75 - [STDERR_REDIRECT] 
2025-12-17 11:57:08,309 [ERROR] LogOutputStream:75 - [STDERR_REDIRECT] [Fatal Error] :1:1: Premature end of file.
2025-12-17 11:57:08,309 [ERROR] LogOutputStream:75 - [STDERR_REDIRECT] 
2025-12-17 11:57:09,322 [ERROR] LogOutputStream:75 - [STDERR_REDIRECT] [Fatal Error] :1:1: Premature end of file.
2025-12-17 11:57:09,322 [ERROR] LogOutputStream:75 - [STDERR_REDIRECT] 
2025-12-17 11:57:10,315 [ERROR] LogOutputStream:75 - [STDERR_REDIRECT] [Fatal Error] :1:1: Premature end of file.
2025-12-17 11:57:10,315 [ERROR] LogOutputStream:75 - [STDERR_REDIRECT] 
2025-12-17 11:57:11,313 [ERROR] LogOutputStream:75 - [STDERR_REDIRECT] [Fatal Error] :1:1: Premature end of file.
2025-12-17 11:57:11,313 [ERROR] LogOutputStream:75 - [STDERR_REDIRECT] 
2025-12-17 11:57:12,335 [ERROR] LogOutputStream:75 - [STDERR_REDIRECT] [Fatal Error] :1:1: Premature end of file.
2025-12-17 11:57:12,335 [ERROR] LogOutputStream:75 - [STDERR_REDIRECT] 
2025-12-17 11:57:13,317 [ERROR] LogOutputStream:75 - [STDERR_REDIRECT] [Fatal Error] :1:1: Premature end of file.
2025-12-17 11:57:13,317 [ERROR] LogOutputStream:75 - [STDERR_REDIRECT] 
2025-12-17 11:57:14,323 [ERROR] LogOutputStream:75 - [STDERR_REDIRECT] [Fatal Error] :1:1: Premature end of file.
2025-12-17 11:57:14,323 [ERROR] LogOutputStream:75 - [STDERR_REDIRECT] 
2025-12-17 11:57:15,312 [ERROR] LogOutputStream:75 - [STDERR_REDIRECT] [Fatal Error] :1:1: Premature end of file.
2025-12-17 11:57:15,312 [ERROR] LogOutputStream:75 - [STDERR_REDIRECT] 
2025-12-17 11:57:16,311 [ERROR] LogOutputStream:75 - [STDERR_REDIRECT] [Fatal Error] :1:1: Premature end of file.
2025-12-17 11:57:16,311 [ERROR] LogOutputStream:75 - [STDERR_REDIRECT] 
2025-12-17 11:57:17,321 [ERROR] LogOutputStream:75 - [STDERR_REDIRECT] [Fatal Error] :1:1: Premature end of file.
2025-12-17 11:57:17,321 [ERROR] LogOutputStream:75 - [STDERR_REDIRECT] 
2025-12-17 11:57:18,315 [ERROR] LogOutputStream:75 - [STDERR_REDIRECT] [Fatal Error] :1:1: Premature end of file.
2025-12-17 11:57:18,315 [ERROR] LogOutputStream:75 - [STDERR_REDIRECT] 
2025-12-17 11:57:19,312 [ERROR] LogOutputStream:75 - [STDERR_REDIRECT] [Fatal Error] :1:1: Premature end of file.
2025-12-17 11:57:19,312 [ERROR] LogOutputStream:75 - [STDERR_REDIRECT] 
2025-12-17 11:57:20,321 [ERROR] LogOutputStream:75 - [STDERR_REDIRECT] [Fatal Error] :1:1: Premature end of file.
2025-12-17 11:57:20,321 [ERROR] LogOutputStream:75 - [STDERR_REDIRECT] 
2025-12-17 11:57:21,320 [ERROR] LogOutputStream:75 - [STDERR_REDIRECT] [Fatal Error] :1:1: Premature end of file.
2025-12-17 11:57:21,320 [ERROR] LogOutputStream:75 - [STDERR_REDIRECT] 
2025-12-17 11:57:22,312 [ERROR] LogOutputStream:75 - [STDERR_REDIRECT] [Fatal Error] :1:1: Premature end of file.
2025-12-17 11:57:22,312 [ERROR] LogOutputStream:75 - [STDERR_REDIRECT] 
2025-12-17 11:57:23,322 [ERROR] LogOutputStream:75 - [STDERR_REDIRECT] [Fatal Error] :1:1: Premature end of file.
2025-12-17 11:57:23,322 [ERROR] LogOutputStream:75 - [STDERR_REDIRECT] 
2025-12-17 11:57:24,312 [ERROR] LogOutputStream:75 - [STDERR_REDIRECT] [Fatal Error] :1:1: Premature end of file.
2025-12-17 11:57:24,313 [ERROR] LogOutputStream:75 - [STDERR_REDIRECT] 
2025-12-17 11:57:25,323 [ERROR] LogOutputStream:75 - [STDERR_REDIRECT] [Fatal Error] :1:1: Premature end of file.
2025-12-17 11:57:25,323 [ERROR] LogOutputStream:75 - [STDERR_REDIRECT] 
2025-12-17 11:57:26,316 [ERROR] LogOutputStream:75 - [STDERR_REDIRECT] [Fatal Error] :1:1: Premature end of file.
2025-12-17 11:57:26,317 [ERROR] LogOutputStream:75 - [STDERR_REDIRECT] 
2025-12-17 11:57:27,313 [ERROR] LogOutputStream:75 - [STDERR_REDIRECT] [Fatal Error] :1:1: Premature end of file.
2025-12-17 11:57:27,313 [ERROR] LogOutputStream:75 - [STDERR_REDIRECT] 
2025-12-17 11:57:28,324 [ERROR] LogOutputStream:75 - [STDERR_REDIRECT] [Fatal Error] :1:1: Premature end of file.
2025-12-17 11:57:28,324 [ERROR] LogOutputStream:75 - [STDERR_REDIRECT] 
2025-12-17 11:57:29,321 [ERROR] LogOutputStream:75 - [STDERR_REDIRECT] [Fatal Error] :1:1: Premature end of file.
2025-12-17 11:57:29,321 [ERROR] LogOutputStream:75 - [STDERR_REDIRECT] 
2025-12-17 11:57:30,317 [ERROR] LogOutputStream:75 - [STDERR_REDIRECT] [Fatal Error] :1:1: Premature end of file.
2025-12-17 11:57:30,317 [ERROR] LogOutputStream:75 - [STDERR_REDIRECT] 
2025-12-17 11:57:31,314 [ERROR] LogOutputStream:75 - [STDERR_REDIRECT] [Fatal Error] :1:1: Premature end of file.
2025-12-17 11:57:31,314 [ERROR] LogOutputStream:75 - [STDERR_REDIRECT] 
2025-12-17 11:57:32,321 [ERROR] LogOutputStream:75 - [STDERR_REDIRECT] [Fatal Error] :1:1: Premature end of file.
2025-12-17 11:57:32,321 [ERROR] LogOutputStream:75 - [STDERR_REDIRECT] 
2025-12-17 11:57:33,316 [ERROR] LogOutputStream:75 - [STDERR_REDIRECT] [Fatal Error] :1:1: Premature end of file.
2025-12-17 11:57:33,316 [ERROR] LogOutputStream:75 - [STDERR_REDIRECT] 
2025-12-17 11:57:34,320 [ERROR] LogOutputStream:75 - [STDERR_REDIRECT] [Fatal Error] :1:1: Premature end of file.
2025-12-17 11:57:34,320 [ERROR] LogOutputStream:75 - [STDERR_REDIRECT] 
2025-12-17 11:57:35,316 [ERROR] LogOutputStream:75 - [STDERR_REDIRECT] [Fatal Error] :1:1: Premature end of file.
2025-12-17 11:57:35,316 [ERROR] LogOutputStream:75 - [STDERR_REDIRECT] 
2025-12-17 11:57:36,323 [ERROR] LogOutputStream:75 - [STDERR_REDIRECT] [Fatal Error] :1:1: Premature end of file.
2025-12-17 11:57:36,323 [ERROR] LogOutputStream:75 - [STDERR_REDIRECT] 
2025-12-17 11:57:37,320 [ERROR] LogOutputStream:75 - [STDERR_REDIRECT] [Fatal Error] :1:1: Premature end of file.
2025-12-17 11:57:37,320 [ERROR] LogOutputStream:75 - [STDERR_REDIRECT] 
2025-12-17 11:57:38,318 [ERROR] LogOutputStream:75 - [STDERR_REDIRECT] [Fatal Error] :1:1: Premature end of file.
2025-12-17 11:57:38,318 [ERROR] LogOutputStream:75 - [STDERR_REDIRECT] 
2025-12-17 11:57:39,324 [ERROR] LogOutputStream:75 - [STDERR_REDIRECT] [Fatal Error] :1:1: Premature end of file.
2025-12-17 11:57:39,324 [ERROR] LogOutputStream:75 - [STDERR_REDIRECT] 
2025-12-17 11:57:40,319 [ERROR] LogOutputStream:75 - [STDERR_REDIRECT] [Fatal Error] :1:1: Premature end of file.
2025-12-17 11:57:40,319 [ERROR] LogOutputStream:75 - [STDERR_REDIRECT] 
2025-12-17 11:57:41,313 [ERROR] LogOutputStream:75 - [STDERR_REDIRECT] [Fatal Error] :1:1: Premature end of file.
2025-12-17 11:57:41,313 [ERROR] LogOutputStream:75 - [STDERR_REDIRECT] 
2025-12-17 11:57:42,322 [ERROR] LogOutputStream:75 - [STDERR_REDIRECT] [Fatal Error] :1:1: Premature end of file.
2025-12-17 11:57:42,322 [ERROR] LogOutputStream:75 - [STDERR_REDIRECT] 
2025-12-17 11:57:43,318 [ERROR] LogOutputStream:75 - [STDERR_REDIRECT] [Fatal Error] :1:1: Premature end of file.
2025-12-17 11:57:43,318 [ERROR] LogOutputStream:75 - [STDERR_REDIRECT] 
2025-12-17 11:57:44,312 [ERROR] LogOutputStream:75 - [STDERR_REDIRECT] [Fatal Error] :1:1: Premature end of file.
2025-12-17 11:57:44,312 [ERROR] LogOutputStream:75 - [STDERR_REDIRECT] 
2025-12-17 11:57:45,318 [ERROR] LogOutputStream:75 - [STDERR_REDIRECT] [Fatal Error] :1:1: Premature end of file.
2025-12-17 11:57:45,318 [ERROR] LogOutputStream:75 - [STDERR_REDIRECT] 
2025-12-17 11:57:46,314 [ERROR] LogOutputStream:75 - [STDERR_REDIRECT] [Fatal Error] :1:1: Premature end of file.
2025-12-17 11:57:46,314 [ERROR] LogOutputStream:75 - [STDERR_REDIRECT] 
2025-12-17 11:57:47,328 [ERROR] LogOutputStream:75 - [STDERR_REDIRECT] [Fatal Error] :1:1: Premature end of file.
2025-12-17 11:57:47,328 [ERROR] LogOutputStream:75 - [STDERR_REDIRECT] 
2025-12-17 11:57:48,320 [ERROR] LogOutputStream:75 - [STDERR_REDIRECT] [Fatal Error] :1:1: Premature end of file.
2025-12-17 11:57:48,320 [ERROR] LogOutputStream:75 - [STDERR_REDIRECT] 
2025-12-17 11:57:49,311 [ERROR] LogOutputStream:75 - [STDERR_REDIRECT] [Fatal Error] :1:1: Premature end of file.
2025-12-17 11:57:49,311 [ERROR] LogOutputStream:75 - [STDERR_REDIRECT] 
2025-12-17 11:57:50,321 [ERROR] LogOutputStream:75 - [STDERR_REDIRECT] [Fatal Error] :1:1: Premature end of file.
2025-12-17 11:57:50,321 [ERROR] LogOutputStream:75 - [STDERR_REDIRECT] 
2025-12-17 11:57:51,312 [ERROR] LogOutputStream:75 - [STDERR_REDIRECT] [Fatal Error] :1:1: Premature end of file.
2025-12-17 11:57:51,313 [ERROR] LogOutputStream:75 - [STDERR_REDIRECT] 
2025-12-17 11:57:52,309 [ERROR] LogOutputStream:75 - [STDERR_REDIRECT] [Fatal Error] :1:1: Premature end of file.
2025-12-17 11:57:52,309 [ERROR] LogOutputStream:75 - [STDERR_REDIRECT] 
2025-12-17 11:57:53,315 [ERROR] LogOutputStream:75 - [STDERR_REDIRECT] [Fatal Error] :1:1: Premature end of file.
2025-12-17 11:57:53,315 [ERROR] LogOutputStream:75 - [STDERR_REDIRECT] 
2025-12-17 11:57:54,315 [ERROR] LogOutputStream:75 - [STDERR_REDIRECT] [Fatal Error] :1:1: Premature end of file.
2025-12-17 11:57:54,315 [ERROR] LogOutputStream:75 - [STDERR_REDIRECT] 
2025-12-17 11:57:55,311 [ERROR] LogOutputStream:75 - [STDERR_REDIRECT] [Fatal Error] :1:1: Premature end of file.
2025-12-17 11:57:55,311 [ERROR] LogOutputStream:75 - [STDERR_REDIRECT] 
2025-12-17 11:57:56,322 [ERROR] LogOutputStream:75 - [STDERR_REDIRECT] [Fatal Error] :1:1: Premature end of file.
2025-12-17 11:57:56,322 [ERROR] LogOutputStream:75 - [STDERR_REDIRECT] 
2025-12-17 11:57:57,311 [ERROR] LogOutputStream:75 - [STDERR_REDIRECT] [Fatal Error] :1:1: Premature end of file.
2025-12-17 11:57:57,311 [ERROR] LogOutputStream:75 - [STDERR_REDIRECT] 
2025-12-17 11:57:58,316 [ERROR] LogOutputStream:75 - [STDERR_REDIRECT] [Fatal Error] :1:1: Premature end of file.
2025-12-17 11:57:58,317 [ERROR] LogOutputStream:75 - [STDERR_REDIRECT] 
2025-12-17 11:57:59,322 [ERROR] LogOutputStream:75 - [STDERR_REDIRECT] [Fatal Error] :1:1: Premature end of file.
2025-12-17 11:57:59,323 [ERROR] LogOutputStream:75 - [STDERR_REDIRECT] 
2025-12-17 11:58:00,316 [ERROR] LogOutputStream:75 - [STDERR_REDIRECT] [Fatal Error] :1:1: Premature end of file.
2025-12-17 11:58:00,316 [ERROR] LogOutputStream:75 - [STDERR_REDIRECT] 
2025-12-17 11:58:01,321 [ERROR] LogOutputStream:75 - [STDERR_REDIRECT] [Fatal Error] :1:1: Premature end of file.
2025-12-17 11:58:01,321 [ERROR] LogOutputStream:75 - [STDERR_REDIRECT] 
2025-12-17 11:58:02,318 [ERROR] LogOutputStream:75 - [STDERR_REDIRECT] [Fatal Error] :1:1: Premature end of file.
2025-12-17 11:58:02,318 [ERROR] LogOutputStream:75 - [STDERR_REDIRECT] 
2025-12-17 11:58:03,314 [ERROR] LogOutputStream:75 - [STDERR_REDIRECT] [Fatal Error] :1:1: Premature end of file.
2025-12-17 11:58:03,314 [ERROR] LogOutputStream:75 - [STDERR_REDIRECT] 
2025-12-17 11:58:04,316 [ERROR] LogOutputStream:75 - [STDERR_REDIRECT] [Fatal Error] :1:1: Premature end of file.
2025-12-17 11:58:04,316 [ERROR] LogOutputStream:75 - [STDERR_REDIRECT] 
2025-12-17 11:58:05,314 [ERROR] LogOutputStream:75 - [STDERR_REDIRECT] [Fatal Error] :1:1: Premature end of file.
2025-12-17 11:58:05,314 [ERROR] LogOutputStream:75 - [STDERR_REDIRECT] 
2025-12-17 11:58:06,320 [ERROR] LogOutputStream:75 - [STDERR_REDIRECT] [Fatal Error] :1:1: Premature end of file.
2025-12-17 11:58:06,320 [ERROR] LogOutputStream:75 - [STDERR_REDIRECT] 
2025-12-17 11:58:07,313 [ERROR] LogOutputStream:75 - [STDERR_REDIRECT] [Fatal Error] :1:1: Premature end of file.
2025-12-17 11:58:07,313 [ERROR] LogOutputStream:75 - [STDERR_REDIRECT] 
2025-12-17 11:58:08,318 [ERROR] LogOutputStream:75 - [STDERR_REDIRECT] [Fatal Error] :1:1: Premature end of file.
2025-12-17 11:58:08,318 [ERROR] LogOutputStream:75 - [STDERR_REDIRECT] 
2025-12-17 11:58:09,315 [ERROR] LogOutputStream:75 - [STDERR_REDIRECT] [Fatal Error] :1:1: Premature end of file.
2025-12-17 11:58:09,315 [ERROR] LogOutputStream:75 - [STDERR_REDIRECT] 
2025-12-17 11:58:10,321 [ERROR] LogOutputStream:75 - [STDERR_REDIRECT] [Fatal Error] :1:1: Premature end of file.
2025-12-17 11:58:10,322 [ERROR] LogOutputStream:75 - [STDERR_REDIRECT] 
2025-12-17 11:58:11,316 [ERROR] LogOutputStream:75 - [STDERR_REDIRECT] [Fatal Error] :1:1: Premature end of file.
2025-12-17 11:58:11,317 [ERROR] LogOutputStream:75 - [STDERR_REDIRECT] 
2025-12-17 11:58:12,312 [ERROR] LogOutputStream:75 - [STDERR_REDIRECT] [Fatal Error] :1:1: Premature end of file.
2025-12-17 11:58:12,312 [ERROR] LogOutputStream:75 - [STDERR_REDIRECT] 
2025-12-17 11:58:13,310 [ERROR] LogOutputStream:75 - [STDERR_REDIRECT] [Fatal Error] :1:1: Premature end of file.
2025-12-17 11:58:13,310 [ERROR] LogOutputStream:75 - [STDERR_REDIRECT] 
2025-12-17 11:58:14,317 [ERROR] LogOutputStream:75 - [STDERR_REDIRECT] [Fatal Error] :1:1: Premature end of file.
2025-12-17 11:58:14,317 [ERROR] LogOutputStream:75 - [STDERR_REDIRECT] 
2025-12-17 11:58:15,313 [ERROR] LogOutputStream:75 - [STDERR_REDIRECT] [Fatal Error] :1:1: Premature end of file.
2025-12-17 11:58:15,313 [ERROR] LogOutputStream:75 - [STDERR_REDIRECT] 
2025-12-17 11:58:16,321 [ERROR] LogOutputStream:75 - [STDERR_REDIRECT] [Fatal Error] :1:1: Premature end of file.
2025-12-17 11:58:16,321 [ERROR] LogOutputStream:75 - [STDERR_REDIRECT] 
2025-12-17 11:58:17,314 [ERROR] LogOutputStream:75 - [STDERR_REDIRECT] [Fatal Error] :1:1: Premature end of file.
2025-12-17 11:58:17,314 [ERROR] LogOutputStream:75 - [STDERR_REDIRECT] 
2025-12-17 11:58:18,320 [ERROR] LogOutputStream:75 - [STDERR_REDIRECT] [Fatal Error] :1:1: Premature end of file.
2025-12-17 11:58:18,320 [ERROR] LogOutputStream:75 - [STDERR_REDIRECT] 
2025-12-17 11:58:19,313 [ERROR] LogOutputStream:75 - [STDERR_REDIRECT] [Fatal Error] :1:1: Premature end of file.
2025-12-17 11:58:19,313 [ERROR] LogOutputStream:75 - [STDERR_REDIRECT] 
2025-12-17 11:58:20,318 [ERROR] LogOutputStream:75 - [STDERR_REDIRECT] [Fatal Error] :1:1: Premature end of file.
2025-12-17 11:58:20,318 [ERROR] LogOutputStream:75 - [STDERR_REDIRECT] 
2025-12-17 11:58:21,309 [ERROR] LogOutputStream:75 - [STDERR_REDIRECT] [Fatal Error] :1:1: Premature end of file.
2025-12-17 11:58:21,309 [ERROR] LogOutputStream:75 - [STDERR_REDIRECT] 
2025-12-17 11:58:22,323 [ERROR] LogOutputStream:75 - [STDERR_REDIRECT] [Fatal Error] :1:1: Premature end of file.
2025-12-17 11:58:22,323 [ERROR] LogOutputStream:75 - [STDERR_REDIRECT] 
2025-12-17 11:58:23,316 [ERROR] LogOutputStream:75 - [STDERR_REDIRECT] [Fatal Error] :1:1: Premature end of file.
2025-12-17 11:58:23,316 [ERROR] LogOutputStream:75 - [STDERR_REDIRECT] 
2025-12-17 11:58:24,317 [ERROR] LogOutputStream:75 - [STDERR_REDIRECT] [Fatal Error] :1:1: Premature end of file.
2025-12-17 11:58:24,317 [ERROR] LogOutputStream:75 - [STDERR_REDIRECT] 
2025-12-17 11:58:25,322 [ERROR] LogOutputStream:75 - [STDERR_REDIRECT] [Fatal Error] :1:1: Premature end of file.
2025-12-17 11:58:25,322 [ERROR] LogOutputStream:75 - [STDERR_REDIRECT] 
2025-12-17 11:58:26,317 [ERROR] LogOutputStream:75 - [STDERR_REDIRECT] [Fatal Error] :1:1: Premature end of file.
2025-12-17 11:58:26,317 [ERROR] LogOutputStream:75 - [STDERR_REDIRECT] 
2025-12-17 11:58:27,323 [ERROR] LogOutputStream:75 - [STDERR_REDIRECT] [Fatal Error] :1:1: Premature end of file.
2025-12-17 11:58:27,323 [ERROR] LogOutputStream:75 - [STDERR_REDIRECT] 
2025-12-17 11:58:28,313 [ERROR] LogOutputStream:75 - [STDERR_REDIRECT] [Fatal Error] :1:1: Premature end of file.
2025-12-17 11:58:28,313 [ERROR] LogOutputStream:75 - [STDERR_REDIRECT] 
2025-12-17 11:58:29,322 [ERROR] LogOutputStream:75 - [STDERR_REDIRECT] [Fatal Error] :1:1: Premature end of file.
2025-12-17 11:58:29,322 [ERROR] LogOutputStream:75 - [STDERR_REDIRECT] 
2025-12-17 11:58:30,317 [ERROR] LogOutputStream:75 - [STDERR_REDIRECT] [Fatal Error] :1:1: Premature end of file.
2025-12-17 11:58:30,317 [ERROR] LogOutputStream:75 - [STDERR_REDIRECT] 
2025-12-17 11:58:31,310 [ERROR] LogOutputStream:75 - [STDERR_REDIRECT] [Fatal Error] :1:1: Premature end of file.
2025-12-17 11:58:31,310 [ERROR] LogOutputStream:75 - [STDERR_REDIRECT] 
2025-12-17 11:58:32,319 [ERROR] LogOutputStream:75 - [STDERR_REDIRECT] [Fatal Error] :1:1: Premature end of file.
2025-12-17 11:58:32,319 [ERROR] LogOutputStream:75 - [STDERR_REDIRECT] 
2025-12-17 11:58:33,314 [ERROR] LogOutputStream:75 - [STDERR_REDIRECT] [Fatal Error] :1:1: Premature end of file.
2025-12-17 11:58:33,314 [ERROR] LogOutputStream:75 - [STDERR_REDIRECT] 
2025-12-17 11:58:34,311 [ERROR] LogOutputStream:75 - [STDERR_REDIRECT] [Fatal Error] :1:1: Premature end of file.
2025-12-17 11:58:34,311 [ERROR] LogOutputStream:75 - [STDERR_REDIRECT] 
2025-12-17 11:58:35,310 [ERROR] LogOutputStream:75 - [STDERR_REDIRECT] [Fatal Error] :1:1: Premature end of file.
2025-12-17 11:58:35,311 [ERROR] LogOutputStream:75 - [STDERR_REDIRECT] 
2025-12-17 11:58:36,321 [ERROR] LogOutputStream:75 - [STDERR_REDIRECT] [Fatal Error] :1:1: Premature end of file.
2025-12-17 11:58:36,321 [ERROR] LogOutputStream:75 - [STDERR_REDIRECT] 
2025-12-17 11:58:37,317 [ERROR] LogOutputStream:75 - [STDERR_REDIRECT] [Fatal Error] :1:1: Premature end of file.
2025-12-17 11:58:37,317 [ERROR] LogOutputStream:75 - [STDERR_REDIRECT] 
2025-12-17 11:58:38,309 [ERROR] LogOutputStream:75 - [STDERR_REDIRECT] [Fatal Error] :1:1: Premature end of file.
2025-12-17 11:58:38,309 [ERROR] LogOutputStream:75 - [STDERR_REDIRECT] 
2025-12-17 11:58:39,327 [ERROR] LogOutputStream:75 - [STDERR_REDIRECT] [Fatal Error] :1:1: Premature end of file.
2025-12-17 11:58:39,327 [ERROR] LogOutputStream:75 - [STDERR_REDIRECT] 
2025-12-17 11:58:40,317 [ERROR] LogOutputStream:75 - [STDERR_REDIRECT] [Fatal Error] :1:1: Premature end of file.
2025-12-17 11:58:40,317 [ERROR] LogOutputStream:75 - [STDERR_REDIRECT] 
2025-12-17 11:58:41,317 [ERROR] LogOutputStream:75 - [STDERR_REDIRECT] [Fatal Error] :1:1: Premature end of file.
2025-12-17 11:58:41,317 [ERROR] LogOutputStream:75 - [STDERR_REDIRECT] 
2025-12-17 11:58:42,326 [ERROR] LogOutputStream:75 - [STDERR_REDIRECT] [Fatal Error] :1:1: Premature end of file.
2025-12-17 11:58:42,326 [ERROR] LogOutputStream:75 - [STDERR_REDIRECT] 
2025-12-17 11:58:43,317 [ERROR] LogOutputStream:75 - [STDERR_REDIRECT] [Fatal Error] :1:1: Premature end of file.
2025-12-17 11:58:43,317 [ERROR] LogOutputStream:75 - [STDERR_REDIRECT] 
2025-12-17 11:58:44,334 [ERROR] LogOutputStream:75 - [STDERR_REDIRECT] [Fatal Error] :1:1: Premature end of file.
2025-12-17 11:58:44,334 [ERROR] LogOutputStream:75 - [STDERR_REDIRECT] 
2025-12-17 11:58:45,319 [ERROR] LogOutputStream:75 - [STDERR_REDIRECT] [Fatal Error] :1:1: Premature end of file.
2025-12-17 11:58:45,319 [ERROR] LogOutputStream:75 - [STDERR_REDIRECT] 
2025-12-17 11:58:46,316 [ERROR] LogOutputStream:75 - [STDERR_REDIRECT] [Fatal Error] :1:1: Premature end of file.
2025-12-17 11:58:46,316 [ERROR] LogOutputStream:75 - [STDERR_REDIRECT] 
2025-12-17 11:58:47,310 [ERROR] LogOutputStream:75 - [STDERR_REDIRECT] [Fatal Error] :1:1: Premature end of file.
2025-12-17 11:58:47,310 [ERROR] LogOutputStream:75 - [STDERR_REDIRECT] 
2025-12-17 11:58:48,310 [ERROR] LogOutputStream:75 - [STDERR_REDIRECT] [Fatal Error] :1:1: Premature end of file.
2025-12-17 11:58:48,310 [ERROR] LogOutputStream:75 - [STDERR_REDIRECT] 
2025-12-17 11:58:49,316 [ERROR] LogOutputStream:75 - [STDERR_REDIRECT] [Fatal Error] :1:1: Premature end of file.
2025-12-17 11:58:49,317 [ERROR] LogOutputStream:75 - [STDERR_REDIRECT] 
2025-12-17 11:58:50,314 [ERROR] LogOutputStream:75 - [STDERR_REDIRECT] [Fatal Error] :1:1: Premature end of file.
2025-12-17 11:58:50,314 [ERROR] LogOutputStream:75 - [STDERR_REDIRECT] 
2025-12-17 11:58:51,314 [ERROR] LogOutputStream:75 - [STDERR_REDIRECT] [Fatal Error] :1:1: Premature end of file.
2025-12-17 11:58:51,314 [ERROR] LogOutputStream:75 - [STDERR_REDIRECT] 
2025-12-17 11:58:52,317 [ERROR] LogOutputStream:75 - [STDERR_REDIRECT] [Fatal Error] :1:1: Premature end of file.
2025-12-17 11:58:52,318 [ERROR] LogOutputStream:75 - [STDERR_REDIRECT] 
2025-12-17 11:58:53,313 [ERROR] LogOutputStream:75 - [STDERR_REDIRECT] [Fatal Error] :1:1: Premature end of file.
2025-12-17 11:58:53,313 [ERROR] LogOutputStream:75 - [STDERR_REDIRECT] 
2025-12-17 11:58:54,321 [ERROR] LogOutputStream:75 - [STDERR_REDIRECT] [Fatal Error] :1:1: Premature end of file.
2025-12-17 11:58:54,321 [ERROR] LogOutputStream:75 - [STDERR_REDIRECT] 
2025-12-17 11:58:55,323 [ERROR] LogOutputStream:75 - [STDERR_REDIRECT] [Fatal Error] :1:1: Premature end of file.
2025-12-17 11:58:55,323 [ERROR] LogOutputStream:75 - [STDERR_REDIRECT] 
2025-12-17 11:58:56,321 [ERROR] LogOutputStream:75 - [STDERR_REDIRECT] [Fatal Error] :1:1: Premature end of file.
2025-12-17 11:58:56,321 [ERROR] LogOutputStream:75 - [STDERR_REDIRECT] 
2025-12-17 11:58:57,314 [ERROR] LogOutputStream:75 - [STDERR_REDIRECT] [Fatal Error] :1:1: Premature end of file.
2025-12-17 11:58:57,314 [ERROR] LogOutputStream:75 - [STDERR_REDIRECT] 
2025-12-17 11:58:58,321 [ERROR] LogOutputStream:75 - [STDERR_REDIRECT] [Fatal Error] :1:1: Premature end of file.
2025-12-17 11:58:58,321 [ERROR] LogOutputStream:75 - [STDERR_REDIRECT] 
2025-12-17 11:58:59,354 [ERROR] LogOutputStream:75 - [STDERR_REDIRECT] [Fatal Error] :1:1: Premature end of file.
2025-12-17 11:58:59,354 [ERROR] LogOutputStream:75 - [STDERR_REDIRECT] 
2025-12-17 11:59:00,319 [ERROR] LogOutputStream:75 - [STDERR_REDIRECT] [Fatal Error] :1:1: Premature end of file.
2025-12-17 11:59:00,319 [ERROR] LogOutputStream:75 - [STDERR_REDIRECT] 
2025-12-17 11:59:01,325 [ERROR] LogOutputStream:75 - [STDERR_REDIRECT] [Fatal Error] :1:1: Premature end of file.
2025-12-17 11:59:01,326 [ERROR] LogOutputStream:75 - [STDERR_REDIRECT] 
2025-12-17 11:59:02,318 [ERROR] LogOutputStream:75 - [STDERR_REDIRECT] [Fatal Error] :1:1: Premature end of file.
2025-12-17 11:59:02,318 [ERROR] LogOutputStream:75 - [STDERR_REDIRECT] 
2025-12-17 11:59:03,314 [ERROR] LogOutputStream:75 - [STDERR_REDIRECT] [Fatal Error] :1:1: Premature end of file.
2025-12-17 11:59:03,314 [ERROR] LogOutputStream:75 - [STDERR_REDIRECT] 
2025-12-17 11:59:04,318 [ERROR] LogOutputStream:75 - [STDERR_REDIRECT] [Fatal Error] :1:1: Premature end of file.
2025-12-17 11:59:04,318 [ERROR] LogOutputStream:75 - [STDERR_REDIRECT] 
2025-12-17 11:59:05,315 [ERROR] LogOutputStream:75 - [STDERR_REDIRECT] [Fatal Error] :1:1: Premature end of file.
2025-12-17 11:59:05,316 [ERROR] LogOutputStream:75 - [STDERR_REDIRECT] 
2025-12-17 11:59:06,321 [ERROR] LogOutputStream:75 - [STDERR_REDIRECT] [Fatal Error] :1:1: Premature end of file.
2025-12-17 11:59:06,321 [ERROR] LogOutputStream:75 - [STDERR_REDIRECT] 
2025-12-17 11:59:07,312 [ERROR] LogOutputStream:75 - [STDERR_REDIRECT] [Fatal Error] :1:1: Premature end of file.
2025-12-17 11:59:07,313 [ERROR] LogOutputStream:75 - [STDERR_REDIRECT] 
2025-12-17 11:59:08,319 [ERROR] LogOutputStream:75 - [STDERR_REDIRECT] [Fatal Error] :1:1: Premature end of file.
2025-12-17 11:59:08,320 [ERROR] LogOutputStream:75 - [STDERR_REDIRECT] 
2025-12-17 11:59:09,314 [ERROR] LogOutputStream:75 - [STDERR_REDIRECT] [Fatal Error] :1:1: Premature end of file.
2025-12-17 11:59:09,314 [ERROR] LogOutputStream:75 - [STDERR_REDIRECT] 
2025-12-17 11:59:10,319 [ERROR] LogOutputStream:75 - [STDERR_REDIRECT] [Fatal Error] :1:1: Premature end of file.
2025-12-17 11:59:10,319 [ERROR] LogOutputStream:75 - [STDERR_REDIRECT] 
2025-12-17 11:59:11,316 [ERROR] LogOutputStream:75 - [STDERR_REDIRECT] [Fatal Error] :1:1: Premature end of file.
2025-12-17 11:59:11,316 [ERROR] LogOutputStream:75 - [STDERR_REDIRECT] 
2025-12-17 11:59:12,322 [ERROR] LogOutputStream:75 - [STDERR_REDIRECT] [Fatal Error] :1:1: Premature end of file.
2025-12-17 11:59:12,322 [ERROR] LogOutputStream:75 - [STDERR_REDIRECT] 
2025-12-17 11:59:13,338 [ERROR] LogOutputStream:75 - [STDERR_REDIRECT] [Fatal Error] :1:1: Premature end of file.
2025-12-17 11:59:13,338 [ERROR] LogOutputStream:75 - [STDERR_REDIRECT] 
2025-12-17 11:59:14,338 [ERROR] LogOutputStream:75 - [STDERR_REDIRECT] [Fatal Error] :1:1: Premature end of file.
2025-12-17 11:59:14,339 [ERROR] LogOutputStream:75 - [STDERR_REDIRECT] 
2025-12-17 11:59:15,359 [ERROR] LogOutputStream:75 - [STDERR_REDIRECT] [Fatal Error] :1:1: Premature end of file.
2025-12-17 11:59:15,359 [ERROR] LogOutputStream:75 - [STDERR_REDIRECT] 
2025-12-17 11:59:16,329 [ERROR] LogOutputStream:75 - [STDERR_REDIRECT] [Fatal Error] :1:1: Premature end of file.
2025-12-17 11:59:16,329 [ERROR] LogOutputStream:75 - [STDERR_REDIRECT] 
2025-12-17 11:59:17,330 [ERROR] LogOutputStream:75 - [STDERR_REDIRECT] [Fatal Error] :1:1: Premature end of file.
2025-12-17 11:59:17,330 [ERROR] LogOutputStream:75 - [STDERR_REDIRECT] 
2025-12-17 11:59:18,316 [ERROR] LogOutputStream:75 - [STDERR_REDIRECT] [Fatal Error] :1:1: Premature end of file.
2025-12-17 11:59:18,316 [ERROR] LogOutputStream:75 - [STDERR_REDIRECT] 
2025-12-17 11:59:19,325 [ERROR] LogOutputStream:75 - [STDERR_REDIRECT] [Fatal Error] :1:1: Premature end of file.
2025-12-17 11:59:19,325 [ERROR] LogOutputStream:75 - [STDERR_REDIRECT] 
2025-12-17 11:59:20,317 [ERROR] LogOutputStream:75 - [STDERR_REDIRECT] [Fatal Error] :1:1: Premature end of file.
2025-12-17 11:59:20,317 [ERROR] LogOutputStream:75 - [STDERR_REDIRECT] 
2025-12-17 11:59:21,323 [ERROR] LogOutputStream:75 - [STDERR_REDIRECT] [Fatal Error] :1:1: Premature end of file.
2025-12-17 11:59:21,323 [ERROR] LogOutputStream:75 - [STDERR_REDIRECT] 
2025-12-17 11:59:22,315 [ERROR] LogOutputStream:75 - [STDERR_REDIRECT] [Fatal Error] :1:1: Premature end of file.
2025-12-17 11:59:22,316 [ERROR] LogOutputStream:75 - [STDERR_REDIRECT] 
2025-12-17 11:59:23,315 [ERROR] LogOutputStream:75 - [STDERR_REDIRECT] [Fatal Error] :1:1: Premature end of file.
2025-12-17 11:59:23,315 [ERROR] LogOutputStream:75 - [STDERR_REDIRECT] 
2025-12-17 11:59:24,323 [ERROR] LogOutputStream:75 - [STDERR_REDIRECT] [Fatal Error] :1:1: Premature end of file.
2025-12-17 11:59:24,323 [ERROR] LogOutputStream:75 - [STDERR_REDIRECT] 
2025-12-17 11:59:25,315 [ERROR] LogOutputStream:75 - [STDERR_REDIRECT] [Fatal Error] :1:1: Premature end of file.
2025-12-17 11:59:25,315 [ERROR] LogOutputStream:75 - [STDERR_REDIRECT] 
2025-12-17 11:59:26,321 [ERROR] LogOutputStream:75 - [STDERR_REDIRECT] [Fatal Error] :1:1: Premature end of file.
2025-12-17 11:59:26,321 [ERROR] LogOutputStream:75 - [STDERR_REDIRECT] 
2025-12-17 11:59:27,312 [ERROR] LogOutputStream:75 - [STDERR_REDIRECT] [Fatal Error] :1:1: Premature end of file.
2025-12-17 11:59:27,312 [ERROR] LogOutputStream:75 - [STDERR_REDIRECT] 
2025-12-17 11:59:28,324 [ERROR] LogOutputStream:75 - [STDERR_REDIRECT] [Fatal Error] :1:1: Premature end of file.
2025-12-17 11:59:28,324 [ERROR] LogOutputStream:75 - [STDERR_REDIRECT] 
2025-12-17 11:59:29,313 [ERROR] LogOutputStream:75 - [STDERR_REDIRECT] [Fatal Error] :1:1: Premature end of file.
2025-12-17 11:59:29,313 [ERROR] LogOutputStream:75 - [STDERR_REDIRECT] 
2025-12-17 11:59:30,320 [ERROR] LogOutputStream:75 - [STDERR_REDIRECT] [Fatal Error] :1:1: Premature end of file.
2025-12-17 11:59:30,320 [ERROR] LogOutputStream:75 - [STDERR_REDIRECT] 
2025-12-17 11:59:31,325 [ERROR] LogOutputStream:75 - [STDERR_REDIRECT] [Fatal Error] :1:1: Premature end of file.
2025-12-17 11:59:31,325 [ERROR] LogOutputStream:75 - [STDERR_REDIRECT] 
2025-12-17 11:59:32,324 [ERROR] LogOutputStream:75 - [STDERR_REDIRECT] [Fatal Error] :1:1: Premature end of file.
2025-12-17 11:59:32,324 [ERROR] LogOutputStream:75 - [STDERR_REDIRECT] 
2025-12-17 11:59:33,326 [ERROR] LogOutputStream:75 - [STDERR_REDIRECT] [Fatal Error] :1:1: Premature end of file.
2025-12-17 11:59:33,326 [ERROR] LogOutputStream:75 - [STDERR_REDIRECT] 
2025-12-17 11:59:34,317 [ERROR] LogOutputStream:75 - [STDERR_REDIRECT] [Fatal Error] :1:1: Premature end of file.
2025-12-17 11:59:34,317 [ERROR] LogOutputStream:75 - [STDERR_REDIRECT] 
2025-12-17 11:59:35,318 [ERROR] LogOutputStream:75 - [STDERR_REDIRECT] [Fatal Error] :1:1: Premature end of file.
2025-12-17 11:59:35,318 [ERROR] LogOutputStream:75 - [STDERR_REDIRECT] 
2025-12-17 11:59:36,315 [ERROR] LogOutputStream:75 - [STDERR_REDIRECT] [Fatal Error] :1:1: Premature end of file.
2025-12-17 11:59:36,315 [ERROR] LogOutputStream:75 - [STDERR_REDIRECT] 
2025-12-17 11:59:37,318 [ERROR] LogOutputStream:75 - [STDERR_REDIRECT] [Fatal Error] :1:1: Premature end of file.
2025-12-17 11:59:37,319 [ERROR] LogOutputStream:75 - [STDERR_REDIRECT] 
2025-12-17 11:59:38,325 [ERROR] LogOutputStream:75 - [STDERR_REDIRECT] [Fatal Error] :1:1: Premature end of file.
2025-12-17 11:59:38,325 [ERROR] LogOutputStream:75 - [STDERR_REDIRECT] 
2025-12-17 11:59:39,313 [ERROR] LogOutputStream:75 - [STDERR_REDIRECT] [Fatal Error] :1:1: Premature end of file.
2025-12-17 11:59:39,313 [ERROR] LogOutputStream:75 - [STDERR_REDIRECT] 
2025-12-17 11:59:40,321 [ERROR] LogOutputStream:75 - [STDERR_REDIRECT] [Fatal Error] :1:1: Premature end of file.
2025-12-17 11:59:40,321 [ERROR] LogOutputStream:75 - [STDERR_REDIRECT] 
2025-12-17 11:59:41,323 [ERROR] LogOutputStream:75 - [STDERR_REDIRECT] [Fatal Error] :1:1: Premature end of file.
2025-12-17 11:59:41,323 [ERROR] LogOutputStream:75 - [STDERR_REDIRECT] 
2025-12-17 11:59:42,318 [ERROR] LogOutputStream:75 - [STDERR_REDIRECT] [Fatal Error] :1:1: Premature end of file.
2025-12-17 11:59:42,318 [ERROR] LogOutputStream:75 - [STDERR_REDIRECT] 
2025-12-17 11:59:43,325 [ERROR] LogOutputStream:75 - [STDERR_REDIRECT] [Fatal Error] :1:1: Premature end of file.
2025-12-17 11:59:43,325 [ERROR] LogOutputStream:75 - [STDERR_REDIRECT] 
2025-12-17 11:59:44,326 [ERROR] LogOutputStream:75 - [STDERR_REDIRECT] [Fatal Error] :1:1: Premature end of file.
2025-12-17 11:59:44,326 [ERROR] LogOutputStream:75 - [STDERR_REDIRECT] 
2025-12-17 11:59:45,317 [ERROR] LogOutputStream:75 - [STDERR_REDIRECT] [Fatal Error] :1:1: Premature end of file.
2025-12-17 11:59:45,317 [ERROR] LogOutputStream:75 - [STDERR_REDIRECT] 
2025-12-17 11:59:46,314 [ERROR] LogOutputStream:75 - [STDERR_REDIRECT] [Fatal Error] :1:1: Premature end of file.
2025-12-17 11:59:46,315 [ERROR] LogOutputStream:75 - [STDERR_REDIRECT] 
2025-12-17 11:59:47,326 [ERROR] LogOutputStream:75 - [STDERR_REDIRECT] [Fatal Error] :1:1: Premature end of file.
2025-12-17 11:59:47,326 [ERROR] LogOutputStream:75 - [STDERR_REDIRECT] 
2025-12-17 11:59:48,323 [ERROR] LogOutputStream:75 - [STDERR_REDIRECT] [Fatal Error] :1:1: Premature end of file.
2025-12-17 11:59:48,323 [ERROR] LogOutputStream:75 - [STDERR_REDIRECT] 
2025-12-17 11:59:49,316 [ERROR] LogOutputStream:75 - [STDERR_REDIRECT] [Fatal Error] :1:1: Premature end of file.
2025-12-17 11:59:49,316 [ERROR] LogOutputStream:75 - [STDERR_REDIRECT] 
2025-12-17 11:59:50,326 [ERROR] LogOutputStream:75 - [STDERR_REDIRECT] [Fatal Error] :1:1: Premature end of file.
2025-12-17 11:59:50,326 [ERROR] LogOutputStream:75 - [STDERR_REDIRECT] 
2025-12-17 11:59:51,325 [ERROR] LogOutputStream:75 - [STDERR_REDIRECT] [Fatal Error] :1:1: Premature end of file.
2025-12-17 11:59:51,325 [ERROR] LogOutputStream:75 - [STDERR_REDIRECT] 
2025-12-17 11:59:52,316 [ERROR] LogOutputStream:75 - [STDERR_REDIRECT] [Fatal Error] :1:1: Premature end of file.
2025-12-17 11:59:52,316 [ERROR] LogOutputStream:75 - [STDERR_REDIRECT] 
2025-12-17 11:59:53,313 [ERROR] LogOutputStream:75 - [STDERR_REDIRECT] [Fatal Error] :1:1: Premature end of file.
2025-12-17 11:59:53,313 [ERROR] LogOutputStream:75 - [STDERR_REDIRECT] 
2025-12-17 11:59:54,323 [ERROR] LogOutputStream:75 - [STDERR_REDIRECT] [Fatal Error] :1:1: Premature end of file.
2025-12-17 11:59:54,324 [ERROR] LogOutputStream:75 - [STDERR_REDIRECT] 
2025-12-17 11:59:55,316 [ERROR] LogOutputStream:75 - [STDERR_REDIRECT] [Fatal Error] :1:1: Premature end of file.
2025-12-17 11:59:55,317 [ERROR] LogOutputStream:75 - [STDERR_REDIRECT] 
2025-12-17 11:59:56,326 [ERROR] LogOutputStream:75 - [STDERR_REDIRECT] [Fatal Error] :1:1: Premature end of file.
2025-12-17 11:59:56,326 [ERROR] LogOutputStream:75 - [STDERR_REDIRECT] 
2025-12-17 11:59:57,323 [ERROR] LogOutputStream:75 - [STDERR_REDIRECT] [Fatal Error] :1:1: Premature end of file.
2025-12-17 11:59:57,323 [ERROR] LogOutputStream:75 - [STDERR_REDIRECT] 
2025-12-17 11:59:58,317 [ERROR] LogOutputStream:75 - [STDERR_REDIRECT] [Fatal Error] :1:1: Premature end of file.
2025-12-17 11:59:58,317 [ERROR] LogOutputStream:75 - [STDERR_REDIRECT] 
2025-12-17 11:59:59,328 [ERROR] LogOutputStream:75 - [STDERR_REDIRECT] [Fatal Error] :1:1: Premature end of file.
2025-12-17 11:59:59,328 [ERROR] LogOutputStream:75 - [STDERR_REDIRECT] 
2025-12-17 12:00:00,319 [ERROR] LogOutputStream:75 - [STDERR_REDIRECT] [Fatal Error] :1:1: Premature end of file.
2025-12-17 12:00:00,319 [ERROR] LogOutputStream:75 - [STDERR_REDIRECT] 
2025-12-17 12:00:01,313 [ERROR] LogOutputStream:75 - [STDERR_REDIRECT] [Fatal Error] :1:1: Premature end of file.
2025-12-17 12:00:01,313 [ERROR] LogOutputStream:75 - [STDERR_REDIRECT] 
2025-12-17 12:00:02,321 [ERROR] LogOutputStream:75 - [STDERR_REDIRECT] [Fatal Error] :1:1: Premature end of file.
2025-12-17 12:00:02,321 [ERROR] LogOutputStream:75 - [STDERR_REDIRECT] 
2025-12-17 12:00:03,325 [ERROR] LogOutputStream:75 - [STDERR_REDIRECT] [Fatal Error] :1:1: Premature end of file.
2025-12-17 12:00:03,325 [ERROR] LogOutputStream:75 - [STDERR_REDIRECT] 
2025-12-17 12:00:04,321 [ERROR] LogOutputStream:75 - [STDERR_REDIRECT] [Fatal Error] :1:1: Premature end of file.
2025-12-17 12:00:04,321 [ERROR] LogOutputStream:75 - [STDERR_REDIRECT] 
2025-12-17 12:00:05,318 [ERROR] LogOutputStream:75 - [STDERR_REDIRECT] [Fatal Error] :1:1: Premature end of file.
2025-12-17 12:00:05,318 [ERROR] LogOutputStream:75 - [STDERR_REDIRECT] 
2025-12-17 12:00:06,327 [ERROR] LogOutputStream:75 - [STDERR_REDIRECT] [Fatal Error] :1:1: Premature end of file.
2025-12-17 12:00:06,327 [ERROR] LogOutputStream:75 - [STDERR_REDIRECT] 
2025-12-17 12:00:07,324 [ERROR] LogOutputStream:75 - [STDERR_REDIRECT] [Fatal Error] :1:1: Premature end of file.
2025-12-17 12:00:07,324 [ERROR] LogOutputStream:75 - [STDERR_REDIRECT] 
2025-12-17 12:00:08,319 [ERROR] LogOutputStream:75 - [STDERR_REDIRECT] [Fatal Error] :1:1: Premature end of file.
2025-12-17 12:00:08,319 [ERROR] LogOutputStream:75 - [STDERR_REDIRECT] 
2025-12-17 12:00:09,320 [ERROR] LogOutputStream:75 - [STDERR_REDIRECT] [Fatal Error] :1:1: Premature end of file.
2025-12-17 12:00:09,320 [ERROR] LogOutputStream:75 - [STDERR_REDIRECT] 
2025-12-17 12:00:10,338 [ERROR] LogOutputStream:75 - [STDERR_REDIRECT] [Fatal Error] :1:1: Premature end of file.
2025-12-17 12:00:10,338 [ERROR] LogOutputStream:75 - [STDERR_REDIRECT] 
2025-12-17 12:00:11,359 [ERROR] LogOutputStream:75 - [STDERR_REDIRECT] [Fatal Error] :1:1: Premature end of file.
2025-12-17 12:00:11,359 [ERROR] LogOutputStream:75 - [STDERR_REDIRECT] 
2025-12-17 12:00:12,343 [ERROR] LogOutputStream:75 - [STDERR_REDIRECT] [Fatal Error] :1:1: Premature end of file.
2025-12-17 12:00:12,343 [ERROR] LogOutputStream:75 - [STDERR_REDIRECT] 
2025-12-17 12:00:13,353 [ERROR] LogOutputStream:75 - [STDERR_REDIRECT] [Fatal Error] :1:1: Premature end of file.
2025-12-17 12:00:13,353 [ERROR] LogOutputStream:75 - [STDERR_REDIRECT] 
2025-12-17 12:00:14,326 [ERROR] LogOutputStream:75 - [STDERR_REDIRECT] [Fatal Error] :1:1: Premature end of file.
2025-12-17 12:00:14,326 [ERROR] LogOutputStream:75 - [STDERR_REDIRECT] 
2025-12-17 12:00:15,320 [ERROR] LogOutputStream:75 - [STDERR_REDIRECT] [Fatal Error] :1:1: Premature end of file.
2025-12-17 12:00:15,320 [ERROR] LogOutputStream:75 - [STDERR_REDIRECT] 
2025-12-17 12:00:16,321 [ERROR] LogOutputStream:75 - [STDERR_REDIRECT] [Fatal Error] :1:1: Premature end of file.
2025-12-17 12:00:16,321 [ERROR] LogOutputStream:75 - [STDERR_REDIRECT] 
2025-12-17 12:00:17,327 [ERROR] LogOutputStream:75 - [STDERR_REDIRECT] [Fatal Error] :1:1: Premature end of file.
2025-12-17 12:00:17,327 [ERROR] LogOutputStream:75 - [STDERR_REDIRECT] 
2025-12-17 12:00:18,321 [ERROR] LogOutputStream:75 - [STDERR_REDIRECT] [Fatal Error] :1:1: Premature end of file.
2025-12-17 12:00:18,321 [ERROR] LogOutputStream:75 - [STDERR_REDIRECT] 
2025-12-17 12:00:19,322 [ERROR] LogOutputStream:75 - [STDERR_REDIRECT] [Fatal Error] :1:1: Premature end of file.
2025-12-17 12:00:19,322 [ERROR] LogOutputStream:75 - [STDERR_REDIRECT] 
2025-12-17 12:00:20,315 [ERROR] LogOutputStream:75 - [STDERR_REDIRECT] [Fatal Error] :1:1: Premature end of file.
2025-12-17 12:00:20,315 [ERROR] LogOutputStream:75 - [STDERR_REDIRECT] 
2025-12-17 12:00:21,329 [ERROR] LogOutputStream:75 - [STDERR_REDIRECT] [Fatal Error] :1:1: Premature end of file.
2025-12-17 12:00:21,329 [ERROR] LogOutputStream:75 - [STDERR_REDIRECT] 
2025-12-17 12:00:22,321 [ERROR] LogOutputStream:75 - [STDERR_REDIRECT] [Fatal Error] :1:1: Premature end of file.
2025-12-17 12:00:22,321 [ERROR] LogOutputStream:75 - [STDERR_REDIRECT] 
2025-12-17 12:00:23,311 [ERROR] LogOutputStream:75 - [STDERR_REDIRECT] [Fatal Error] :1:1: Premature end of file.
2025-12-17 12:00:23,311 [ERROR] LogOutputStream:75 - [STDERR_REDIRECT] 
